Mod:Item:MetaData, Localized Name
minecraft:stone, Stone
minecraft:grass, Grass Block
minecraft:dirt:0, Dirt
minecraft:dirt:2, Podzol
minecraft:cobblestone, Cobblestone
minecraft:planks:0, Oak Wood Planks
minecraft:planks:1, Spruce Wood Planks
minecraft:planks:2, Birch Wood Planks
minecraft:planks:3, Jungle Wood Planks
minecraft:planks:4, Acacia Wood Planks
minecraft:planks:5, Dark Oak Wood Planks
minecraft:sapling:0, Oak Sapling
minecraft:sapling:1, Spruce Sapling
minecraft:sapling:2, Birch Sapling
minecraft:sapling:3, Jungle Sapling
minecraft:sapling:4, Acacia Sapling
minecraft:sapling:5, Dark Oak Sapling
minecraft:bedrock, Bedrock
minecraft:flowing_water, Water
minecraft:water, Water
minecraft:flowing_lava, Lava
minecraft:lava, Lava
minecraft:sand:0, Sand
minecraft:sand:1, Red Sand
minecraft:gravel, Gravel
minecraft:gold_ore, Gold Ore
minecraft:iron_ore, Iron Ore
minecraft:coal_ore, Coal Ore
minecraft:log:0, Oak Wood
minecraft:log:1, Spruce Wood
minecraft:log:2, Birch Wood
minecraft:log:3, Jungle Wood
minecraft:leaves:0, Oak Leaves
minecraft:leaves:1, Spruce Leaves
minecraft:leaves:2, Birch Leaves
minecraft:leaves:3, Jungle Leaves
minecraft:sponge, Sponge
minecraft:glass, Glass
minecraft:lapis_ore, Lapis Lazuli Ore
minecraft:lapis_block, Lapis Lazuli Block
minecraft:dispenser, Dispenser
minecraft:sandstone:0, Sandstone
minecraft:sandstone:1, Chiseled Sandstone
minecraft:sandstone:2, Smooth Sandstone
minecraft:noteblock, Note Block
minecraft:golden_rail, Powered Rail
minecraft:detector_rail, Detector Rail
minecraft:sticky_piston, Sticky Piston
minecraft:web, Cobweb
minecraft:tallgrass:1, Grass
minecraft:tallgrass:2, Fern
minecraft:deadbush, Dead Bush
minecraft:piston, Piston
minecraft:wool:0, Wool
minecraft:wool:1, Orange Wool
minecraft:wool:2, Magenta Wool
minecraft:wool:3, Light Blue Wool
minecraft:wool:4, Yellow Wool
minecraft:wool:5, Lime Wool
minecraft:wool:6, Pink Wool
minecraft:wool:7, Gray Wool
minecraft:wool:8, Light Gray Wool
minecraft:wool:9, Cyan Wool
minecraft:wool:10, Purple Wool
minecraft:wool:11, Blue Wool
minecraft:wool:12, Brown Wool
minecraft:wool:13, Green Wool
minecraft:wool:14, Red Wool
minecraft:wool:15, Black Wool
minecraft:yellow_flower:0, Dandelion
minecraft:red_flower:0, Poppy
minecraft:red_flower:1, Blue Orchid
minecraft:red_flower:2, Allium
minecraft:red_flower:3, Azure Bluet
minecraft:red_flower:4, Red Tulip
minecraft:red_flower:5, Orange Tulip
minecraft:red_flower:6, White Tulip
minecraft:red_flower:7, Pink Tulip
minecraft:red_flower:8, Oxeye Daisy
minecraft:brown_mushroom, Mushroom
minecraft:red_mushroom, Mushroom
minecraft:gold_block, Block of Gold
minecraft:iron_block, Block of Iron
minecraft:stone_slab:0, Stone Slab
minecraft:stone_slab:1, Sandstone Slab
minecraft:stone_slab:3, Cobblestone Slab
minecraft:stone_slab:4, Bricks Slab
minecraft:stone_slab:5, Stone Bricks Slab
minecraft:stone_slab:6, Nether Brick Slab
minecraft:stone_slab:7, Quartz Slab
minecraft:brick_block, Bricks
minecraft:tnt, TNT
minecraft:bookshelf, Bookshelf
minecraft:mossy_cobblestone, Moss Stone
minecraft:obsidian, Obsidian
minecraft:torch, Torch
minecraft:fire, Fire
minecraft:mob_spawner:0, Monster Spawner
minecraft:oak_stairs, Oak Wood Stairs
minecraft:chest, Chest
minecraft:diamond_ore, Diamond Ore
minecraft:diamond_block, Block of Diamond
minecraft:crafting_table, Crafting Table
minecraft:farmland, Farmland
minecraft:furnace, Furnace
minecraft:lit_furnace, Furnace
minecraft:ladder, Ladder
minecraft:rail, Rail
minecraft:stone_stairs, Stone Stairs
minecraft:lever, Lever
minecraft:stone_pressure_plate, Pressure Plate
minecraft:wooden_pressure_plate, Pressure Plate
minecraft:redstone_ore, Redstone Ore
minecraft:redstone_torch, Redstone Torch
minecraft:stone_button, Button
minecraft:snow_layer:0, Snow
minecraft:ice, Ice
minecraft:snow, Snow
minecraft:cactus, Cactus
minecraft:clay, Clay
minecraft:jukebox, Jukebox
minecraft:fence, Fence
minecraft:pumpkin, Pumpkin
minecraft:netherrack, Netherrack
minecraft:soul_sand, Soul Sand
minecraft:glowstone, Glowstone
minecraft:portal, Portal
minecraft:lit_pumpkin, Jack o'Lantern
minecraft:stained_glass:0, White Stained Glass
minecraft:stained_glass:1, Orange Stained Glass
minecraft:stained_glass:2, Magenta Stained Glass
minecraft:stained_glass:3, Light Blue Stained Glass
minecraft:stained_glass:4, Yellow Stained Glass
minecraft:stained_glass:5, Lime Stained Glass
minecraft:stained_glass:6, Pink Stained Glass
minecraft:stained_glass:7, Gray Stained Glass
minecraft:stained_glass:8, Light Gray Stained Glass
minecraft:stained_glass:9, Cyan Stained Glass
minecraft:stained_glass:10, Purple Stained Glass
minecraft:stained_glass:11, Blue Stained Glass
minecraft:stained_glass:12, Brown Stained Glass
minecraft:stained_glass:13, Green Stained Glass
minecraft:stained_glass:14, Red Stained Glass
minecraft:stained_glass:15, Black Stained Glass
minecraft:trapdoor, Trapdoor
minecraft:monster_egg:0, Stone Monster Egg
minecraft:monster_egg:1, Cobblestone Monster Egg
minecraft:monster_egg:2, Stone Brick Monster Egg
minecraft:monster_egg:3, Mossy Stone Brick Monster Egg
minecraft:monster_egg:4, Cracked Stone Brick Monster Egg
minecraft:monster_egg:5, Chiseled Stone Brick Monster Egg
minecraft:stonebrick:0, Stone Bricks
minecraft:stonebrick:1, Mossy Stone Bricks
minecraft:stonebrick:2, Cracked Stone Bricks
minecraft:stonebrick:3, Chiseled Stone Bricks
minecraft:brown_mushroom_block, Mushroom
minecraft:red_mushroom_block, Mushroom
minecraft:iron_bars, Iron Bars
minecraft:glass_pane, Glass Pane
minecraft:melon_block, Melon
minecraft:vine, Vines
minecraft:fence_gate, Fence Gate
minecraft:brick_stairs, Brick Stairs
minecraft:stone_brick_stairs, Stone Brick Stairs
minecraft:mycelium, Mycelium
minecraft:waterlily, Lily Pad
minecraft:nether_brick, Nether Brick
minecraft:nether_brick_fence, Nether Brick Fence
minecraft:nether_brick_stairs, Nether Brick Stairs
minecraft:enchanting_table, Enchantment Table
minecraft:end_portal, End Portal
minecraft:end_portal_frame, End Portal
minecraft:end_stone, End Stone
minecraft:dragon_egg, Dragon Egg
minecraft:redstone_lamp, Redstone Lamp
minecraft:wooden_slab:0, Oak Wood Slab
minecraft:wooden_slab:1, Spruce Wood Slab
minecraft:wooden_slab:2, Birch Wood Slab
minecraft:wooden_slab:3, Jungle Wood Slab
minecraft:wooden_slab:4, Acacia Wood Slab
minecraft:wooden_slab:5, Dark Oak Wood Slab
minecraft:cocoa, Cocoa
minecraft:sandstone_stairs, Sandstone Stairs
minecraft:emerald_ore, Emerald Ore
minecraft:ender_chest, Ender Chest
minecraft:tripwire_hook, Tripwire Hook
minecraft:emerald_block, Block of Emerald
minecraft:spruce_stairs, Spruce Wood Stairs
minecraft:birch_stairs, Birch Wood Stairs
minecraft:jungle_stairs, Jungle Wood Stairs
minecraft:command_block, Command Block
minecraft:beacon, Beacon
minecraft:cobblestone_wall:0, Cobblestone Wall
minecraft:cobblestone_wall:1, Mossy Cobblestone Wall
minecraft:carrots, Carrots
minecraft:potatoes, Potatoes
minecraft:wooden_button, Button
minecraft:anvil:0, Anvil
minecraft:anvil:1, Slightly Damaged Anvil
minecraft:anvil:2, Very Damaged Anvil
minecraft:trapped_chest, Trapped Chest
minecraft:light_weighted_pressure_plate, Weighted Pressure Plate (Light)
minecraft:heavy_weighted_pressure_plate, Weighted Pressure Plate (Heavy)
minecraft:daylight_detector, Daylight Sensor
minecraft:redstone_block, Block of Redstone
minecraft:quartz_ore, Nether Quartz Ore
minecraft:hopper, Hopper
minecraft:quartz_block:0, Block of Quartz
minecraft:quartz_block:1, Chiseled Quartz Block
minecraft:quartz_block:2, Pillar Quartz Block
minecraft:quartz_stairs, Quartz Stairs
minecraft:activator_rail, Activator Rail
minecraft:dropper, Dropper
minecraft:stained_hardened_clay:0, White Stained Clay
minecraft:stained_hardened_clay:1, Orange Stained Clay
minecraft:stained_hardened_clay:2, Magenta Stained Clay
minecraft:stained_hardened_clay:3, Light Blue Stained Clay
minecraft:stained_hardened_clay:4, Yellow Stained Clay
minecraft:stained_hardened_clay:5, Lime Stained Clay
minecraft:stained_hardened_clay:6, Pink Stained Clay
minecraft:stained_hardened_clay:7, Gray Stained Clay
minecraft:stained_hardened_clay:8, Light Gray Stained Clay
minecraft:stained_hardened_clay:9, Cyan Stained Clay
minecraft:stained_hardened_clay:10, Purple Stained Clay
minecraft:stained_hardened_clay:11, Blue Stained Clay
minecraft:stained_hardened_clay:12, Brown Stained Clay
minecraft:stained_hardened_clay:13, Green Stained Clay
minecraft:stained_hardened_clay:14, Red Stained Clay
minecraft:stained_hardened_clay:15, Black Stained Clay
minecraft:stained_glass_pane:0, White Stained Glass Pane
minecraft:stained_glass_pane:1, Orange Stained Glass Pane
minecraft:stained_glass_pane:2, Magenta Stained Glass Pane
minecraft:stained_glass_pane:3, Light Blue Stained Glass Pane
minecraft:stained_glass_pane:4, Yellow Stained Glass Pane
minecraft:stained_glass_pane:5, Lime Stained Glass Pane
minecraft:stained_glass_pane:6, Pink Stained Glass Pane
minecraft:stained_glass_pane:7, Gray Stained Glass Pane
minecraft:stained_glass_pane:8, Light Gray Stained Glass Pane
minecraft:stained_glass_pane:9, Cyan Stained Glass Pane
minecraft:stained_glass_pane:10, Purple Stained Glass Pane
minecraft:stained_glass_pane:11, Blue Stained Glass Pane
minecraft:stained_glass_pane:12, Brown Stained Glass Pane
minecraft:stained_glass_pane:13, Green Stained Glass Pane
minecraft:stained_glass_pane:14, Red Stained Glass Pane
minecraft:stained_glass_pane:15, Black Stained Glass Pane
minecraft:leaves2:0, Acacia Leaves
minecraft:leaves2:1, Dark Oak Leaves
minecraft:log2:0, Acacia Wood
minecraft:log2:1, Dark Oak Wood
minecraft:acacia_stairs, Acacia Wood Stairs
minecraft:dark_oak_stairs, Dark Oak Wood Stairs
adventurebackpack:blockBackpack, Adventure Backpacks
adventurebackpack:blockSleepingBag, Sleeping Bag
adventurebackpack:blockCampFire, CampFire
appliedenergistics2:tile.OreQuartz, Certus Quartz Ore
appliedenergistics2:tile.OreQuartzCharged, Charged Certus Quartz Ore
minecraft:hay_block, Hay Bale
minecraft:carpet:0, Carpet
minecraft:carpet:1, Orange Carpet
minecraft:carpet:2, Magenta Carpet
minecraft:carpet:3, Light Blue Carpet
minecraft:carpet:4, Yellow Carpet
minecraft:carpet:5, Lime Carpet
minecraft:carpet:6, Pink Carpet
minecraft:carpet:7, Gray Carpet
minecraft:carpet:8, Light Gray Carpet
minecraft:carpet:9, Cyan Carpet
minecraft:carpet:10, Purple Carpet
minecraft:carpet:11, Blue Carpet
minecraft:carpet:12, Brown Carpet
minecraft:carpet:13, Green Carpet
minecraft:carpet:14, Red Carpet
minecraft:carpet:15, Black Carpet
minecraft:hardened_clay, Hardened Clay
minecraft:coal_block, Block of Coal
minecraft:packed_ice, Packed Ice
minecraft:double_plant:0, Sunflower
minecraft:double_plant:1, Lilac
minecraft:double_plant:2, Double Tallgrass
minecraft:double_plant:3, Large Fern
minecraft:double_plant:4, Rose Bush
minecraft:double_plant:5, Peony
appliedenergistics2:tile.BlockMatrixFrame, Matrix Frame
appliedenergistics2:tile.BlockQuartz, Certus Quartz Block
appliedenergistics2:tile.BlockQuartzPillar, Certus Quartz Pillar
appliedenergistics2:tile.BlockQuartzChiseled, Chiseled Certus Quartz Block
appliedenergistics2:tile.BlockQuartzGlass, Quartz Glass
appliedenergistics2:tile.BlockQuartzLamp, Vibrant Quartz Glass
appliedenergistics2:tile.BlockQuartzTorch, Charged Quartz Fixture
appliedenergistics2:tile.BlockFluix, Fluix Block
appliedenergistics2:tile.BlockSkyStone:0, Sky Stone
appliedenergistics2:tile.BlockSkyStone:1, Sky Stone Block
appliedenergistics2:tile.BlockSkyStone:2, Sky Stone Brick
appliedenergistics2:tile.BlockSkyStone:3, Sky Stone Small Brick
appliedenergistics2:tile.BlockSkyChest:0, Sky Stone Chest
appliedenergistics2:tile.BlockSkyChest:1, Sky Stone Block Chest
appliedenergistics2:tile.BlockGrinder, Quartz Grindstone
appliedenergistics2:tile.BlockCrank, Wooden Crank
appliedenergistics2:tile.BlockWireless, ME Wireless Access Point
appliedenergistics2:tile.BlockCharger, Charger
appliedenergistics2:tile.BlockTinyTNT, Tiny TNT
appliedenergistics2:tile.BlockSecurity, ME Security Terminal
appliedenergistics2:tile.BlockStorageReshuffle, ME Storage Reshuffle
appliedenergistics2:tile.BlockQuantumRing, ME Quantum Ring
appliedenergistics2:tile.BlockQuantumLinkChamber, ME Quantum Link Chamber
appliedenergistics2:tile.BlockSpatialPylon, Spatial Pylon
appliedenergistics2:tile.BlockSpatialIOPort, Spatial IO Port
appliedenergistics2:tile.BlockSpatialLinkChamber, Spatial Link Chamber
appliedenergistics2:tile.BlockSpatialNetworkRelay, Spatial Network Relay
appliedenergistics2:tile.BlockCableBus, AE2 Cable and/or Bus
appliedenergistics2:tile.BlockController, ME Controller
appliedenergistics2:tile.BlockCreativeEnergyController, ME Self-Powered Controller
appliedenergistics2:tile.BlockDrive, ME Drive
appliedenergistics2:tile.BlockChest, ME Chest
appliedenergistics2:tile.BlockInterface, ME Interface
appliedenergistics2:tile.BlockCellWorkbench, Cell Workbench
appliedenergistics2:tile.BlockIOPort, ME IO Port
appliedenergistics2:tile.BlockCondenser, Matter Condenser
appliedenergistics2:tile.BlockEnergyAcceptor, Energy Acceptor
appliedenergistics2:tile.BlockVibrationChamber, Vibration Chamber
appliedenergistics2:tile.BlockQuartzGrowthAccelerator, Crystal Growth Accelerator
appliedenergistics2:tile.BlockEnergyCell, Energy Cell
appliedenergistics2:tile.BlockDenseEnergyCell, Dense Energy Cell
appliedenergistics2:tile.BlockCreativeEnergyCell, Creative Energy Cell
appliedenergistics2:tile.BlockCraftingUnit:0, Crafting Unit
appliedenergistics2:tile.BlockCraftingUnit:1, Crafting Co-Processing Unit
appliedenergistics2:tile.BlockCraftingUnit:2, Quad Core Co-Processing Unit
appliedenergistics2:tile.BlockCraftingUnit:3, 16 Core Co-Processing Unit
appliedenergistics2:tile.BlockAdvancedCraftingUnit:0, 64 Core Co-Processing Unit
appliedenergistics2:tile.BlockAdvancedCraftingUnit:1, 256 Core Co-Processing Unit
appliedenergistics2:tile.BlockAdvancedCraftingUnit:2, 1024 Core Co-Processing Unit
appliedenergistics2:tile.BlockAdvancedCraftingUnit:3, 4096 Core Co-Processing Unit
appliedenergistics2:tile.BlockCraftingStorage:0, §61k§r Crafting Storage
appliedenergistics2:tile.BlockCraftingStorage:1, §e4k§r Crafting Storage
appliedenergistics2:tile.BlockCraftingStorage:2, §a16k§r Crafting Storage
appliedenergistics2:tile.BlockCraftingStorage:3, §b64k§r Crafting Storage
appliedenergistics2:tile.BlockAdvancedCraftingStorage:0, §9256k§r Crafting Storage
appliedenergistics2:tile.BlockAdvancedCraftingStorage:1, §d1024k§r Crafting Storage
appliedenergistics2:tile.BlockAdvancedCraftingStorage:2, §c4096k§r Crafting Storage
appliedenergistics2:tile.BlockAdvancedCraftingStorage:3, §516384k§r Crafting Storage
appliedenergistics2:tile.BlockSingularityCraftingStorage:0, Singularity Crafting Storage
appliedenergistics2:tile.BlockCraftingMonitor:0, Crafting Monitor
appliedenergistics2:tile.BlockMolecularAssembler, Molecular Assembler
appliedenergistics2:tile.BlockLightDetector, Light Detecting Fixture
appliedenergistics2:tile.BlockPaint, Paint
appliedenergistics2:tile.BlockPatternOptimizationMatrix, Pattern Optimization Matrix
appliedenergistics2:tile.SkyStoneStairBlock, Sky Stone Stairs
appliedenergistics2:tile.SkyStoneBlockStairBlock, Sky Stone Block Stairs
appliedenergistics2:tile.SkyStoneBrickStairBlock, Sky Stone Brick Stairs
appliedenergistics2:tile.SkyStoneSmallBrickStairBlock, Sky Stone Small Brick Stairs
appliedenergistics2:tile.FluixStairBlock, Fluix Stairs
appliedenergistics2:tile.QuartzStairBlock, Certus Quartz Stairs
appliedenergistics2:tile.ChiseledQuartzStairBlock, Chiseled Certus Quartz Stairs
appliedenergistics2:tile.QuartzPillarStairBlock, Certus Quartz Pillar Stairs
appliedenergistics2:tile.SkyStoneSlabBlock:0, Sky Stone Slab
appliedenergistics2:tile.SkyStoneSlabBlock.double:0, Sky Stone Slab
appliedenergistics2:tile.SkyStoneBlockSlabBlock:0, Sky Stone Block Slab
appliedenergistics2:tile.SkyStoneBlockSlabBlock.double:0, Sky Stone Block Slab
appliedenergistics2:tile.SkyStoneBrickSlabBlock:0, Sky Stone Brick Slab
appliedenergistics2:tile.SkyStoneBrickSlabBlock.double:0, Sky Stone Brick Slab
appliedenergistics2:tile.SkyStoneSmallBrickSlabBlock:0, Sky Stone Small Brick Slab
appliedenergistics2:tile.SkyStoneSmallBrickSlabBlock.double:0, Sky Stone Small Brick Slab
appliedenergistics2:tile.FluixSlabBlock:0, Fluix Slab
appliedenergistics2:tile.FluixSlabBlock.double:0, Fluix Slab
appliedenergistics2:tile.QuartzSlabBlock:0, Certus Quartz Slab
appliedenergistics2:tile.QuartzSlabBlock.double:0, Certus Quartz Slab
appliedenergistics2:tile.ChiseledQuartzSlabBlock:0, Chiseled Certus Quartz Slab
appliedenergistics2:tile.ChiseledQuartzSlabBlock.double:0, Chiseled Certus Quartz Slab
appliedenergistics2:tile.QuartzPillarSlabBlock:0, Certus Quartz Pillar Slab
appliedenergistics2:tile.QuartzPillarSlabBlock.double:0, Certus Quartz Pillar Slab
appliedenergistics2:tile.BlockSuperMEReplenisher, Super ME Replenisher
appliedenergistics2:tile.BlockWirelessConnector:0, Wireless Connector
appliedenergistics2:tile.BlockWirelessConnector:1, Wireless Connector
appliedenergistics2:tile.BlockWirelessConnector:2, Wireless Connector
appliedenergistics2:tile.BlockWirelessConnector:3, Wireless Connector
appliedenergistics2:tile.BlockWirelessConnector:4, Wireless Connector
appliedenergistics2:tile.BlockWirelessConnector:5, Wireless Connector
appliedenergistics2:tile.BlockWirelessConnector:6, Wireless Connector
appliedenergistics2:tile.BlockWirelessConnector:7, Wireless Connector
appliedenergistics2:tile.BlockWirelessConnector:8, Wireless Connector
appliedenergistics2:tile.BlockWirelessConnector:9, Wireless Connector
appliedenergistics2:tile.BlockWirelessConnector:10, Wireless Connector
appliedenergistics2:tile.BlockWirelessConnector:11, Wireless Connector
appliedenergistics2:tile.BlockWirelessConnector:12, Wireless Connector
appliedenergistics2:tile.BlockWirelessConnector:13, Wireless Connector
appliedenergistics2:tile.BlockWirelessConnector:14, Wireless Connector
appliedenergistics2:tile.BlockWirelessConnector:15, Wireless Connector
appliedenergistics2:tile.BlockWirelessConnector:16, Wireless Connector
appliedenergistics2:tile.BlockWirelessHub:0, Wireless Hub
appliedenergistics2:tile.BlockWirelessHub:1, Wireless Hub
appliedenergistics2:tile.BlockWirelessHub:2, Wireless Hub
appliedenergistics2:tile.BlockWirelessHub:3, Wireless Hub
appliedenergistics2:tile.BlockWirelessHub:4, Wireless Hub
appliedenergistics2:tile.BlockWirelessHub:5, Wireless Hub
appliedenergistics2:tile.BlockWirelessHub:6, Wireless Hub
appliedenergistics2:tile.BlockWirelessHub:7, Wireless Hub
appliedenergistics2:tile.BlockWirelessHub:8, Wireless Hub
appliedenergistics2:tile.BlockWirelessHub:9, Wireless Hub
appliedenergistics2:tile.BlockWirelessHub:10, Wireless Hub
appliedenergistics2:tile.BlockWirelessHub:11, Wireless Hub
appliedenergistics2:tile.BlockWirelessHub:12, Wireless Hub
appliedenergistics2:tile.BlockWirelessHub:13, Wireless Hub
appliedenergistics2:tile.BlockWirelessHub:14, Wireless Hub
appliedenergistics2:tile.BlockWirelessHub:15, Wireless Hub
appliedenergistics2:tile.BlockWirelessHub:16, Wireless Hub
appliedenergistics2:tile.BlockCrystalGrowthChamber, Crystal Growth Chamber
ae2stuff:Encoder, Pattern Encoder
ae2stuff:Grower, Crystal Growth Chamber
ae2stuff:Inscriber, Advanced Inscriber
ae2stuff:Wireless:0, Wireless Connector
ae2stuff:Wireless:1, Wireless Connector
ae2stuff:Wireless:2, Wireless Connector
ae2stuff:Wireless:3, Wireless Connector
ae2stuff:Wireless:4, Wireless Connector
ae2stuff:Wireless:5, Wireless Connector
ae2stuff:Wireless:6, Wireless Connector
ae2stuff:Wireless:7, Wireless Connector
ae2stuff:Wireless:8, Wireless Connector
ae2stuff:Wireless:9, Wireless Connector
ae2stuff:Wireless:10, Wireless Connector
ae2stuff:Wireless:11, Wireless Connector
ae2stuff:Wireless:12, Wireless Connector
ae2stuff:Wireless:13, Wireless Connector
ae2stuff:Wireless:14, Wireless Connector
ae2stuff:Wireless:15, Wireless Connector
ae2stuff:Wireless:16, Wireless Connector
ae2stuff:Wireless:17, Wireless Connector
ae2stuff:Wireless:18, Wireless Connector
ae2stuff:Wireless:19, Wireless Connector
ae2stuff:Wireless:20, Wireless Connector
ae2stuff:Wireless:21, Wireless Connector
ae2stuff:Wireless:22, Wireless Connector
ae2stuff:Wireless:23, Wireless Connector
ae2stuff:Wireless:24, Wireless Connector
ae2stuff:Wireless:25, Wireless Connector
ae2stuff:Wireless:26, Wireless Connector
ae2stuff:Wireless:27, Wireless Connector
ae2stuff:Wireless:28, Wireless Connector
ae2stuff:Wireless:29, Wireless Connector
ae2stuff:Wireless:30, Wireless Connector
ae2stuff:Wireless:31, Wireless Connector
ae2stuff:Wireless:32, Wireless Connector
ae2stuff:Wireless:33, Wireless Connector
minecraft:iron_shovel, Iron Shovel
minecraft:iron_pickaxe, Iron Pickaxe
minecraft:iron_axe, Iron Axe
minecraft:flint_and_steel, Flint and Steel
minecraft:apple, Apple
minecraft:bow, Bow
minecraft:arrow, Arrow
minecraft:coal:0, Coal
minecraft:coal:1, Charcoal
minecraft:diamond, Diamond
minecraft:iron_ingot, Iron Ingot
minecraft:gold_ingot, Gold Ingot
minecraft:iron_sword, Iron Sword
minecraft:wooden_sword, Wooden Sword
minecraft:wooden_shovel, Wooden Shovel
minecraft:wooden_pickaxe, Wooden Pickaxe
minecraft:wooden_axe, Wooden Axe
minecraft:stone_sword, Stone Sword
minecraft:stone_shovel, Stone Shovel
minecraft:stone_pickaxe, Stone Pickaxe
minecraft:stone_axe, Stone Axe
minecraft:diamond_sword, Diamond Sword
minecraft:diamond_shovel, Diamond Shovel
minecraft:diamond_pickaxe, Diamond Pickaxe
minecraft:diamond_axe, Diamond Axe
minecraft:stick, Stick
minecraft:bowl, Bowl
minecraft:mushroom_stew, Mushroom Stew
minecraft:golden_sword, Golden Sword
minecraft:golden_shovel, Golden Shovel
minecraft:golden_pickaxe, Golden Pickaxe
minecraft:golden_axe, Golden Axe
minecraft:string, String
minecraft:feather, Feather
minecraft:gunpowder, Gunpowder
minecraft:wooden_hoe, Wooden Hoe
minecraft:stone_hoe, Stone Hoe
minecraft:iron_hoe, Iron Hoe
minecraft:diamond_hoe, Diamond Hoe
minecraft:golden_hoe, Golden Hoe
minecraft:wheat_seeds, Seeds
minecraft:wheat, Wheat
minecraft:bread, Bread
minecraft:leather_helmet, Leather Cap
minecraft:leather_chestplate, Leather Tunic
minecraft:leather_leggings, Leather Pants
minecraft:leather_boots, Leather Boots
minecraft:chainmail_helmet, Chain Helmet
minecraft:chainmail_chestplate, Chain Chestplate
minecraft:chainmail_leggings, Chain Leggings
minecraft:chainmail_boots, Chain Boots
minecraft:iron_helmet, Iron Helmet
minecraft:iron_chestplate, Iron Chestplate
minecraft:iron_leggings, Iron Leggings
minecraft:iron_boots, Iron Boots
minecraft:diamond_helmet, Diamond Helmet
minecraft:diamond_chestplate, Diamond Chestplate
minecraft:diamond_leggings, Diamond Leggings
minecraft:diamond_boots, Diamond Boots
minecraft:golden_helmet, Golden Helmet
minecraft:golden_chestplate, Golden Chestplate
minecraft:golden_leggings, Golden Leggings
minecraft:golden_boots, Golden Boots
minecraft:flint, Flint
minecraft:porkchop, Raw Porkchop
minecraft:cooked_porkchop, Cooked Porkchop
minecraft:painting, Painting
minecraft:golden_apple:0, Golden Apple
minecraft:golden_apple:1, Golden Apple
minecraft:sign, Sign
minecraft:wooden_door, Wooden Door
minecraft:bucket, Bucket
minecraft:water_bucket, Water Bucket
minecraft:lava_bucket, Lava Bucket
minecraft:minecart, Minecart
minecraft:saddle, Saddle
minecraft:iron_door, Iron Door
minecraft:redstone, Redstone
minecraft:snowball, Snowball
minecraft:boat, Boat
minecraft:leather, Leather
minecraft:milk_bucket, Milk
minecraft:brick, Brick
minecraft:clay_ball, Clay
minecraft:reeds, Sugar Canes
minecraft:paper, Paper
minecraft:book, Book
minecraft:slime_ball, Slimeball
minecraft:chest_minecart, Minecart with Chest
minecraft:furnace_minecart, Minecart with Furnace
minecraft:egg, Egg
minecraft:compass, Compass
minecraft:fishing_rod, Fishing Rod
minecraft:clock, Clock
minecraft:glowstone_dust, Glowstone Dust
minecraft:fish:0, Raw Fish
minecraft:fish:1, Raw Salmon
minecraft:fish:2, Clownfish
minecraft:fish:3, Pufferfish
minecraft:cooked_fished:0, Cooked Fish
minecraft:cooked_fished:1, Cooked Salmon
minecraft:dye:0, Ink Sac
minecraft:dye:1, Rose Red
minecraft:dye:2, Cactus Green
minecraft:dye:3, Cocoa Beans
minecraft:dye:4, Lapis Lazuli
minecraft:dye:5, Purple Dye
minecraft:dye:6, Cyan Dye
minecraft:dye:7, Light Gray Dye
minecraft:dye:8, Gray Dye
minecraft:dye:9, Pink Dye
minecraft:dye:10, Lime Dye
minecraft:dye:11, Dandelion Yellow
minecraft:dye:12, Light Blue Dye
minecraft:dye:13, Magenta Dye
minecraft:dye:14, Orange Dye
minecraft:dye:15, Bone Meal
minecraft:bone, Bone
minecraft:sugar, Sugar
minecraft:cake, Cake
minecraft:bed, Bed
minecraft:repeater, Redstone Repeater
minecraft:cookie, Cookie
minecraft:filled_map:0, Map
minecraft:shears, Shears
minecraft:melon, Melon
minecraft:pumpkin_seeds, Pumpkin Seeds
minecraft:melon_seeds, Melon Seeds
minecraft:beef, Raw Beef
minecraft:cooked_beef, Steak
minecraft:chicken, Raw Chicken
minecraft:cooked_chicken, Cooked Chicken
minecraft:rotten_flesh, Rotten Flesh
minecraft:ender_pearl, Ender Pearl
minecraft:blaze_rod, Blaze Rod
minecraft:ghast_tear, Ghast Tear
minecraft:gold_nugget, Gold Nugget
minecraft:nether_wart, Nether Wart
minecraft:potion:0, Water Bottle
minecraft:potion:8193, Potion of Regeneration
minecraft:potion:8225, Potion of Regeneration
minecraft:potion:8257, Potion of Regeneration
minecraft:potion:16385, Splash Potion of Regeneration
minecraft:potion:16417, Splash Potion of Regeneration
minecraft:potion:16449, Splash Potion of Regeneration
minecraft:potion:8194, Potion of Swiftness
minecraft:potion:8226, Potion of Swiftness
minecraft:potion:8258, Potion of Swiftness
minecraft:potion:16386, Splash Potion of Swiftness
minecraft:potion:16418, Splash Potion of Swiftness
minecraft:potion:16450, Splash Potion of Swiftness
minecraft:potion:8227, Potion of Fire Resistance
minecraft:potion:8259, Potion of Fire Resistance
minecraft:potion:16419, Splash Potion of Fire Resistance
minecraft:potion:16451, Splash Potion of Fire Resistance
minecraft:potion:8196, Potion of Poison
minecraft:potion:8228, Potion of Poison
minecraft:potion:8260, Potion of Poison
minecraft:potion:16388, Splash Potion of Poison
minecraft:potion:16420, Splash Potion of Poison
minecraft:potion:16452, Splash Potion of Poison
minecraft:potion:8261, Potion of Healing
minecraft:potion:8229, Potion of Healing
minecraft:potion:16453, Splash Potion of Healing
minecraft:potion:16421, Splash Potion of Healing
minecraft:potion:8230, Potion of Night Vision
minecraft:potion:8262, Potion of Night Vision
minecraft:potion:16422, Splash Potion of Night Vision
minecraft:potion:16454, Splash Potion of Night Vision
minecraft:potion:8232, Potion of Weakness
minecraft:potion:8264, Potion of Weakness
minecraft:potion:16424, Splash Potion of Weakness
minecraft:potion:16456, Splash Potion of Weakness
minecraft:potion:8201, Potion of Strength
minecraft:potion:8233, Potion of Strength
minecraft:potion:8265, Potion of Strength
minecraft:potion:16393, Splash Potion of Strength
minecraft:potion:16425, Splash Potion of Strength
minecraft:potion:16457, Splash Potion of Strength
minecraft:potion:8234, Potion of Slowness
minecraft:potion:8266, Potion of Slowness
minecraft:potion:16426, Splash Potion of Slowness
minecraft:potion:16458, Splash Potion of Slowness
minecraft:potion:8268, Potion of Harming
minecraft:potion:8236, Potion of Harming
minecraft:potion:16460, Splash Potion of Harming
minecraft:potion:16428, Splash Potion of Harming
minecraft:potion:8237, Potion of Water Breathing
minecraft:potion:8269, Potion of Water Breathing
minecraft:potion:16429, Splash Potion of Water Breathing
minecraft:potion:16461, Splash Potion of Water Breathing
minecraft:potion:8238, Potion of Invisibility
minecraft:potion:8270, Potion of Invisibility
minecraft:potion:16430, Splash Potion of Invisibility
minecraft:potion:16462, Splash Potion of Invisibility
minecraft:glass_bottle, Glass Bottle
minecraft:spider_eye, Spider Eye
minecraft:fermented_spider_eye, Fermented Spider Eye
minecraft:blaze_powder, Blaze Powder
minecraft:magma_cream, Magma Cream
minecraft:brewing_stand, Brewing Stand
minecraft:cauldron, Cauldron
minecraft:ender_eye, Eye of Ender
minecraft:speckled_melon, Glistering Melon
minecraft:spawn_egg:50, Spawn Creeper
minecraft:spawn_egg:51, Spawn Skeleton
minecraft:spawn_egg:52, Spawn Spider
minecraft:spawn_egg:54, Spawn Zombie
minecraft:spawn_egg:55, Spawn Slime
minecraft:spawn_egg:56, Spawn Ghast
minecraft:spawn_egg:57, Spawn Zombie Pigman
minecraft:spawn_egg:58, Spawn Enderman
minecraft:spawn_egg:59, Spawn Cave Spider
minecraft:spawn_egg:60, Spawn Silverfish
minecraft:spawn_egg:61, Spawn Blaze
minecraft:spawn_egg:62, Spawn Magma Cube
minecraft:spawn_egg:65, Spawn Bat
minecraft:spawn_egg:66, Spawn Witch
minecraft:spawn_egg:90, Spawn Pig
minecraft:spawn_egg:91, Spawn Sheep
minecraft:spawn_egg:92, Spawn Cow
minecraft:spawn_egg:93, Spawn Chicken
minecraft:spawn_egg:94, Spawn Squid
minecraft:spawn_egg:95, Spawn Wolf
minecraft:spawn_egg:96, Spawn Mooshroom
minecraft:spawn_egg:98, Spawn Ocelot
minecraft:spawn_egg:100, Spawn Horse
minecraft:spawn_egg:120, Spawn Villager
minecraft:spawn_egg:500, Spawn Mini UFO
minecraft:spawn_egg:501, Spawn entity.hbm.entity_war_behemoth.name
minecraft:spawn_egg:502, Spawn entity.hbm.entity_tankbot.name
minecraft:spawn_egg:503, Spawn Radioactive Angel
minecraft:spawn_egg:504, Spawn Nuclear Creeper
minecraft:spawn_egg:505, Spawn Tainted Creeper
minecraft:spawn_egg:506, Spawn Phosgene Creeper
minecraft:spawn_egg:507, Spawn Volatile Creeper
minecraft:spawn_egg:508, Spawn Golden Creeper
minecraft:spawn_egg:509, Spawn Flesh Creeper
minecraft:spawn_egg:510, Spawn Hunter Chopper
minecraft:spawn_egg:511, Spawn Cyber Crab
minecraft:spawn_egg:512, Spawn Tesla Crab
minecraft:spawn_egg:513, Spawn Taint Crab
minecraft:spawn_egg:514, Spawn Mask Man
minecraft:spawn_egg:515, Spawn Duck
minecraft:spawn_egg:516, Spawn Quackos The Elder One
minecraft:spawn_egg:517, Spawn Pigeon
minecraft:spawn_egg:518, Spawn Mun Cow
minecraft:spawn_egg:519, Spawn Scutterfish
minecraft:spawn_egg:520, Spawn Scuttlecrab
minecraft:spawn_egg:521, Spawn Depth Squid
minecraft:spawn_egg:522, Spawn Scrapfish
minecraft:spawn_egg:523, Spawn Sifter Eel
minecraft:spawn_egg:524, Spawn Macro UFO
minecraft:spawn_egg:525, Spawn FBI Agent
minecraft:spawn_egg:526, Spawn FBI Drone
minecraft:spawn_egg:527, Spawn Meltdown Elemental
minecraft:spawn_egg:528, Spawn Glyphid
minecraft:spawn_egg:529, Spawn Glyphid Brawler
minecraft:spawn_egg:530, Spawn Glyphid Behemoth
minecraft:spawn_egg:531, Spawn Brenda
minecraft:spawn_egg:532, Spawn Glyphid Bombardier
minecraft:spawn_egg:533, Spawn Glyphid Blaster
minecraft:spawn_egg:534, Spawn Glyphid Scout
minecraft:spawn_egg:535, Spawn Big Man Johnson
minecraft:spawn_egg:536, Spawn Glyphid Digger
minecraft:spawn_egg:537, Spawn Nether Glyphid
minecraft:spawn_egg:538, Spawn Nether Glyphid Scout
minecraft:spawn_egg:539, Spawn Nether Glyphid Bombardier
minecraft:spawn_egg:540, Spawn Nether Glyphid Brawler
minecraft:spawn_egg:541, Spawn Nether Glyphid Digger
minecraft:spawn_egg:542, Spawn Nether Glyphid Blaster
minecraft:spawn_egg:543, Spawn Nether Glyphid Behemoth
minecraft:spawn_egg:544, Spawn Nether Brenda
minecraft:spawn_egg:545, Spawn Nether Big Man Johnson
minecraft:spawn_egg:546, Spawn Plastic Bag
minecraft:spawn_egg:547, Spawn Parasitic Maggot
minecraft:spawn_egg:548, Spawn Bloatwisp
minecraft:spawn_egg:549, Spawn entity.hbm.entity_ntm_test_dummy.name
minecraft:spawn_egg:550, Spawn entity.hbm.entity_ntm_undead_soldier.name
minecraft:experience_bottle, Bottle o' Enchanting
minecraft:fire_charge, Fire Charge
minecraft:writable_book, Book and Quill
minecraft:written_book, Written Book
minecraft:emerald, Emerald
minecraft:item_frame, Item Frame
minecraft:flower_pot, Flower Pot
minecraft:carrot, Carrot
minecraft:potato, Potato
minecraft:baked_potato, Baked Potato
minecraft:poisonous_potato, Poisonous Potato
minecraft:map, Empty Map
minecraft:golden_carrot, Golden Carrot
minecraft:skull:0, Skeleton Skull
minecraft:skull:1, Wither Skeleton Skull
minecraft:skull:2, Zombie Head
minecraft:skull:3, Head
minecraft:skull:4, Creeper Head
minecraft:carrot_on_a_stick, Carrot on a Stick
minecraft:nether_star, Nether Star
minecraft:pumpkin_pie, Pumpkin Pie
minecraft:fireworks, Firework Rocket
minecraft:firework_charge, Firework Star
minecraft:enchanted_book, Enchanted Book
minecraft:comparator, Redstone Comparator
minecraft:netherbrick, Nether Brick
minecraft:quartz, Nether Quartz
minecraft:tnt_minecart, Minecart with TNT
minecraft:hopper_minecart, Minecart with Hopper
ArchitectureCraft:sawbench, Architect's Sawbench
ArchitectureCraft:shape, Architectural Block
ArchitectureCraft:shapeSE, Architectural Block(Glow)
BiblioCraft:tile.BiblioFramedChest:0, Framed Chest
BiblioCraft:BiblioPaneler:0, Oak Furniture Paneler
BiblioCraft:BiblioPaneler:1, Spruce Furniture Paneler
BiblioCraft:BiblioPaneler:2, Birch Furniture Paneler
BiblioCraft:BiblioPaneler:3, Jungle Furniture Paneler
BiblioCraft:BiblioPaneler:4, Acacia Furniture Paneler
BiblioCraft:BiblioPaneler:5, Dark Oak Furniture Paneler
BiblioCraft:BiblioPaneler:6, Framed Furniture Paneler
BiblioCraft:BiblioClipboard, tile.BiblioClipboard.name
BiblioCraft:BiblioTypewriter:0, White Typewriter
BiblioCraft:BiblioTypewriter:1, Light Gray Typewriter
BiblioCraft:BiblioTypewriter:2, Gray Typewriter
BiblioCraft:BiblioTypewriter:3, Black Typewriter
BiblioCraft:BiblioTypewriter:4, Red Typewriter
BiblioCraft:BiblioTypewriter:5, Orange Typewriter
BiblioCraft:BiblioTypewriter:6, Yellow Typewriter
BiblioCraft:BiblioTypewriter:7, Lime Typewriter
BiblioCraft:BiblioTypewriter:8, Green Typewriter
BiblioCraft:BiblioTypewriter:9, Cyan Typewriter
BiblioCraft:BiblioTypewriter:10, Light Blue Typewriter
BiblioCraft:BiblioTypewriter:11, Blue Typewriter
BiblioCraft:BiblioTypewriter:12, Purple Typewriter
BiblioCraft:BiblioTypewriter:13, Magenta Typewriter
BiblioCraft:BiblioTypewriter:14, Pink Typewriter
BiblioCraft:BiblioTypewriter:15, Brown Typewriter
BiblioCraft:BiblioClock:0, Oak Clock
BiblioCraft:BiblioClock:1, Spruce Clock
BiblioCraft:BiblioClock:2, Birch Clock
BiblioCraft:BiblioClock:3, Jungle Clock
BiblioCraft:BiblioClock:4, Acacia Clock
BiblioCraft:BiblioClock:5, Dark Oak Clock
BiblioCraft:BiblioClock:6, Framed Clock
minecraft:iron_horse_armor, Iron Horse Armor
minecraft:golden_horse_armor, Gold Horse Armor
minecraft:diamond_horse_armor, Diamond Horse Armor
minecraft:lead, Lead
minecraft:name_tag, Name Tag
minecraft:command_block_minecart, Minecart with Command Block
BiblioCraft:BiblioFlatPainting:0, Oak Painting Frame
BiblioCraft:BiblioFlatPainting:1, Spruce Painting Frame
BiblioCraft:BiblioFlatPainting:2, Birch Painting Frame
BiblioCraft:BiblioFlatPainting:3, Jungle Painting Frame
BiblioCraft:BiblioFlatPainting:4, Acacia Painting Frame
BiblioCraft:BiblioFlatPainting:5, Dark Oak Painting Frame
BiblioCraft:BiblioFlatPainting:6, Framed Painting Frame
BiblioCraft:BiblioSimplePainting:0, Oak Painting Frame
BiblioCraft:BiblioSimplePainting:1, Spruce Painting Frame
BiblioCraft:BiblioSimplePainting:2, Birch Painting Frame
BiblioCraft:BiblioSimplePainting:3, Jungle Painting Frame
BiblioCraft:BiblioSimplePainting:4, Acacia Painting Frame
BiblioCraft:BiblioSimplePainting:5, Dark Oak Painting Frame
BiblioCraft:BiblioSimplePainting:6, Framed Painting Frame
BiblioCraft:BiblioMiddlePainting:0, Oak Painting Frame
BiblioCraft:BiblioMiddlePainting:1, Spruce Painting Frame
BiblioCraft:BiblioMiddlePainting:2, Birch Painting Frame
BiblioCraft:BiblioMiddlePainting:3, Jungle Painting Frame
BiblioCraft:BiblioMiddlePainting:4, Acacia Painting Frame
BiblioCraft:BiblioMiddlePainting:5, Dark Oak Painting Frame
BiblioCraft:BiblioMiddlePainting:6, Framed Painting Frame
BiblioCraft:BiblioFancyPainting:0, Oak Painting Frame
BiblioCraft:BiblioFancyPainting:1, Spruce Painting Frame
BiblioCraft:BiblioFancyPainting:2, Birch Painting Frame
BiblioCraft:BiblioFancyPainting:3, Jungle Painting Frame
BiblioCraft:BiblioFancyPainting:4, Acacia Painting Frame
BiblioCraft:BiblioFancyPainting:5, Dark Oak Painting Frame
BiblioCraft:BiblioFancyPainting:6, Framed Painting Frame
BiblioCraft:BiblioBorderlessPainting:0, Oak Painting Frame
BiblioCraft:BiblioBorderlessPainting:1, Spruce Painting Frame
BiblioCraft:BiblioBorderlessPainting:2, Birch Painting Frame
BiblioCraft:BiblioBorderlessPainting:3, Jungle Painting Frame
BiblioCraft:BiblioBorderlessPainting:4, Acacia Painting Frame
BiblioCraft:BiblioBorderlessPainting:5, Dark Oak Painting Frame
BiblioCraft:BiblioBorderlessPainting:6, Framed Painting Frame
BiblioCraft:BiblioPaintPress, Painting Press
BiblioCraft:BiblioSwordPedestal:0, Sword Pedestal
BiblioCraft:BiblioSwordPedestal:1, Sword Pedestal
BiblioCraft:BiblioSwordPedestal:2, Sword Pedestal
BiblioCraft:BiblioSwordPedestal:3, Sword Pedestal
BiblioCraft:BiblioSwordPedestal:4, Sword Pedestal
BiblioCraft:BiblioSwordPedestal:5, Sword Pedestal
BiblioCraft:BiblioSwordPedestal:6, Sword Pedestal
BiblioCraft:BiblioSwordPedestal:7, Sword Pedestal
BiblioCraft:BiblioSwordPedestal:8, Sword Pedestal
BiblioCraft:BiblioSwordPedestal:9, Sword Pedestal
BiblioCraft:BiblioSwordPedestal:10, Sword Pedestal
BiblioCraft:BiblioSwordPedestal:11, Sword Pedestal
BiblioCraft:BiblioSwordPedestal:12, Sword Pedestal
BiblioCraft:BiblioSwordPedestal:13, Sword Pedestal
BiblioCraft:BiblioSwordPedestal:14, Sword Pedestal
BiblioCraft:BiblioSwordPedestal:15, Sword Pedestal
BiblioCraft:BiblioFancySign:0, Oak Fancy Sign
BiblioCraft:BiblioFancySign:1, Spruce Fancy Sign
BiblioCraft:BiblioFancySign:2, Birch Fancy Sign
BiblioCraft:BiblioFancySign:3, Jungle Fancy Sign
BiblioCraft:BiblioFancySign:4, Acacia Fancy Sign
BiblioCraft:BiblioFancySign:5, Dark Oak Fancy Sign
BiblioCraft:BiblioFancySign:6, Framed Fancy Sign
BiblioCraft:BiblioWorkbench:0, Oak Fancy Workbench
BiblioCraft:BiblioWorkbench:1, Spruce Fancy Workbench
BiblioCraft:BiblioWorkbench:2, Birch Fancy Workbench
BiblioCraft:BiblioWorkbench:3, Jungle Fancy Workbench
BiblioCraft:BiblioWorkbench:4, Acacia Fancy Workbench
BiblioCraft:BiblioWorkbench:5, Dark Oak Fancy Workbench
BiblioCraft:BiblioWorkbench:6, Framed Fancy Workbench
BiblioCraft:BiblioBell, Desk Bell
BiblioCraft:Bibliotheca:0, Oak Bookcase
BiblioCraft:Bibliotheca:1, Spruce Bookcase
BiblioCraft:Bibliotheca:2, Birch Bookcase
BiblioCraft:Bibliotheca:3, Jungle Bookcase
BiblioCraft:Bibliotheca:4, Acacia Bookcase
BiblioCraft:Bibliotheca:5, Dark Oak Bookcase
BiblioCraft:Bibliotheca:6, Framed Bookcase
BiblioCraft:BookcaseFilled:0, Oak Bookcase
BiblioCraft:BookcaseFilled:1, Spruce Bookcase
BiblioCraft:BookcaseFilled:2, Birch Bookcase
BiblioCraft:BookcaseFilled:3, Jungle Bookcase
BiblioCraft:BookcaseFilled:4, Acacia Bookcase
BiblioCraft:BookcaseFilled:5, Dark Oak Bookcase
BiblioCraft:BookcaseFilled:6, Framed Bookcase
BiblioCraft:BiblioPotionShelf:0, Oak Potion Shelf
BiblioCraft:BiblioPotionShelf:1, Spruce Potion Shelf
BiblioCraft:BiblioPotionShelf:2, Birch Potion Shelf
BiblioCraft:BiblioPotionShelf:3, Jungle Potion Shelf
BiblioCraft:BiblioPotionShelf:4, Acacia Potion Shelf
BiblioCraft:BiblioPotionShelf:5, Dark Oak Potion Shelf
BiblioCraft:BiblioPotionShelf:6, Framed Potion Shelf
BiblioCraft:BiblioShelf:0, Oak Shelf
BiblioCraft:BiblioShelf:1, Spruce Shelf
BiblioCraft:BiblioShelf:2, Birch Shelf
BiblioCraft:BiblioShelf:3, Jungle Shelf
BiblioCraft:BiblioShelf:4, Acacia Shelf
BiblioCraft:BiblioShelf:5, Dark Oak Shelf
BiblioCraft:BiblioShelf:6, Framed Shelf
BiblioCraft:BiblioRack:0, Oak Tool Rack
BiblioCraft:BiblioRack:1, Spruce Tool Rack
BiblioCraft:BiblioRack:2, Birch Tool Rack
BiblioCraft:BiblioRack:3, Jungle Tool Rack
BiblioCraft:BiblioRack:4, Acacia Tool Rack
BiblioCraft:BiblioRack:5, Dark Oak Tool Rack
BiblioCraft:BiblioRack:6, Framed Tool Rack
BiblioCraft:BiblioCase:0, Oak Case
BiblioCraft:BiblioCase:1, Spruce Case
BiblioCraft:BiblioCase:2, Birch Case
BiblioCraft:BiblioCase:3, Jungle Case
BiblioCraft:BiblioCase:4, Acacia Case
BiblioCraft:BiblioCase:5, Dark Oak Case
BiblioCraft:BiblioCase:6, Framed Case
BiblioCraft:BiblioLabel:0, Oak Wood Label
BiblioCraft:BiblioLabel:1, Spruce Wood Label
BiblioCraft:BiblioLabel:2, Birch Wood Label
BiblioCraft:BiblioLabel:3, Jungle Wood Label
BiblioCraft:BiblioLabel:4, Acacia Label
BiblioCraft:BiblioLabel:5, Dark Oak Label
BiblioCraft:BiblioLabel:6, Framed Label
BiblioCraft:BiblioDesk:0, Oak Desk
BiblioCraft:BiblioDesk:1, Spruce Desk
BiblioCraft:BiblioDesk:2, Birch Desk
BiblioCraft:BiblioDesk:3, Jungle Desk
BiblioCraft:BiblioDesk:4, Acacia Desk
BiblioCraft:BiblioDesk:5, Dark Oak Desk
BiblioCraft:BiblioDesk:6, Framed Desk
BiblioCraft:BiblioTable:0, Oak Table
BiblioCraft:BiblioTable:1, Spruce Table
BiblioCraft:BiblioTable:2, Birch Table
BiblioCraft:BiblioTable:3, Jungle Table
BiblioCraft:BiblioTable:4, Acacia Table
BiblioCraft:BiblioTable:5, Dark Oak Table
BiblioCraft:BiblioTable:6, Framed Table
BiblioCraft:Armor Stand, Armor Stand
BiblioCraft:Typesetting Machine, Typesetting Table
BiblioCraft:Printing Press, Printing Press
BiblioCraft:BiblioLantern:0, Fancy Lantern
BiblioCraft:BiblioLantern:1, Fancy Lantern
BiblioCraft:BiblioLantern:2, Fancy Lantern
BiblioCraft:BiblioLantern:3, Fancy Lantern
BiblioCraft:BiblioLantern:4, Fancy Lantern
BiblioCraft:BiblioLantern:5, Fancy Lantern
BiblioCraft:BiblioLantern:6, Fancy Lantern
BiblioCraft:BiblioLantern:7, Fancy Lantern
BiblioCraft:BiblioLantern:8, Fancy Lantern
BiblioCraft:BiblioLantern:9, Fancy Lantern
BiblioCraft:BiblioLantern:10, Fancy Lantern
BiblioCraft:BiblioLantern:11, Fancy Lantern
BiblioCraft:BiblioLantern:12, Fancy Lantern
BiblioCraft:BiblioLantern:13, Fancy Lantern
BiblioCraft:BiblioLantern:14, Fancy Lantern
BiblioCraft:BiblioLantern:15, Fancy Lantern
BiblioCraft:BiblioIronLantern:0, Fancy Lantern
BiblioCraft:BiblioIronLantern:1, Fancy Lantern
BiblioCraft:BiblioIronLantern:2, Fancy Lantern
BiblioCraft:BiblioIronLantern:3, Fancy Lantern
BiblioCraft:BiblioIronLantern:4, Fancy Lantern
BiblioCraft:BiblioIronLantern:5, Fancy Lantern
BiblioCraft:BiblioIronLantern:6, Fancy Lantern
BiblioCraft:BiblioIronLantern:7, Fancy Lantern
BiblioCraft:BiblioIronLantern:8, Fancy Lantern
BiblioCraft:BiblioIronLantern:9, Fancy Lantern
BiblioCraft:BiblioIronLantern:10, Fancy Lantern
BiblioCraft:BiblioIronLantern:11, Fancy Lantern
BiblioCraft:BiblioIronLantern:12, Fancy Lantern
BiblioCraft:BiblioIronLantern:13, Fancy Lantern
BiblioCraft:BiblioIronLantern:14, Fancy Lantern
BiblioCraft:BiblioIronLantern:15, Fancy Lantern
BiblioCraft:BiblioLamp:0, Fancy Lamp
BiblioCraft:BiblioLamp:1, Fancy Lamp
BiblioCraft:BiblioLamp:2, Fancy Lamp
BiblioCraft:BiblioLamp:3, Fancy Lamp
BiblioCraft:BiblioLamp:4, Fancy Lamp
BiblioCraft:BiblioLamp:5, Fancy Lamp
BiblioCraft:BiblioLamp:6, Fancy Lamp
BiblioCraft:BiblioLamp:7, Fancy Lamp
BiblioCraft:BiblioLamp:8, Fancy Lamp
BiblioCraft:BiblioLamp:9, Fancy Lamp
BiblioCraft:BiblioLamp:10, Fancy Lamp
BiblioCraft:BiblioLamp:11, Fancy Lamp
BiblioCraft:BiblioLamp:12, Fancy Lamp
BiblioCraft:BiblioLamp:13, Fancy Lamp
BiblioCraft:BiblioLamp:14, Fancy Lamp
BiblioCraft:BiblioLamp:15, Fancy Lamp
BiblioCraft:BiblioIronLamp:0, Fancy Lamp
BiblioCraft:BiblioIronLamp:1, Fancy Lamp
BiblioCraft:BiblioIronLamp:2, Fancy Lamp
BiblioCraft:BiblioIronLamp:3, Fancy Lamp
BiblioCraft:BiblioIronLamp:4, Fancy Lamp
BiblioCraft:BiblioIronLamp:5, Fancy Lamp
BiblioCraft:BiblioIronLamp:6, Fancy Lamp
BiblioCraft:BiblioIronLamp:7, Fancy Lamp
BiblioCraft:BiblioIronLamp:8, Fancy Lamp
BiblioCraft:BiblioIronLamp:9, Fancy Lamp
BiblioCraft:BiblioIronLamp:10, Fancy Lamp
BiblioCraft:BiblioIronLamp:11, Fancy Lamp
BiblioCraft:BiblioIronLamp:12, Fancy Lamp
BiblioCraft:BiblioIronLamp:13, Fancy Lamp
BiblioCraft:BiblioIronLamp:14, Fancy Lamp
BiblioCraft:BiblioIronLamp:15, Fancy Lamp
BiblioCraft:BiblioStuffs:0, Cookie Jar
BiblioCraft:BiblioStuffs:2, Dinner Plate
BiblioCraft:BiblioStuffs:3, Disc Rack
BiblioCraft:BiblioMapFrames:0, Oak Map Frame
BiblioCraft:BiblioMapFrames:1, Spruce Map Frame
BiblioCraft:BiblioMapFrames:2, Birch Map Frame
BiblioCraft:BiblioMapFrames:3, Jungle Map Frame
BiblioCraft:BiblioMapFrames:4, Acacia Map Frame
BiblioCraft:BiblioMapFrames:5, Dark Oak Map Frame
BiblioCraft:BiblioMapFrames:6, Framed Map Frame
BiblioCraft:BiblioSeats:0, Oak Seat
BiblioCraft:BiblioSeats:1, Spruce Seat
BiblioCraft:BiblioSeats:2, Birch Seat
BiblioCraft:BiblioSeats:3, Jungle Seat
BiblioCraft:BiblioSeats:4, Acacia Seat
BiblioCraft:BiblioSeats:5, Dark Oak Seat
BiblioCraft:BiblioSeats:6, Framed Seat
buddingpolar:budding_certus_quartz_block, Budding Certus Quartz
buddingpolar:small_certus_quartz_bud, Small Certus Quartz Bud
buddingpolar:medium_certus_quartz_bud, Medium Certus Quartz Bud
buddingpolar:large_certus_quartz_bud, Large Certus Quartz Bud
buddingpolar:certus_quartz_cluster, Certus Quartz Cluster
CarpentersBlocks:blockCarpentersBlock, Carpenter's Block
CarpentersBlocks:blockCarpentersBarrier, Carpenter's Barrier
CarpentersBlocks:blockCarpentersBed, Carpenter's Bed
CarpentersBlocks:blockCarpentersButton, Carpenter's Button
CarpentersBlocks:blockCarpentersCollapsibleBlock, Carpenter's Collapsible Block
CarpentersBlocks:blockCarpentersDaylightSensor, Carpenter's Daylight Sensor
CarpentersBlocks:blockCarpentersDoor, Carpenter's Door
CarpentersBlocks:blockCarpentersFlowerPot, Carpenter's Flower Pot
CarpentersBlocks:blockCarpentersGarageDoor, Carpenter's Garage Door
CarpentersBlocks:blockCarpentersGate, Carpenter's Gate
CarpentersBlocks:blockCarpentersHatch, Carpenter's Hatch
CarpentersBlocks:blockCarpentersLadder, Carpenter's Ladder
CarpentersBlocks:blockCarpentersLever, Carpenter's Lever
CarpentersBlocks:blockCarpentersPressurePlate, Carpenter's Pressure Plate
CarpentersBlocks:blockCarpentersSafe, Carpenter's Safe
CarpentersBlocks:blockCarpentersSlope:0, Carpenter's Wedge Slope
CarpentersBlocks:blockCarpentersSlope:1, Carpenter's Oblique Interior Slope
CarpentersBlocks:blockCarpentersSlope:2, Carpenter's Oblique Exterior Slope
CarpentersBlocks:blockCarpentersSlope:3, Carpenter's Prism Slope
CarpentersBlocks:blockCarpentersSlope:4, Carpenter's Prism Wedge Slope
CarpentersBlocks:blockCarpentersStairs, Carpenter's Stairs
CarpentersBlocks:blockCarpentersTorch, Carpenter's Torch
chisel:aluminumblock:0, Block of Aluminum
chisel:aluminumblock:1, Block of Aluminum
chisel:aluminumblock:2, Block of Aluminum
chisel:aluminumblock:3, Block of Aluminum
chisel:aluminumblock:4, Block of Aluminum
chisel:aluminumblock:5, Block of Aluminum
chisel:aluminum_stairs.0:0, Aluminum Stairs
chisel:aluminum_stairs.0:8, Aluminum Stairs
chisel:aluminum_stairs.1:0, Aluminum Stairs
chisel:aluminum_stairs.1:8, Aluminum Stairs
chisel:aluminum_stairs.2:0, Aluminum Stairs
chisel:aluminum_stairs.2:8, Aluminum Stairs
chisel:andesite:0, Andesite
chisel:andesite:1, Andesite
chisel:andesite:2, Andesite
chisel:andesite:3, Andesite
chisel:andesite:4, Andesite
chisel:andesite:5, Andesite
chisel:andesite:6, Andesite
chisel:andesite:7, Andesite
chisel:andesite:8, Andesite
chisel:andesite:9, Andesite
chisel:andesite:10, Andesite
chisel:andesite:11, Andesite
chisel:antiBlock:0, Anti Block
chisel:antiBlock:1, Anti Block
chisel:antiBlock:2, Anti Block
chisel:antiBlock:3, Anti Block
chisel:antiBlock:4, Anti Block
chisel:antiBlock:5, Anti Block
chisel:antiBlock:6, Anti Block
chisel:antiBlock:7, Anti Block
chisel:antiBlock:8, Anti Block
chisel:antiBlock:9, Anti Block
chisel:antiBlock:10, Anti Block
chisel:antiBlock:11, Anti Block
chisel:antiBlock:12, Anti Block
chisel:antiBlock:13, Anti Block
chisel:antiBlock:14, Anti Block
chisel:antiBlock:15, Anti Block
chisel:autoChisel, Auto Chisel
chisel:beacon:0, Beacon
chisel:beacon:1, Beacon
chisel:beacon:2, Beacon
chisel:beacon:3, Beacon
chisel:beacon:4, Beacon
chisel:beacon:5, Beacon
chisel:beacon:6, Beacon
chisel:beacon:7, Beacon
chisel:beacon:8, Beacon
chisel:beacon:9, Beacon
chisel:beacon:10, Beacon
chisel:beacon:11, Beacon
chisel:beacon:12, Beacon
chisel:beacon:13, Beacon
chisel:beacon:14, Beacon
chisel:beacon:15, Beacon
chisel:bookshelf:1, Bookshelf
chisel:bookshelf:2, Bookshelf
chisel:bookshelf:3, Bookshelf
chisel:bookshelf:4, Bookshelf
chisel:bookshelf:5, Bookshelf
chisel:bookshelf:6, Bookshelf
chisel:bookshelf:7, Bookshelf
chisel:bookshelf:8, Bookshelf
chisel:brickCustom2:0, Brick Block
chisel:brickCustom2:1, Brick Block
chisel:brickCustom:1, Brick Block
chisel:brickCustom:2, Brick Block
chisel:brickCustom:3, Brick Block
chisel:brickCustom:4, Brick Block
chisel:brickCustom:5, Brick Block
chisel:brickCustom:6, Brick Block
chisel:brickCustom:7, Brick Block
chisel:brickCustom:8, Brick Block
chisel:brickCustom:9, Brick Block
chisel:brickCustom:10, Brick Block
chisel:brickCustom:11, Brick Block
chisel:brickCustom:12, Brick Block
chisel:brickCustom:13, Brick Block
chisel:brickCustom:14, Brick Block
chisel:brickCustom:15, Brick Block
chisel:bronzeblock:0, Block of Bronze
chisel:bronzeblock:1, Block of Bronze
chisel:bronzeblock:2, Block of Bronze
chisel:bronzeblock:3, Block of Bronze
chisel:bronzeblock:4, Block of Bronze
chisel:bronzeblock:5, Block of Bronze
chisel:carpet_block:0, Carpet
chisel:carpet_block:1, Carpet
chisel:carpet_block:2, Carpet
chisel:carpet_block:3, Carpet
chisel:carpet_block:4, Carpet
chisel:carpet_block:5, Carpet
chisel:carpet_block:6, Carpet
chisel:carpet_block:7, Carpet
chisel:carpet_block:8, Carpet
chisel:carpet_block:9, Carpet
chisel:carpet_block:10, Carpet
chisel:carpet_block:11, Carpet
chisel:carpet_block:12, Carpet
chisel:carpet_block:13, Carpet
chisel:carpet_block:14, Carpet
chisel:carpet_block:15, Carpet
chisel:carpet:0, Floor Carpet
chisel:carpet:1, Floor Carpet
chisel:carpet:2, Floor Carpet
chisel:carpet:3, Floor Carpet
chisel:carpet:4, Floor Carpet
chisel:carpet:5, Floor Carpet
chisel:carpet:6, Floor Carpet
chisel:carpet:7, Floor Carpet
chisel:carpet:8, Floor Carpet
chisel:carpet:9, Floor Carpet
chisel:carpet:10, Floor Carpet
chisel:carpet:11, Floor Carpet
chisel:carpet:12, Floor Carpet
chisel:carpet:13, Floor Carpet
chisel:carpet:14, Floor Carpet
chisel:carpet:15, Floor Carpet
chisel:cloud:0, Cloud
chisel:cloud:1, Cloud
chisel:cloud:2, Cloud
chisel:cloud:3, Cloud
chisel:cloud:4, Cloud
chisel:cobblestone:1, Cobblestone
chisel:cobblestone:2, Cobblestone
chisel:cobblestone:3, Cobblestone
chisel:cobblestone:4, Cobblestone
chisel:cobblestone:5, Cobblestone
chisel:cobblestone:6, Cobblestone
chisel:cobblestone:7, Cobblestone
chisel:cobblestone:8, Cobblestone
chisel:cobblestone:9, Cobblestone
chisel:cobblestone:10, Cobblestone
chisel:cobblestone:11, Cobblestone
chisel:cobblestone:12, Cobblestone
chisel:cobblestone:13, Cobblestone
chisel:cobblestone:14, Cobblestone
chisel:cobblestone:15, Cobblestone
chisel:mossy_cobblestone:1, Mossy Cobblestone
chisel:mossy_cobblestone:2, Mossy Cobblestone
chisel:mossy_cobblestone:3, Mossy Cobblestone
chisel:mossy_cobblestone:4, Mossy Cobblestone
chisel:mossy_cobblestone:5, Mossy Cobblestone
chisel:mossy_cobblestone:6, Mossy Cobblestone
chisel:mossy_cobblestone:7, Mossy Cobblestone
chisel:mossy_cobblestone:8, Mossy Cobblestone
chisel:mossy_cobblestone:9, Mossy Cobblestone
chisel:mossy_cobblestone:10, Mossy Cobblestone
chisel:mossy_cobblestone:11, Mossy Cobblestone
chisel:mossy_cobblestone:12, Mossy Cobblestone
chisel:mossy_cobblestone:13, Mossy Cobblestone
chisel:mossy_cobblestone:14, Mossy Cobblestone
chisel:mossy_cobblestone:15, Mossy Cobblestone
chisel:concrete:0, Concrete
chisel:concrete:1, Concrete
chisel:concrete:2, Concrete
chisel:concrete:3, Concrete
chisel:concrete:4, Concrete
chisel:concrete:5, Concrete
chisel:concrete:6, Concrete
chisel:concrete:7, Concrete
chisel:concrete:8, Concrete
chisel:concrete:9, Concrete
chisel:concrete:10, Concrete
chisel:concrete_slab:0, Concrete Slab
chisel:concrete_slab:1, Concrete Slab
chisel:concrete_slab:2, Concrete Slab
chisel:concrete_slab:3, Concrete Slab
chisel:concrete_slab:4, Concrete Slab
chisel:concrete_slab:5, Concrete Slab
chisel:concrete_slab:6, Concrete Slab
chisel:concrete_slab:7, Concrete Slab
chisel:concrete_slab:8, Concrete Slab
chisel:concrete_slab:9, Concrete Slab
chisel:concrete_slab:10, Concrete Slab
chisel:concrete_slab_top, Concrete Slab
chisel:concrete_stairs.0:0, Concrete Stairs
chisel:concrete_stairs.0:8, Concrete Stairs
chisel:concrete_stairs.1:0, Concrete Stairs
chisel:concrete_stairs.1:8, Concrete Stairs
chisel:concrete_stairs.2:0, Concrete Stairs
chisel:concrete_stairs.2:8, Concrete Stairs
chisel:concrete_stairs.3:0, Concrete Stairs
chisel:concrete_stairs.3:8, Concrete Stairs
chisel:concrete_stairs.4:0, Concrete Stairs
chisel:concrete_stairs.4:8, Concrete Stairs
chisel:concrete_stairs.5:0, Concrete Stairs
chisel:copperblock:0, Block of Copper
chisel:copperblock:1, Block of Copper
chisel:copperblock:2, Block of Copper
chisel:copperblock:3, Block of Copper
chisel:copperblock:4, Block of Copper
chisel:copperblock:5, Block of Copper
chisel:cubit:0, Cubits
chisel:cubit:1, Cubits
chisel:cubit:2, Cubits
chisel:cubit:3, Cubits
chisel:cubit:4, Cubits
chisel:cubit:5, Cubits
chisel:cubit:6, Cubits
chisel:cubit:7, Cubits
chisel:cubit:8, Cubits
chisel:cubit:9, Cubits
chisel:cubit:10, Cubits
chisel:cubit:11, Cubits
chisel:cubit:12, Cubits
chisel:cubit:13, Cubits
chisel:cubit:14, Cubits
chisel:cubit:15, Cubits
chisel:diamond_block:1, Diamond Block
chisel:diamond_block:2, Diamond Block
chisel:diamond_block:3, Diamond Block
chisel:diamond_block:4, Diamond Block
chisel:diamond_block:5, Diamond Block
chisel:diamond_block:6, Diamond Block
chisel:diamond_block:7, Diamond Block
chisel:diamond_block:8, Diamond Block
chisel:diamond_block:9, Diamond Block
chisel:diamond_block:10, Diamond Block
chisel:diamond_block:11, Diamond Block
chisel:diamond_block:12, Diamond Block
chisel:diamond_block:13, Diamond Block
chisel:diorite:0, Diorite
chisel:diorite:1, Diorite
chisel:diorite:2, Diorite
chisel:diorite:3, Diorite
chisel:diorite:4, Diorite
chisel:diorite:5, Diorite
chisel:diorite:6, Diorite
chisel:diorite:7, Diorite
chisel:diorite:8, Diorite
chisel:diorite:9, Diorite
chisel:diorite:10, Diorite
chisel:diorite:11, Diorite
chisel:diorite:12, Diorite
chisel:dirt:0, Dirt
chisel:dirt:1, Dirt
chisel:dirt:2, Dirt
chisel:dirt:3, Dirt
chisel:dirt:4, Dirt
chisel:dirt:5, Dirt
chisel:dirt:6, Dirt
chisel:dirt:7, Dirt
chisel:dirt:8, Dirt
chisel:dirt:9, Dirt
chisel:dirt:10, Dirt
chisel:dirt:11, Dirt
chisel:dirt:12, Dirt
chisel:dirt:13, Dirt
chisel:dirt:14, Dirt
chisel:dirt:15, Dirt
chisel:emerald_block:1, Emerald Block
chisel:emerald_block:2, Emerald Block
chisel:emerald_block:3, Emerald Block
chisel:emerald_block:4, Emerald Block
chisel:emerald_block:5, Emerald Block
chisel:emerald_block:6, Emerald Block
chisel:emerald_block:7, Emerald Block
chisel:emerald_block:8, Emerald Block
chisel:emerald_block:9, Emerald Block
chisel:emerald_block:10, Emerald Block
chisel:emerald_block:11, Emerald Block
chisel:emerald_block:12, Emerald Block
chisel:end_Stone:0, End Stone
chisel:end_Stone:1, End Stone
chisel:end_Stone:2, End Stone
chisel:end_Stone:3, End Stone
chisel:end_Stone:4, End Stone
chisel:end_Stone:5, End Stone
chisel:end_Stone:6, End Stone
chisel:end_Stone:7, End Stone
chisel:end_Stone:8, End Stone
chisel:end_Stone:9, End Stone
chisel:end_Stone:10, End Stone
chisel:end_Stone:11, End Stone
chisel:end_Stone:12, End Stone
chisel:end_Stone:13, End Stone
chisel:factoryblock:0, Factory Block
chisel:factoryblock:1, Factory Block
chisel:factoryblock:2, Factory Block
chisel:factoryblock:3, Factory Block
chisel:factoryblock:4, Factory Block
chisel:factoryblock:5, Factory Block
chisel:factoryblock:6, Factory Block
chisel:factoryblock:7, Factory Block
chisel:factoryblock:8, Factory Block
chisel:factoryblock:9, Factory Block
chisel:factoryblock:10, Factory Block
chisel:factoryblock:11, Factory Block
chisel:factoryblock:12, Factory Block
chisel:factoryblock:13, Factory Block
chisel:factoryblock:14, Factory Block
chisel:factoryblock:15, Factory Block
chisel:factoryblock2:0, Factory Block
chisel:factoryblock2:1, Factory Block
chisel:factoryblock2:2, Factory Block
chisel:factoryblock2:3, Factory Block
chisel:fantasyblock:0, Purpled Fantasy Block
chisel:fantasyblock:1, Purpled Fantasy Block
chisel:fantasyblock:2, Purpled Fantasy Block
chisel:fantasyblock:3, Purpled Fantasy Block
chisel:fantasyblock:4, Purpled Fantasy Block
chisel:fantasyblock:5, Purpled Fantasy Block
chisel:fantasyblock:6, Purpled Fantasy Block
chisel:fantasyblock:7, Purpled Fantasy Block
chisel:fantasyblock:8, Purpled Fantasy Block
chisel:fantasyblock:9, Purpled Fantasy Block
chisel:fantasyblock:10, Purpled Fantasy Block
chisel:fantasyblock:11, Purpled Fantasy Block
chisel:fantasyblock:12, Purpled Fantasy Block
chisel:fantasyblock:13, Purpled Fantasy Block
chisel:fantasyblock:14, Purpled Fantasy Block
chisel:fantasyblock:15, Purpled Fantasy Block
chisel:fantasyblock2:0, Fantasy Block
chisel:fantasyblock2:1, Fantasy Block
chisel:fantasyblock2:2, Fantasy Block
chisel:fantasyblock2:3, Fantasy Block
chisel:fantasyblock2:4, Fantasy Block
chisel:fantasyblock2:5, Fantasy Block
chisel:fantasyblock2:6, Fantasy Block
chisel:fantasyblock2:7, Fantasy Block
chisel:fantasyblock2:8, Fantasy Block
chisel:fantasyblock2:9, Fantasy Block
chisel:fantasyblock2:10, Fantasy Block
chisel:fantasyblock2:11, Fantasy Block
chisel:fantasyblock2:12, Fantasy Block
chisel:fantasyblock2:13, Fantasy Block
chisel:fantasyblock2:14, Fantasy Block
chisel:fantasyblock2:15, Fantasy Block
chisel:futura:0, Futura Block
chisel:futura:1, Futura Block
chisel:futura:2, Futura Block
chisel:futura:3, Futura Block
chisel:futura:4, Futura Block
chisel:futura:5, Futura Block
chisel:futuraCircuit:0, Futura Circuit
chisel:futuraCircuit:1, Futura Circuit
chisel:futuraCircuit:2, Futura Circuit
chisel:futuraCircuit:3, Futura Circuit
chisel:futuraCircuit:4, Futura Circuit
chisel:futuraCircuit:5, Futura Circuit
chisel:futuraCircuit:6, Futura Circuit
chisel:futuraCircuit:7, Futura Circuit
chisel:futuraCircuit:8, Futura Circuit
chisel:futuraCircuit:9, Futura Circuit
chisel:futuraCircuit:10, Futura Circuit
chisel:futuraCircuit:11, Futura Circuit
chisel:futuraCircuit:12, Futura Circuit
chisel:futuraCircuit:13, Futura Circuit
chisel:futuraCircuit:14, Futura Circuit
chisel:futuraCircuit:15, Futura Circuit
chisel:glass:1, Glass
chisel:glass:2, Glass
chisel:glass:3, Glass
chisel:glass:4, Glass
chisel:glass:5, Glass
chisel:glass:6, Glass
chisel:glass:7, Glass
chisel:glass:8, Glass
chisel:glass:9, Glass
chisel:glass:10, Glass
chisel:glass:11, Glass
chisel:glass:12, Glass
chisel:glass:13, Glass
chisel:glass:14, Glass
chisel:glass:15, Glass
chisel:glass2:0, Glass
chisel:glass2:1, Glass
chisel:glass_pane:1, Glass Pane
chisel:glass_pane:2, Glass Pane
chisel:glass_pane:3, Glass Pane
chisel:glass_pane:4, Glass Pane
chisel:glass_pane:12, Glass Pane
chisel:glass_pane:13, Glass Pane
chisel:glass_pane:14, Glass Pane
chisel:glass_pane:15, Glass Pane
chisel:stained_glass_forestry:0, Stained Glass
chisel:stained_glass_forestry:1, Stained Glass
chisel:stained_glass_forestry:2, Stained Glass
chisel:stained_glass_forestry:3, Stained Glass
chisel:stained_glass_forestry:4, Stained Glass
chisel:stained_glass_forestry:5, Stained Glass
chisel:stained_glass_forestry:6, Stained Glass
chisel:stained_glass_forestry:7, Stained Glass
chisel:stained_glass_forestry:8, Stained Glass
chisel:stained_glass_forestry:9, Stained Glass
chisel:stained_glass_forestry:10, Stained Glass
chisel:stained_glass_forestry:11, Stained Glass
chisel:stained_glass_forestry:12, Stained Glass
chisel:stained_glass_forestry:13, Stained Glass
chisel:stained_glass_forestry:14, Stained Glass
chisel:stained_glass_forestry:15, Stained Glass
chisel:stained_glass_white:0, Stained Glass
chisel:stained_glass_white:1, Stained Glass
chisel:stained_glass_white:2, Stained Glass
chisel:stained_glass_white:3, Stained Glass
chisel:stained_glass_white:4, Stained Glass
chisel:stained_glass_white:5, Stained Glass
chisel:stained_glass_white:6, Stained Glass
chisel:stained_glass_white:7, Stained Glass
chisel:stained_glass_white:8, Stained Glass
chisel:stained_glass_white:9, Stained Glass
chisel:stained_glass_white:10, Stained Glass
chisel:stained_glass_white:11, Stained Glass
chisel:stained_glass_white:12, Stained Glass
chisel:stained_glass_white:13, Stained Glass
chisel:stained_glass_white:14, Stained Glass
chisel:stained_glass_white:15, Stained Glass
chisel:stained_glass_yellow:0, Stained Glass
chisel:stained_glass_yellow:1, Stained Glass
chisel:stained_glass_yellow:2, Stained Glass
chisel:stained_glass_yellow:3, Stained Glass
chisel:stained_glass_yellow:4, Stained Glass
chisel:stained_glass_yellow:5, Stained Glass
chisel:stained_glass_yellow:6, Stained Glass
chisel:stained_glass_yellow:7, Stained Glass
chisel:stained_glass_yellow:8, Stained Glass
chisel:stained_glass_yellow:9, Stained Glass
chisel:stained_glass_yellow:10, Stained Glass
chisel:stained_glass_yellow:11, Stained Glass
chisel:stained_glass_yellow:12, Stained Glass
chisel:stained_glass_yellow:13, Stained Glass
chisel:stained_glass_yellow:14, Stained Glass
chisel:stained_glass_yellow:15, Stained Glass
chisel:stained_glass_lightgray:0, Stained Glass
chisel:stained_glass_lightgray:1, Stained Glass
chisel:stained_glass_lightgray:2, Stained Glass
chisel:stained_glass_lightgray:3, Stained Glass
chisel:stained_glass_lightgray:4, Stained Glass
chisel:stained_glass_lightgray:5, Stained Glass
chisel:stained_glass_lightgray:6, Stained Glass
chisel:stained_glass_lightgray:7, Stained Glass
chisel:stained_glass_lightgray:8, Stained Glass
chisel:stained_glass_lightgray:9, Stained Glass
chisel:stained_glass_lightgray:10, Stained Glass
chisel:stained_glass_lightgray:11, Stained Glass
chisel:stained_glass_lightgray:12, Stained Glass
chisel:stained_glass_lightgray:13, Stained Glass
chisel:stained_glass_lightgray:14, Stained Glass
chisel:stained_glass_lightgray:15, Stained Glass
chisel:stained_glass_brown:0, Stained Glass
chisel:stained_glass_brown:1, Stained Glass
chisel:stained_glass_brown:2, Stained Glass
chisel:stained_glass_brown:3, Stained Glass
chisel:stained_glass_brown:4, Stained Glass
chisel:stained_glass_brown:5, Stained Glass
chisel:stained_glass_brown:6, Stained Glass
chisel:stained_glass_brown:7, Stained Glass
chisel:stained_glass_brown:8, Stained Glass
chisel:stained_glass_brown:9, Stained Glass
chisel:stained_glass_brown:10, Stained Glass
chisel:stained_glass_brown:11, Stained Glass
chisel:stained_glass_brown:12, Stained Glass
chisel:stained_glass_brown:13, Stained Glass
chisel:stained_glass_brown:14, Stained Glass
chisel:stained_glass_brown:15, Stained Glass
chisel:stained_glass_pane_white:0, Stained Glass Pane
chisel:stained_glass_pane_white:1, Stained Glass Pane
chisel:stained_glass_pane_white:2, Stained Glass Pane
chisel:stained_glass_pane_white:3, Stained Glass Pane
chisel:stained_glass_pane_white:4, Stained Glass Pane
chisel:stained_glass_pane_white:5, Stained Glass Pane
chisel:stained_glass_pane_white:8, Stained Glass Pane
chisel:stained_glass_pane_white:9, Stained Glass Pane
chisel:stained_glass_pane_white:10, Stained Glass Pane
chisel:stained_glass_pane_white:11, Stained Glass Pane
chisel:stained_glass_pane_white:12, Stained Glass Pane
chisel:stained_glass_pane_white:13, Stained Glass Pane
chisel:stained_glass_pane_magenta:0, Stained Glass Pane
chisel:stained_glass_pane_magenta:1, Stained Glass Pane
chisel:stained_glass_pane_magenta:2, Stained Glass Pane
chisel:stained_glass_pane_magenta:3, Stained Glass Pane
chisel:stained_glass_pane_magenta:4, Stained Glass Pane
chisel:stained_glass_pane_magenta:5, Stained Glass Pane
chisel:stained_glass_pane_magenta:8, Stained Glass Pane
chisel:stained_glass_pane_magenta:9, Stained Glass Pane
chisel:stained_glass_pane_magenta:10, Stained Glass Pane
chisel:stained_glass_pane_magenta:11, Stained Glass Pane
chisel:stained_glass_pane_magenta:12, Stained Glass Pane
chisel:stained_glass_pane_magenta:13, Stained Glass Pane
chisel:stained_glass_pane_yellow:0, Stained Glass Pane
chisel:stained_glass_pane_yellow:1, Stained Glass Pane
chisel:stained_glass_pane_yellow:2, Stained Glass Pane
chisel:stained_glass_pane_yellow:3, Stained Glass Pane
chisel:stained_glass_pane_yellow:4, Stained Glass Pane
chisel:stained_glass_pane_yellow:5, Stained Glass Pane
chisel:stained_glass_pane_yellow:8, Stained Glass Pane
chisel:stained_glass_pane_yellow:9, Stained Glass Pane
chisel:stained_glass_pane_yellow:10, Stained Glass Pane
chisel:stained_glass_pane_yellow:11, Stained Glass Pane
chisel:stained_glass_pane_yellow:12, Stained Glass Pane
chisel:stained_glass_pane_yellow:13, Stained Glass Pane
chisel:stained_glass_pane_pink:0, Stained Glass Pane
chisel:stained_glass_pane_pink:1, Stained Glass Pane
chisel:stained_glass_pane_pink:2, Stained Glass Pane
chisel:stained_glass_pane_pink:3, Stained Glass Pane
chisel:stained_glass_pane_pink:4, Stained Glass Pane
chisel:stained_glass_pane_pink:5, Stained Glass Pane
chisel:stained_glass_pane_pink:8, Stained Glass Pane
chisel:stained_glass_pane_pink:9, Stained Glass Pane
chisel:stained_glass_pane_pink:10, Stained Glass Pane
chisel:stained_glass_pane_pink:11, Stained Glass Pane
chisel:stained_glass_pane_pink:12, Stained Glass Pane
chisel:stained_glass_pane_pink:13, Stained Glass Pane
chisel:stained_glass_pane_lightgray:0, Stained Glass Pane
chisel:stained_glass_pane_lightgray:1, Stained Glass Pane
chisel:stained_glass_pane_lightgray:2, Stained Glass Pane
chisel:stained_glass_pane_lightgray:3, Stained Glass Pane
chisel:stained_glass_pane_lightgray:4, Stained Glass Pane
chisel:stained_glass_pane_lightgray:5, Stained Glass Pane
chisel:stained_glass_pane_lightgray:8, Stained Glass Pane
chisel:stained_glass_pane_lightgray:9, Stained Glass Pane
chisel:stained_glass_pane_lightgray:10, Stained Glass Pane
chisel:stained_glass_pane_lightgray:11, Stained Glass Pane
chisel:stained_glass_pane_lightgray:12, Stained Glass Pane
chisel:stained_glass_pane_lightgray:13, Stained Glass Pane
chisel:stained_glass_pane_purple:0, Stained Glass Pane
chisel:stained_glass_pane_purple:1, Stained Glass Pane
chisel:stained_glass_pane_purple:2, Stained Glass Pane
chisel:stained_glass_pane_purple:3, Stained Glass Pane
chisel:stained_glass_pane_purple:4, Stained Glass Pane
chisel:stained_glass_pane_purple:5, Stained Glass Pane
chisel:stained_glass_pane_purple:8, Stained Glass Pane
chisel:stained_glass_pane_purple:9, Stained Glass Pane
chisel:stained_glass_pane_purple:10, Stained Glass Pane
chisel:stained_glass_pane_purple:11, Stained Glass Pane
chisel:stained_glass_pane_purple:12, Stained Glass Pane
chisel:stained_glass_pane_purple:13, Stained Glass Pane
chisel:stained_glass_pane_brown:0, Stained Glass Pane
chisel:stained_glass_pane_brown:1, Stained Glass Pane
chisel:stained_glass_pane_brown:2, Stained Glass Pane
chisel:stained_glass_pane_brown:3, Stained Glass Pane
chisel:stained_glass_pane_brown:4, Stained Glass Pane
chisel:stained_glass_pane_brown:5, Stained Glass Pane
chisel:stained_glass_pane_brown:8, Stained Glass Pane
chisel:stained_glass_pane_brown:9, Stained Glass Pane
chisel:stained_glass_pane_brown:10, Stained Glass Pane
chisel:stained_glass_pane_brown:11, Stained Glass Pane
chisel:stained_glass_pane_brown:12, Stained Glass Pane
chisel:stained_glass_pane_brown:13, Stained Glass Pane
chisel:stained_glass_pane_red:0, Stained Glass Pane
chisel:stained_glass_pane_red:1, Stained Glass Pane
chisel:stained_glass_pane_red:2, Stained Glass Pane
chisel:stained_glass_pane_red:3, Stained Glass Pane
chisel:stained_glass_pane_red:4, Stained Glass Pane
chisel:stained_glass_pane_red:5, Stained Glass Pane
chisel:stained_glass_pane_red:8, Stained Glass Pane
chisel:stained_glass_pane_red:9, Stained Glass Pane
chisel:stained_glass_pane_red:10, Stained Glass Pane
chisel:stained_glass_pane_red:11, Stained Glass Pane
chisel:stained_glass_pane_red:12, Stained Glass Pane
chisel:stained_glass_pane_red:13, Stained Glass Pane
chisel:glotek:0, GloTek
chisel:glotek:1, GloTek
chisel:glotek:2, GloTek
chisel:glotek:3, GloTek
chisel:glotek:4, GloTek
chisel:glotek:5, GloTek
chisel:glotek:6, GloTek
chisel:glotek:7, GloTek
chisel:glotek:8, GloTek
chisel:glotek:9, GloTek
chisel:glotek:10, GloTek
chisel:glotek:11, GloTek
chisel:glotek:12, GloTek
chisel:glotek:13, GloTek
chisel:glotek:14, GloTek
chisel:glotek:15, GloTek
chisel:glowstone:1, Glowstone
chisel:glowstone:2, Glowstone
chisel:glowstone:3, Glowstone
chisel:glowstone:4, Glowstone
chisel:glowstone:5, Glowstone
chisel:glowstone:6, Glowstone
chisel:glowstone:7, Glowstone
chisel:glowstone:8, Glowstone
chisel:glowstone:9, Glowstone
chisel:glowstone:10, Glowstone
chisel:glowstone:11, Glowstone
chisel:glowstone:12, Glowstone
chisel:glowstone:13, Glowstone
chisel:glowstone:14, Glowstone
chisel:glowstone:15, Glowstone
chisel:gold2:0, Block of Gold
chisel:gold2:1, Block of Gold
chisel:gold2:2, Block of Gold
chisel:gold2:3, Block of Gold
chisel:gold2:4, Block of Gold
chisel:gold2:5, Block of Gold
chisel:gold_block:1, Gold Block
chisel:gold_block:2, Gold Block
chisel:gold_block:3, Gold Block
chisel:gold_block:4, Gold Block
chisel:gold_block:5, Gold Block
chisel:gold_block:6, Gold Block
chisel:gold_block:7, Gold Block
chisel:gold_block:8, Gold Block
chisel:gold_block:9, Gold Block
chisel:gold_block:10, Gold Block
chisel:gold_block:11, Gold Block
chisel:gold_block:12, Gold Block
chisel:gold_block:13, Gold Block
chisel:gold_block:14, Gold Block
chisel:gold_block:15, Gold Block
chisel:granite:0, Granite
chisel:granite:1, Granite
chisel:granite:2, Granite
chisel:granite:3, Granite
chisel:granite:4, Granite
chisel:granite:5, Granite
chisel:granite:6, Granite
chisel:granite:7, Granite
chisel:granite:8, Granite
chisel:granite:9, Granite
chisel:granite:10, Granite
chisel:granite:11, Granite
chisel:grimstone:0, Grimstone
chisel:grimstone:1, Grimstone
chisel:grimstone:2, Grimstone
chisel:grimstone:3, Grimstone
chisel:grimstone:4, Grimstone
chisel:grimstone:5, Grimstone
chisel:grimstone:6, Grimstone
chisel:grimstone:7, Grimstone
chisel:grimstone:8, Grimstone
chisel:grimstone:9, Grimstone
chisel:grimstone:10, Grimstone
chisel:grimstone:11, Grimstone
chisel:grimstone:12, Grimstone
chisel:grimstone:13, Grimstone
chisel:grimstone:14, Grimstone
chisel:hardened_clay:0, Terracotta
chisel:hardened_clay:1, Terracotta
chisel:hardened_clay:2, Terracotta
chisel:hardened_clay:3, Terracotta
chisel:hardened_clay:4, Terracotta
chisel:hardened_clay:5, Terracotta
chisel:hardened_clay:6, Terracotta
chisel:hardened_clay:7, Terracotta
chisel:hardened_clay:8, Terracotta
chisel:hardened_clay:9, Terracotta
chisel:hardened_clay:10, Terracotta
chisel:hardened_clay:11, Terracotta
chisel:hardened_clay:12, Terracotta
chisel:hardened_clay:13, Terracotta
chisel:hardened_clay:14, Terracotta
chisel:hardened_clay:15, Terracotta
chisel:hardened_clay2:0, Terracotta
chisel:hardened_clay2:1, Terracotta
chisel:hardened_clay2:2, Terracotta
chisel:hardened_clay2:3, Terracotta
chisel:hardened_clay2:4, Terracotta
chisel:hardened_clay2:5, Terracotta
chisel:hardened_clay2:6, Terracotta
chisel:hardened_clay2:7, Terracotta
chisel:hardened_clay2:8, Terracotta
chisel:hardened_clay2:9, Terracotta
chisel:hardened_clay_white:0, White Terracotta
chisel:hardened_clay_white:1, White Terracotta
chisel:hardened_clay_white:2, White Terracotta
chisel:hardened_clay_white:3, White Terracotta
chisel:hardened_clay_white:4, White Terracotta
chisel:hardened_clay_white:5, White Terracotta
chisel:hardened_clay_white:6, White Terracotta
chisel:hardened_clay_white:7, White Terracotta
chisel:hardened_clay_white:8, White Terracotta
chisel:hardened_clay_white:9, White Terracotta
chisel:hardened_clay_white:10, White Terracotta
chisel:hardened_clay_white:11, White Terracotta
chisel:hardened_clay_white:12, White Terracotta
chisel:hardened_clay_white:13, White Terracotta
chisel:hardened_clay_white:14, White Terracotta
chisel:hardened_clay_white:15, White Terracotta
chisel:hardened_clay_white2:0, White Terracotta
chisel:hardened_clay_white2:1, White Terracotta
chisel:hardened_clay_white2:2, White Terracotta
chisel:hardened_clay_white2:3, White Terracotta
chisel:hardened_clay_white2:4, White Terracotta
chisel:hardened_clay_white2:5, White Terracotta
chisel:hardened_clay_white2:6, White Terracotta
chisel:hardened_clay_white2:7, White Terracotta
chisel:hardened_clay_white2:8, White Terracotta
chisel:hardened_clay_white2:9, White Terracotta
chisel:hardened_clay_orange:0, Orange Terracotta
chisel:hardened_clay_orange:1, Orange Terracotta
chisel:hardened_clay_orange:2, Orange Terracotta
chisel:hardened_clay_orange:3, Orange Terracotta
chisel:hardened_clay_orange:4, Orange Terracotta
chisel:hardened_clay_orange:5, Orange Terracotta
chisel:hardened_clay_orange:6, Orange Terracotta
chisel:hardened_clay_orange:7, Orange Terracotta
chisel:hardened_clay_orange:8, Orange Terracotta
chisel:hardened_clay_orange:9, Orange Terracotta
chisel:hardened_clay_orange:10, Orange Terracotta
chisel:hardened_clay_orange:11, Orange Terracotta
chisel:hardened_clay_orange:12, Orange Terracotta
chisel:hardened_clay_orange:13, Orange Terracotta
chisel:hardened_clay_orange:14, Orange Terracotta
chisel:hardened_clay_orange:15, Orange Terracotta
chisel:hardened_clay_orange2:0, Orange Terracotta
chisel:hardened_clay_orange2:1, Orange Terracotta
chisel:hardened_clay_orange2:2, Orange Terracotta
chisel:hardened_clay_orange2:3, Orange Terracotta
chisel:hardened_clay_orange2:4, Orange Terracotta
chisel:hardened_clay_orange2:5, Orange Terracotta
chisel:hardened_clay_orange2:6, Orange Terracotta
chisel:hardened_clay_orange2:7, Orange Terracotta
chisel:hardened_clay_orange2:8, Orange Terracotta
chisel:hardened_clay_orange2:9, Orange Terracotta
chisel:hardened_clay_magenta:0, Magenta Terracotta
chisel:hardened_clay_magenta:1, Magenta Terracotta
chisel:hardened_clay_magenta:2, Magenta Terracotta
chisel:hardened_clay_magenta:3, Magenta Terracotta
chisel:hardened_clay_magenta:4, Magenta Terracotta
chisel:hardened_clay_magenta:5, Magenta Terracotta
chisel:hardened_clay_magenta:6, Magenta Terracotta
chisel:hardened_clay_magenta:7, Magenta Terracotta
chisel:hardened_clay_magenta:8, Magenta Terracotta
chisel:hardened_clay_magenta:9, Magenta Terracotta
chisel:hardened_clay_magenta:10, Magenta Terracotta
chisel:hardened_clay_magenta:11, Magenta Terracotta
chisel:hardened_clay_magenta:12, Magenta Terracotta
chisel:hardened_clay_magenta:13, Magenta Terracotta
chisel:hardened_clay_magenta:14, Magenta Terracotta
chisel:hardened_clay_magenta:15, Magenta Terracotta
chisel:hardened_clay_magenta2:0, Magenta Terracotta
chisel:hardened_clay_magenta2:1, Magenta Terracotta
chisel:hardened_clay_magenta2:2, Magenta Terracotta
chisel:hardened_clay_magenta2:3, Magenta Terracotta
chisel:hardened_clay_magenta2:4, Magenta Terracotta
chisel:hardened_clay_magenta2:5, Magenta Terracotta
chisel:hardened_clay_magenta2:6, Magenta Terracotta
chisel:hardened_clay_magenta2:7, Magenta Terracotta
chisel:hardened_clay_magenta2:8, Magenta Terracotta
chisel:hardened_clay_magenta2:9, Magenta Terracotta
chisel:hardened_clay_lightblue:0, Light Blue Terracotta
chisel:hardened_clay_lightblue:1, Light Blue Terracotta
chisel:hardened_clay_lightblue:2, Light Blue Terracotta
chisel:hardened_clay_lightblue:3, Light Blue Terracotta
chisel:hardened_clay_lightblue:4, Light Blue Terracotta
chisel:hardened_clay_lightblue:5, Light Blue Terracotta
chisel:hardened_clay_lightblue:6, Light Blue Terracotta
chisel:hardened_clay_lightblue:7, Light Blue Terracotta
chisel:hardened_clay_lightblue:8, Light Blue Terracotta
chisel:hardened_clay_lightblue:9, Light Blue Terracotta
chisel:hardened_clay_lightblue:10, Light Blue Terracotta
chisel:hardened_clay_lightblue:11, Light Blue Terracotta
chisel:hardened_clay_lightblue:12, Light Blue Terracotta
chisel:hardened_clay_lightblue:13, Light Blue Terracotta
chisel:hardened_clay_lightblue:14, Light Blue Terracotta
chisel:hardened_clay_lightblue:15, Light Blue Terracotta
chisel:hardened_clay_lightblue2:0, Light Blue Terracotta
chisel:hardened_clay_lightblue2:1, Light Blue Terracotta
chisel:hardened_clay_lightblue2:2, Light Blue Terracotta
chisel:hardened_clay_lightblue2:3, Light Blue Terracotta
chisel:hardened_clay_lightblue2:4, Light Blue Terracotta
chisel:hardened_clay_lightblue2:5, Light Blue Terracotta
chisel:hardened_clay_lightblue2:6, Light Blue Terracotta
chisel:hardened_clay_lightblue2:7, Light Blue Terracotta
chisel:hardened_clay_lightblue2:8, Light Blue Terracotta
chisel:hardened_clay_lightblue2:9, Light Blue Terracotta
chisel:hardened_clay_yellow:0, Yellow Terracotta
chisel:hardened_clay_yellow:1, Yellow Terracotta
chisel:hardened_clay_yellow:2, Yellow Terracotta
chisel:hardened_clay_yellow:3, Yellow Terracotta
chisel:hardened_clay_yellow:4, Yellow Terracotta
chisel:hardened_clay_yellow:5, Yellow Terracotta
chisel:hardened_clay_yellow:6, Yellow Terracotta
chisel:hardened_clay_yellow:7, Yellow Terracotta
chisel:hardened_clay_yellow:8, Yellow Terracotta
chisel:hardened_clay_yellow:9, Yellow Terracotta
chisel:hardened_clay_yellow:10, Yellow Terracotta
chisel:hardened_clay_yellow:11, Yellow Terracotta
chisel:hardened_clay_yellow:12, Yellow Terracotta
chisel:hardened_clay_yellow:13, Yellow Terracotta
chisel:hardened_clay_yellow:14, Yellow Terracotta
chisel:hardened_clay_yellow:15, Yellow Terracotta
chisel:hardened_clay_yellow2:0, Yellow Terracotta
chisel:hardened_clay_yellow2:1, Yellow Terracotta
chisel:hardened_clay_yellow2:2, Yellow Terracotta
chisel:hardened_clay_yellow2:3, Yellow Terracotta
chisel:hardened_clay_yellow2:4, Yellow Terracotta
chisel:hardened_clay_yellow2:5, Yellow Terracotta
chisel:hardened_clay_yellow2:6, Yellow Terracotta
chisel:hardened_clay_yellow2:7, Yellow Terracotta
chisel:hardened_clay_yellow2:8, Yellow Terracotta
chisel:hardened_clay_yellow2:9, Yellow Terracotta
chisel:hardened_clay_lime:0, Lime Terracotta
chisel:hardened_clay_lime:1, Lime Terracotta
chisel:hardened_clay_lime:2, Lime Terracotta
chisel:hardened_clay_lime:3, Lime Terracotta
chisel:hardened_clay_lime:4, Lime Terracotta
chisel:hardened_clay_lime:5, Lime Terracotta
chisel:hardened_clay_lime:6, Lime Terracotta
chisel:hardened_clay_lime:7, Lime Terracotta
chisel:hardened_clay_lime:8, Lime Terracotta
chisel:hardened_clay_lime:9, Lime Terracotta
chisel:hardened_clay_lime:10, Lime Terracotta
chisel:hardened_clay_lime:11, Lime Terracotta
chisel:hardened_clay_lime:12, Lime Terracotta
chisel:hardened_clay_lime:13, Lime Terracotta
chisel:hardened_clay_lime:14, Lime Terracotta
chisel:hardened_clay_lime:15, Lime Terracotta
chisel:hardened_clay_lime2:0, Lime Terracotta
chisel:hardened_clay_lime2:1, Lime Terracotta
chisel:hardened_clay_lime2:2, Lime Terracotta
chisel:hardened_clay_lime2:3, Lime Terracotta
chisel:hardened_clay_lime2:4, Lime Terracotta
chisel:hardened_clay_lime2:5, Lime Terracotta
chisel:hardened_clay_lime2:6, Lime Terracotta
chisel:hardened_clay_lime2:7, Lime Terracotta
chisel:hardened_clay_lime2:8, Lime Terracotta
chisel:hardened_clay_lime2:9, Lime Terracotta
chisel:hardened_clay_pink:0, Pink Terracotta
chisel:hardened_clay_pink:1, Pink Terracotta
chisel:hardened_clay_pink:2, Pink Terracotta
chisel:hardened_clay_pink:3, Pink Terracotta
chisel:hardened_clay_pink:4, Pink Terracotta
chisel:hardened_clay_pink:5, Pink Terracotta
chisel:hardened_clay_pink:6, Pink Terracotta
chisel:hardened_clay_pink:7, Pink Terracotta
chisel:hardened_clay_pink:8, Pink Terracotta
chisel:hardened_clay_pink:9, Pink Terracotta
chisel:hardened_clay_pink:10, Pink Terracotta
chisel:hardened_clay_pink:11, Pink Terracotta
chisel:hardened_clay_pink:12, Pink Terracotta
chisel:hardened_clay_pink:13, Pink Terracotta
chisel:hardened_clay_pink:14, Pink Terracotta
chisel:hardened_clay_pink:15, Pink Terracotta
chisel:hardened_clay_pink2:0, Pink Terracotta
chisel:hardened_clay_pink2:1, Pink Terracotta
chisel:hardened_clay_pink2:2, Pink Terracotta
chisel:hardened_clay_pink2:3, Pink Terracotta
chisel:hardened_clay_pink2:4, Pink Terracotta
chisel:hardened_clay_pink2:5, Pink Terracotta
chisel:hardened_clay_pink2:6, Pink Terracotta
chisel:hardened_clay_pink2:7, Pink Terracotta
chisel:hardened_clay_pink2:8, Pink Terracotta
chisel:hardened_clay_pink2:9, Pink Terracotta
chisel:hardened_clay_gray:0, Gray Terracotta
chisel:hardened_clay_gray:1, Gray Terracotta
chisel:hardened_clay_gray:2, Gray Terracotta
chisel:hardened_clay_gray:3, Gray Terracotta
chisel:hardened_clay_gray:4, Gray Terracotta
chisel:hardened_clay_gray:5, Gray Terracotta
chisel:hardened_clay_gray:6, Gray Terracotta
chisel:hardened_clay_gray:7, Gray Terracotta
chisel:hardened_clay_gray:8, Gray Terracotta
chisel:hardened_clay_gray:9, Gray Terracotta
chisel:hardened_clay_gray:10, Gray Terracotta
chisel:hardened_clay_gray:11, Gray Terracotta
chisel:hardened_clay_gray:12, Gray Terracotta
chisel:hardened_clay_gray:13, Gray Terracotta
chisel:hardened_clay_gray:14, Gray Terracotta
chisel:hardened_clay_gray:15, Gray Terracotta
chisel:hardened_clay_gray2:0, Gray Terracotta
chisel:hardened_clay_gray2:1, Gray Terracotta
chisel:hardened_clay_gray2:2, Gray Terracotta
chisel:hardened_clay_gray2:3, Gray Terracotta
chisel:hardened_clay_gray2:4, Gray Terracotta
chisel:hardened_clay_gray2:5, Gray Terracotta
chisel:hardened_clay_gray2:6, Gray Terracotta
chisel:hardened_clay_gray2:7, Gray Terracotta
chisel:hardened_clay_gray2:8, Gray Terracotta
chisel:hardened_clay_gray2:9, Gray Terracotta
chisel:hardened_clay_lightgray:0, Light Gray Terracotta
chisel:hardened_clay_lightgray:1, Light Gray Terracotta
chisel:hardened_clay_lightgray:2, Light Gray Terracotta
chisel:hardened_clay_lightgray:3, Light Gray Terracotta
chisel:hardened_clay_lightgray:4, Light Gray Terracotta
chisel:hardened_clay_lightgray:5, Light Gray Terracotta
chisel:hardened_clay_lightgray:6, Light Gray Terracotta
chisel:hardened_clay_lightgray:7, Light Gray Terracotta
chisel:hardened_clay_lightgray:8, Light Gray Terracotta
chisel:hardened_clay_lightgray:9, Light Gray Terracotta
chisel:hardened_clay_lightgray:10, Light Gray Terracotta
chisel:hardened_clay_lightgray:11, Light Gray Terracotta
chisel:hardened_clay_lightgray:12, Light Gray Terracotta
chisel:hardened_clay_lightgray:13, Light Gray Terracotta
chisel:hardened_clay_lightgray:14, Light Gray Terracotta
chisel:hardened_clay_lightgray:15, Light Gray Terracotta
chisel:hardened_clay_lightgray2:0, Light Gray Terracotta
chisel:hardened_clay_lightgray2:1, Light Gray Terracotta
chisel:hardened_clay_lightgray2:2, Light Gray Terracotta
chisel:hardened_clay_lightgray2:3, Light Gray Terracotta
chisel:hardened_clay_lightgray2:4, Light Gray Terracotta
chisel:hardened_clay_lightgray2:5, Light Gray Terracotta
chisel:hardened_clay_lightgray2:6, Light Gray Terracotta
chisel:hardened_clay_lightgray2:7, Light Gray Terracotta
chisel:hardened_clay_lightgray2:8, Light Gray Terracotta
chisel:hardened_clay_lightgray2:9, Light Gray Terracotta
chisel:hardened_clay_cyan:0, Cyan Terracotta
chisel:hardened_clay_cyan:1, Cyan Terracotta
chisel:hardened_clay_cyan:2, Cyan Terracotta
chisel:hardened_clay_cyan:3, Cyan Terracotta
chisel:hardened_clay_cyan:4, Cyan Terracotta
chisel:hardened_clay_cyan:5, Cyan Terracotta
chisel:hardened_clay_cyan:6, Cyan Terracotta
chisel:hardened_clay_cyan:7, Cyan Terracotta
chisel:hardened_clay_cyan:8, Cyan Terracotta
chisel:hardened_clay_cyan:9, Cyan Terracotta
chisel:hardened_clay_cyan:10, Cyan Terracotta
chisel:hardened_clay_cyan:11, Cyan Terracotta
chisel:hardened_clay_cyan:12, Cyan Terracotta
chisel:hardened_clay_cyan:13, Cyan Terracotta
chisel:hardened_clay_cyan:14, Cyan Terracotta
chisel:hardened_clay_cyan:15, Cyan Terracotta
chisel:hardened_clay_cyan2:0, Cyan Terracotta
chisel:hardened_clay_cyan2:1, Cyan Terracotta
chisel:hardened_clay_cyan2:2, Cyan Terracotta
chisel:hardened_clay_cyan2:3, Cyan Terracotta
chisel:hardened_clay_cyan2:4, Cyan Terracotta
chisel:hardened_clay_cyan2:5, Cyan Terracotta
chisel:hardened_clay_cyan2:6, Cyan Terracotta
chisel:hardened_clay_cyan2:7, Cyan Terracotta
chisel:hardened_clay_cyan2:8, Cyan Terracotta
chisel:hardened_clay_cyan2:9, Cyan Terracotta
chisel:hardened_clay_purple:0, Purple Terracotta
chisel:hardened_clay_purple:1, Purple Terracotta
chisel:hardened_clay_purple:2, Purple Terracotta
chisel:hardened_clay_purple:3, Purple Terracotta
chisel:hardened_clay_purple:4, Purple Terracotta
chisel:hardened_clay_purple:5, Purple Terracotta
chisel:hardened_clay_purple:6, Purple Terracotta
chisel:hardened_clay_purple:7, Purple Terracotta
chisel:hardened_clay_purple:8, Purple Terracotta
chisel:hardened_clay_purple:9, Purple Terracotta
chisel:hardened_clay_purple:10, Purple Terracotta
chisel:hardened_clay_purple:11, Purple Terracotta
chisel:hardened_clay_purple:12, Purple Terracotta
chisel:hardened_clay_purple:13, Purple Terracotta
chisel:hardened_clay_purple:14, Purple Terracotta
chisel:hardened_clay_purple:15, Purple Terracotta
chisel:hardened_clay_purple2:0, Purple Terracotta
chisel:hardened_clay_purple2:1, Purple Terracotta
chisel:hardened_clay_purple2:2, Purple Terracotta
chisel:hardened_clay_purple2:3, Purple Terracotta
chisel:hardened_clay_purple2:4, Purple Terracotta
chisel:hardened_clay_purple2:5, Purple Terracotta
chisel:hardened_clay_purple2:6, Purple Terracotta
chisel:hardened_clay_purple2:7, Purple Terracotta
chisel:hardened_clay_purple2:8, Purple Terracotta
chisel:hardened_clay_purple2:9, Purple Terracotta
chisel:hardened_clay_blue:0, Blue Terracotta
chisel:hardened_clay_blue:1, Blue Terracotta
chisel:hardened_clay_blue:2, Blue Terracotta
chisel:hardened_clay_blue:3, Blue Terracotta
chisel:hardened_clay_blue:4, Blue Terracotta
chisel:hardened_clay_blue:5, Blue Terracotta
chisel:hardened_clay_blue:6, Blue Terracotta
chisel:hardened_clay_blue:7, Blue Terracotta
chisel:hardened_clay_blue:8, Blue Terracotta
chisel:hardened_clay_blue:9, Blue Terracotta
chisel:hardened_clay_blue:10, Blue Terracotta
chisel:hardened_clay_blue:11, Blue Terracotta
chisel:hardened_clay_blue:12, Blue Terracotta
chisel:hardened_clay_blue:13, Blue Terracotta
chisel:hardened_clay_blue:14, Blue Terracotta
chisel:hardened_clay_blue:15, Blue Terracotta
chisel:hardened_clay_blue2:0, Blue Terracotta
chisel:hardened_clay_blue2:1, Blue Terracotta
chisel:hardened_clay_blue2:2, Blue Terracotta
chisel:hardened_clay_blue2:3, Blue Terracotta
chisel:hardened_clay_blue2:4, Blue Terracotta
chisel:hardened_clay_blue2:5, Blue Terracotta
chisel:hardened_clay_blue2:6, Blue Terracotta
chisel:hardened_clay_blue2:7, Blue Terracotta
chisel:hardened_clay_blue2:8, Blue Terracotta
chisel:hardened_clay_blue2:9, Blue Terracotta
chisel:hardened_clay_brown:0, Brown Terracotta
chisel:hardened_clay_brown:1, Brown Terracotta
chisel:hardened_clay_brown:2, Brown Terracotta
chisel:hardened_clay_brown:3, Brown Terracotta
chisel:hardened_clay_brown:4, Brown Terracotta
chisel:hardened_clay_brown:5, Brown Terracotta
chisel:hardened_clay_brown:6, Brown Terracotta
chisel:hardened_clay_brown:7, Brown Terracotta
chisel:hardened_clay_brown:8, Brown Terracotta
chisel:hardened_clay_brown:9, Brown Terracotta
chisel:hardened_clay_brown:10, Brown Terracotta
chisel:hardened_clay_brown:11, Brown Terracotta
chisel:hardened_clay_brown:12, Brown Terracotta
chisel:hardened_clay_brown:13, Brown Terracotta
chisel:hardened_clay_brown:14, Brown Terracotta
chisel:hardened_clay_brown:15, Brown Terracotta
chisel:hardened_clay_brown2:0, Brown Terracotta
chisel:hardened_clay_brown2:1, Brown Terracotta
chisel:hardened_clay_brown2:2, Brown Terracotta
chisel:hardened_clay_brown2:3, Brown Terracotta
chisel:hardened_clay_brown2:4, Brown Terracotta
chisel:hardened_clay_brown2:5, Brown Terracotta
chisel:hardened_clay_brown2:6, Brown Terracotta
chisel:hardened_clay_brown2:7, Brown Terracotta
chisel:hardened_clay_brown2:8, Brown Terracotta
chisel:hardened_clay_brown2:9, Brown Terracotta
chisel:hardened_clay_green:0, Green Terracotta
chisel:hardened_clay_green:1, Green Terracotta
chisel:hardened_clay_green:2, Green Terracotta
chisel:hardened_clay_green:3, Green Terracotta
chisel:hardened_clay_green:4, Green Terracotta
chisel:hardened_clay_green:5, Green Terracotta
chisel:hardened_clay_green:6, Green Terracotta
chisel:hardened_clay_green:7, Green Terracotta
chisel:hardened_clay_green:8, Green Terracotta
chisel:hardened_clay_green:9, Green Terracotta
chisel:hardened_clay_green:10, Green Terracotta
chisel:hardened_clay_green:11, Green Terracotta
chisel:hardened_clay_green:12, Green Terracotta
chisel:hardened_clay_green:13, Green Terracotta
chisel:hardened_clay_green:14, Green Terracotta
chisel:hardened_clay_green:15, Green Terracotta
chisel:hardened_clay_green2:0, Green Terracotta
chisel:hardened_clay_green2:1, Green Terracotta
chisel:hardened_clay_green2:2, Green Terracotta
chisel:hardened_clay_green2:3, Green Terracotta
chisel:hardened_clay_green2:4, Green Terracotta
chisel:hardened_clay_green2:5, Green Terracotta
chisel:hardened_clay_green2:6, Green Terracotta
chisel:hardened_clay_green2:7, Green Terracotta
chisel:hardened_clay_green2:8, Green Terracotta
chisel:hardened_clay_green2:9, Green Terracotta
chisel:hardened_clay_red:0, Red Terracotta
chisel:hardened_clay_red:1, Red Terracotta
chisel:hardened_clay_red:2, Red Terracotta
chisel:hardened_clay_red:3, Red Terracotta
chisel:hardened_clay_red:4, Red Terracotta
chisel:hardened_clay_red:5, Red Terracotta
chisel:hardened_clay_red:6, Red Terracotta
chisel:hardened_clay_red:7, Red Terracotta
chisel:hardened_clay_red:8, Red Terracotta
chisel:hardened_clay_red:9, Red Terracotta
chisel:hardened_clay_red:10, Red Terracotta
chisel:hardened_clay_red:11, Red Terracotta
chisel:hardened_clay_red:12, Red Terracotta
chisel:hardened_clay_red:13, Red Terracotta
chisel:hardened_clay_red:14, Red Terracotta
chisel:hardened_clay_red:15, Red Terracotta
chisel:hardened_clay_red2:0, Red Terracotta
chisel:hardened_clay_red2:1, Red Terracotta
chisel:hardened_clay_red2:2, Red Terracotta
chisel:hardened_clay_red2:3, Red Terracotta
chisel:hardened_clay_red2:4, Red Terracotta
chisel:hardened_clay_red2:5, Red Terracotta
chisel:hardened_clay_red2:6, Red Terracotta
chisel:hardened_clay_red2:7, Red Terracotta
chisel:hardened_clay_red2:8, Red Terracotta
chisel:hardened_clay_red2:9, Red Terracotta
chisel:hardened_clay_black:0, Black Terracotta
chisel:hardened_clay_black:1, Black Terracotta
chisel:hardened_clay_black:2, Black Terracotta
chisel:hardened_clay_black:3, Black Terracotta
chisel:hardened_clay_black:4, Black Terracotta
chisel:hardened_clay_black:5, Black Terracotta
chisel:hardened_clay_black:6, Black Terracotta
chisel:hardened_clay_black:7, Black Terracotta
chisel:hardened_clay_black:8, Black Terracotta
chisel:hardened_clay_black:9, Black Terracotta
chisel:hardened_clay_black:10, Black Terracotta
chisel:hardened_clay_black:11, Black Terracotta
chisel:hardened_clay_black:12, Black Terracotta
chisel:hardened_clay_black:13, Black Terracotta
chisel:hardened_clay_black:14, Black Terracotta
chisel:hardened_clay_black:15, Black Terracotta
chisel:hardened_clay_black2:0, Black Terracotta
chisel:hardened_clay_black2:1, Black Terracotta
chisel:hardened_clay_black2:2, Black Terracotta
chisel:hardened_clay_black2:3, Black Terracotta
chisel:hardened_clay_black2:4, Black Terracotta
chisel:hardened_clay_black2:5, Black Terracotta
chisel:hardened_clay_black2:6, Black Terracotta
chisel:hardened_clay_black2:7, Black Terracotta
chisel:hardened_clay_black2:8, Black Terracotta
chisel:hardened_clay_black2:9, Black Terracotta
chisel:hexPlating:0, Hex Plating
chisel:hexPlating:1, Hex Plating
chisel:hexPlating:2, Hex Plating
chisel:hexPlating:3, Hex Plating
chisel:hexPlating:4, Hex Plating
chisel:hexPlating:5, Hex Plating
chisel:hexPlating:6, Hex Plating
chisel:hexPlating:7, Hex Plating
chisel:hexPlating:8, Hex Plating
chisel:hexPlating:9, Hex Plating
chisel:hexPlating:10, Hex Plating
chisel:hexPlating:11, Hex Plating
chisel:hexPlating:12, Hex Plating
chisel:hexPlating:13, Hex Plating
chisel:hexPlating:14, Hex Plating
chisel:hexPlating:15, Hex Plating
chisel:hexLargePlating:0, Large Hex Plating
chisel:hexLargePlating:1, Large Hex Plating
chisel:hexLargePlating:2, Large Hex Plating
chisel:hexLargePlating:3, Large Hex Plating
chisel:hexLargePlating:4, Large Hex Plating
chisel:hexLargePlating:5, Large Hex Plating
chisel:hexLargePlating:6, Large Hex Plating
chisel:hexLargePlating:7, Large Hex Plating
chisel:hexLargePlating:8, Large Hex Plating
chisel:hexLargePlating:9, Large Hex Plating
chisel:hexLargePlating:10, Large Hex Plating
chisel:hexLargePlating:11, Large Hex Plating
chisel:hexLargePlating:12, Large Hex Plating
chisel:hexLargePlating:13, Large Hex Plating
chisel:hexLargePlating:14, Large Hex Plating
chisel:hexLargePlating:15, Large Hex Plating
chisel:holystone:0, Holystone
chisel:holystone:1, Holystone
chisel:holystone:2, Holystone
chisel:holystone:3, Holystone
chisel:holystone:4, Holystone
chisel:holystone:5, Holystone
chisel:holystone:6, Holystone
chisel:holystone:7, Holystone
chisel:holystone:8, Holystone
chisel:holystone:9, Holystone
chisel:holystone:10, Holystone
chisel:holystone:11, Holystone
chisel:holystone:12, Holystone
chisel:holystone:13, Holystone
chisel:hempcrete:0, Hempcrete
chisel:hempcrete:1, Hempcrete
chisel:hempcrete:2, Hempcrete
chisel:hempcrete:3, Hempcrete
chisel:hempcrete:4, Hempcrete
chisel:hempcrete:5, Hempcrete
chisel:hempcrete:6, Hempcrete
chisel:hempcrete:7, Hempcrete
chisel:hempcrete:8, Hempcrete
chisel:hempcrete:9, Hempcrete
chisel:hempcrete:10, Hempcrete
chisel:hempcrete:11, Hempcrete
chisel:hempcrete:12, Hempcrete
chisel:hempcrete:13, Hempcrete
chisel:hempcrete:14, Hempcrete
chisel:hempcrete:15, Hempcrete
chisel:hempcretesand:0, Hempcrete powder
chisel:hempcretesand:1, Hempcrete powder
chisel:hempcretesand:2, Hempcrete powder
chisel:hempcretesand:3, Hempcrete powder
chisel:hempcretesand:4, Hempcrete powder
chisel:hempcretesand:5, Hempcrete powder
chisel:hempcretesand:6, Hempcrete powder
chisel:hempcretesand:7, Hempcrete powder
chisel:hempcretesand:8, Hempcrete powder
chisel:hempcretesand:9, Hempcrete powder
chisel:hempcretesand:10, Hempcrete powder
chisel:hempcretesand:11, Hempcrete powder
chisel:hempcretesand:12, Hempcrete powder
chisel:hempcretesand:13, Hempcrete powder
chisel:hempcretesand:14, Hempcrete powder
chisel:hempcretesand:15, Hempcrete powder
chisel:ice:1, Ice
chisel:ice:2, Ice
chisel:ice:3, Ice
chisel:ice:4, Ice
chisel:ice:5, Ice
chisel:ice:6, Ice
chisel:ice:7, Ice
chisel:ice:8, Ice
chisel:ice:9, Ice
chisel:ice:10, Ice
chisel:ice:11, Ice
chisel:ice:12, Ice
chisel:ice:13, Ice
chisel:ice:14, Ice
chisel:ice:15, Ice
chisel:ice_pillar:0, Ice Pillar
chisel:ice_pillar:1, Ice Pillar
chisel:ice_pillar:2, Ice Pillar
chisel:ice_pillar:3, Ice Pillar
chisel:ice_pillar:4, Ice Pillar
chisel:ice_pillar:5, Ice Pillar
chisel:ice_pillar:6, Ice Pillar
chisel:ice_stairs.0:0, Ice Stairs
chisel:ice_stairs.0:8, Ice Stairs
chisel:ice_stairs.1:0, Ice Stairs
chisel:ice_stairs.1:8, Ice Stairs
chisel:ice_stairs.2:0, Ice Stairs
chisel:ice_stairs.2:8, Ice Stairs
chisel:ice_stairs.3:0, Ice Stairs
chisel:ice_stairs.3:8, Ice Stairs
chisel:ice_stairs.4:0, Ice Stairs
chisel:ice_stairs.4:8, Ice Stairs
chisel:ice_stairs.5:0, Ice Stairs
chisel:ice_stairs.5:8, Ice Stairs
chisel:ice_stairs.6:0, Ice Stairs
chisel:ice_stairs.6:8, Ice Stairs
chisel:ice_stairs.7:0, Ice Stairs
chisel:ice_stairs.7:8, Ice Stairs
chisel:iron_bars:1, Iron Bars
chisel:iron_bars:2, Iron Bars
chisel:iron_bars:3, Iron Bars
chisel:iron_bars:4, Iron Bars
chisel:iron_bars:5, Iron Bars
chisel:iron_bars:6, Iron Bars
chisel:iron_bars:7, Iron Bars
chisel:iron_bars:8, Iron Bars
chisel:iron_bars:9, Iron Bars
chisel:iron2:0, Block of Iron
chisel:iron2:1, Block of Iron
chisel:iron2:2, Block of Iron
chisel:iron2:3, Block of Iron
chisel:iron2:4, Block of Iron
chisel:iron2:5, Block of Iron
chisel:iron_block:0, Iron Block
chisel:iron_block:1, Iron Block
chisel:iron_block:2, Iron Block
chisel:iron_block:3, Iron Block
chisel:iron_block:4, Iron Block
chisel:iron_block:5, Iron Block
chisel:iron_block:6, Iron Block
chisel:iron_block:7, Iron Block
chisel:iron_block:8, Iron Block
chisel:iron_block:9, Iron Block
chisel:iron_block:10, Iron Block
chisel:iron_block:11, Iron Block
chisel:iron_block:12, Iron Block
chisel:iron_block:13, Iron Block
chisel:iron_block:14, Iron Block
chisel:iron_block:15, Iron Block
chisel:jackolantern1:0, Jack o'Lantern
chisel:jackolantern2:0, Jack o'Lantern
chisel:jackolantern3:0, Jack o'Lantern
chisel:jackolantern4:0, Jack o'Lantern
chisel:jackolantern5:0, Jack o'Lantern
chisel:jackolantern6:0, Jack o'Lantern
chisel:jackolantern7:0, Jack o'Lantern
chisel:jackolantern8:0, Jack o'Lantern
chisel:jackolantern9:0, Jack o'Lantern
chisel:jackolantern10:0, Jack o'Lantern
chisel:jackolantern11:0, Jack o'Lantern
chisel:jackolantern12:0, Jack o'Lantern
chisel:jackolantern13:0, Jack o'Lantern
chisel:jackolantern14:0, Jack o'Lantern
chisel:jackolantern15:0, Jack o'Lantern
chisel:jackolantern16:0, Jack o'Lantern
chisel:laboratoryblock:0, Laboratory Block
chisel:laboratoryblock:1, Laboratory Block
chisel:laboratoryblock:2, Laboratory Block
chisel:laboratoryblock:3, Laboratory Block
chisel:laboratoryblock:4, Laboratory Block
chisel:laboratoryblock:5, Laboratory Block
chisel:laboratoryblock:6, Laboratory Block
chisel:laboratoryblock:7, Laboratory Block
chisel:laboratoryblock:8, Laboratory Block
chisel:laboratoryblock:9, Laboratory Block
chisel:laboratoryblock:10, Laboratory Block
chisel:laboratoryblock:11, Laboratory Block
chisel:laboratoryblock:12, Laboratory Block
chisel:laboratoryblock:13, Laboratory Block
chisel:laboratoryblock:14, Laboratory Block
chisel:laboratoryblock:15, Laboratory Block
chisel:lapis_block:1, Lapis Block
chisel:lapis_block:2, Lapis Block
chisel:lapis_block:3, Lapis Block
chisel:lapis_block:4, Lapis Block
chisel:lapis_block:5, Lapis Block
chisel:lapis_block:6, Lapis Block
chisel:lapis_block:7, Lapis Block
chisel:lapis_block:8, Lapis Block
chisel:lapis_block:9, Lapis Block
chisel:lavastone:0, Lavastone
chisel:lavastone:1, Lavastone
chisel:lavastone:2, Lavastone
chisel:lavastone:3, Lavastone
chisel:lavastone:4, Lavastone
chisel:lavastone:5, Lavastone
chisel:lavastone:6, Lavastone
chisel:lavastone:7, Lavastone
chisel:leadblock:0, Block of Lead
chisel:leadblock:1, Block of Lead
chisel:leadblock:2, Block of Lead
chisel:leadblock:3, Block of Lead
chisel:leadblock:4, Block of Lead
chisel:leadblock:5, Block of Lead
chisel:leaves:6, Leaves
chisel:leaves:7, Leaves
chisel:leaves:8, Leaves
chisel:leaves:9, Leaves
chisel:leaves:10, Leaves
chisel:leaves:11, Leaves
chisel:leaves:12, Leaves
chisel:limestone:0, Limestone
chisel:limestone:1, Limestone
chisel:limestone:2, Limestone
chisel:limestone:3, Limestone
chisel:limestone:4, Limestone
chisel:limestone:5, Limestone
chisel:limestone:6, Limestone
chisel:limestone:7, Limestone
chisel:limestone:8, Limestone
chisel:limestone:9, Limestone
chisel:limestone:10, Limestone
chisel:limestone:11, Limestone
chisel:limestone:12, Limestone
chisel:limestone:13, Limestone
chisel:limestone:14, Limestone
chisel:limestone:15, Limestone
chisel:limestone_slab:0, Limestone Slab
chisel:limestone_slab:1, Limestone Slab
chisel:limestone_slab:2, Limestone Slab
chisel:limestone_slab:3, Limestone Slab
chisel:limestone_slab:4, Limestone Slab
chisel:limestone_slab:5, Limestone Slab
chisel:limestone_slab:6, Limestone Slab
chisel:limestone_slab:7, Limestone Slab
chisel:limestone_slab:8, Limestone Slab
chisel:limestone_slab:9, Limestone Slab
chisel:limestone_slab:10, Limestone Slab
chisel:limestone_slab:11, Limestone Slab
chisel:limestone_slab:12, Limestone Slab
chisel:limestone_slab:13, Limestone Slab
chisel:limestone_slab:14, Limestone Slab
chisel:limestone_slab:15, Limestone Slab
chisel:limestone_slab_top, Limestone Slab
chisel:limestone_stairs.0:0, Limestone Stairs
chisel:limestone_stairs.0:8, Limestone Stairs
chisel:limestone_stairs.1:0, Limestone Stairs
chisel:limestone_stairs.1:8, Limestone Stairs
chisel:limestone_stairs.2:0, Limestone Stairs
chisel:limestone_stairs.2:8, Limestone Stairs
chisel:limestone_stairs.3:0, Limestone Stairs
chisel:limestone_stairs.3:8, Limestone Stairs
chisel:limestone_stairs.4:0, Limestone Stairs
chisel:limestone_stairs.4:8, Limestone Stairs
chisel:limestone_stairs.5:0, Limestone Stairs
chisel:limestone_stairs.5:8, Limestone Stairs
chisel:limestone_stairs.6:0, Limestone Stairs
chisel:limestone_stairs.6:8, Limestone Stairs
chisel:limestone_stairs.7:0, Limestone Stairs
chisel:limestone_stairs.7:8, Limestone Stairs
chisel:marble:0, Marble
chisel:marble:1, Marble
chisel:marble:2, Marble
chisel:marble:3, Marble
chisel:marble:4, Marble
chisel:marble:5, Marble
chisel:marble:6, Marble
chisel:marble:7, Marble
chisel:marble:8, Marble
chisel:marble:9, Marble
chisel:marble:10, Marble
chisel:marble:11, Marble
chisel:marble:12, Marble
chisel:marble:13, Marble
chisel:marble:14, Marble
chisel:marble:15, Marble
chisel:marble_slab:0, Marble Slab
chisel:marble_slab:1, Marble Slab
chisel:marble_slab:2, Marble Slab
chisel:marble_slab:3, Marble Slab
chisel:marble_slab:4, Marble Slab
chisel:marble_slab:5, Marble Slab
chisel:marble_slab:6, Marble Slab
chisel:marble_slab:7, Marble Slab
chisel:marble_slab:8, Marble Slab
chisel:marble_slab:9, Marble Slab
chisel:marble_slab:10, Marble Slab
chisel:marble_slab:11, Marble Slab
chisel:marble_slab:12, Marble Slab
chisel:marble_slab:13, Marble Slab
chisel:marble_slab:14, Marble Slab
chisel:marble_slab:15, Marble Slab
chisel:marble_slab_top, Marble Slab
chisel:marble_stairs.0:0, Marble Stairs
chisel:marble_stairs.0:8, Marble Stairs
chisel:marble_stairs.1:0, Marble Stairs
chisel:marble_stairs.1:8, Marble Stairs
chisel:marble_stairs.2:0, Marble Stairs
chisel:marble_stairs.2:8, Marble Stairs
chisel:marble_stairs.3:0, Marble Stairs
chisel:marble_stairs.3:8, Marble Stairs
chisel:marble_stairs.4:0, Marble Stairs
chisel:marble_stairs.4:8, Marble Stairs
chisel:marble_stairs.5:0, Marble Stairs
chisel:marble_stairs.5:8, Marble Stairs
chisel:marble_stairs.6:0, Marble Stairs
chisel:marble_stairs.6:8, Marble Stairs
chisel:marble_stairs.7:0, Marble Stairs
chisel:marble_stairs.7:8, Marble Stairs
chisel:marble_pillar:0, Marble Pillar
chisel:marble_pillar:1, Marble Pillar
chisel:marble_pillar:2, Marble Pillar
chisel:marble_pillar:3, Marble Pillar
chisel:marble_pillar:4, Marble Pillar
chisel:marble_pillar:5, Marble Pillar
chisel:marble_pillar:6, Marble Pillar
chisel:marble_pillar:7, Marble Pillar
chisel:marble_pillar:8, Marble Pillar
chisel:marble_pillar:9, Marble Pillar
chisel:marble_pillar:10, Marble Pillar
chisel:marble_pillar:11, Marble Pillar
chisel:marble_pillar:12, Marble Pillar
chisel:marble_pillar:13, Marble Pillar
chisel:marble_pillar:14, Marble Pillar
chisel:marble_pillar:15, Marble Pillar
chisel:marble_pillar_slab:0, Marble Pillar Slab
chisel:marble_pillar_slab:1, Marble Pillar Slab
chisel:marble_pillar_slab:2, Marble Pillar Slab
chisel:marble_pillar_slab:3, Marble Pillar Slab
chisel:marble_pillar_slab:4, Marble Pillar Slab
chisel:marble_pillar_slab:5, Marble Pillar Slab
chisel:marble_pillar_slab:6, Marble Pillar Slab
chisel:marble_pillar_slab:7, Marble Pillar Slab
chisel:marble_pillar_slab:8, Marble Pillar Slab
chisel:marble_pillar_slab:9, Marble Pillar Slab
chisel:marble_pillar_slab:10, Marble Pillar Slab
chisel:marble_pillar_slab:11, Marble Pillar Slab
chisel:marble_pillar_slab:12, Marble Pillar Slab
chisel:marble_pillar_slab:13, Marble Pillar Slab
chisel:marble_pillar_slab:14, Marble Pillar Slab
chisel:marble_pillar_slab:15, Marble Pillar Slab
chisel:marble_pillar_slab_top, Marble Pillar Slab
chisel:nation:0, Imperialistic Block
chisel:nation:1, Imperialistic Block
chisel:nation:2, Imperialistic Block
chisel:nation:3, Imperialistic Block
chisel:nation:4, Imperialistic Block
chisel:rebel:0, Rebellious Block
chisel:rebel:1, Rebellious Block
chisel:rebel:2, Rebellious Block
chisel:rebel:3, Rebellious Block
chisel:rebel:4, Rebellious Block
chisel:neonite:0, Neonite
chisel:neonite:1, Neonite
chisel:neonite:2, Neonite
chisel:neonite:3, Neonite
chisel:neonite:4, Neonite
chisel:neonite:5, Neonite
chisel:neonite:6, Neonite
chisel:neonite:7, Neonite
chisel:neonite:8, Neonite
chisel:neonite:9, Neonite
chisel:neonite:10, Neonite
chisel:neonite:11, Neonite
chisel:neonite:12, Neonite
chisel:neonite:13, Neonite
chisel:neonite:14, Neonite
chisel:neonite:15, Neonite
chisel:nether_brick:1, Nether Brick
chisel:nether_brick:2, Nether Brick
chisel:nether_brick:3, Nether Brick
chisel:nether_brick:4, Nether Brick
chisel:nether_brick:5, Nether Brick
chisel:nether_brick:6, Nether Brick
chisel:nether_brick:7, Nether Brick
chisel:nether_brick:8, Nether Brick
chisel:nether_brick:9, Nether Brick
chisel:nether_brick:10, Nether Brick
chisel:nether_brick:11, Nether Brick
chisel:nether_brick:12, Nether Brick
chisel:nether_brick:13, Nether Brick
chisel:nether_brick:14, Nether Brick
chisel:nether_brick:15, Nether Brick
chisel:netherrack:1, Netherrack
chisel:netherrack:2, Netherrack
chisel:netherrack:3, Netherrack
chisel:netherrack:4, Netherrack
chisel:netherrack:5, Netherrack
chisel:netherrack:6, Netherrack
chisel:netherrack:7, Netherrack
chisel:netherrack:8, Netherrack
chisel:netherrack:9, Netherrack
chisel:netherrack:10, Netherrack
chisel:netherrack:11, Netherrack
chisel:netherrack:12, Netherrack
chisel:netherrack:13, Netherrack
chisel:netherrack:14, Netherrack
chisel:nucrete:0, Structural Concrete
chisel:nucrete:1, Structural Concrete
chisel:nucrete:2, Structural Concrete
chisel:nucrete:3, Structural Concrete
chisel:nucrete:4, Structural Concrete
chisel:nucrete:5, Structural Concrete
chisel:nucrete:6, Structural Concrete
chisel:nucrete:7, Structural Concrete
chisel:nucrete:8, Structural Concrete
chisel:nucrete:9, Structural Concrete
chisel:nucrete:10, Structural Concrete
chisel:nucrete:11, Structural Concrete
chisel:nucrete:12, Structural Concrete
chisel:nucrete:13, Structural Concrete
chisel:nucrete:14, Structural Concrete
chisel:nucrete:15, Structural Concrete
chisel:obsidian:1, Obsidian
chisel:obsidian:2, Obsidian
chisel:obsidian:3, Obsidian
chisel:obsidian:4, Obsidian
chisel:obsidian:5, Obsidian
chisel:obsidian:6, Obsidian
chisel:obsidian:7, Obsidian
chisel:obsidian:8, Obsidian
chisel:obsidian:9, Obsidian
chisel:obsidian:10, Obsidian
chisel:obsidian:11, Obsidian
chisel:obsidian:12, Obsidian
chisel:obsidian:13, Obsidian
chisel:obsidian:14, Obsidian
chisel:obsidian:15, Obsidian
chisel:packedice:1, Packed Ice
chisel:packedice:2, Packed Ice
chisel:packedice:3, Packed Ice
chisel:packedice:4, Packed Ice
chisel:packedice:5, Packed Ice
chisel:packedice:6, Packed Ice
chisel:packedice:7, Packed Ice
chisel:packedice:8, Packed Ice
chisel:packedice:9, Packed Ice
chisel:packedice:10, Packed Ice
chisel:packedice:11, Packed Ice
chisel:packedice:12, Packed Ice
chisel:packedice:13, Packed Ice
chisel:packedice:14, Packed Ice
chisel:packedice:15, Packed Ice
chisel:packedice_pillar:0, Packed Ice Pillar
chisel:packedice_pillar:1, Packed Ice Pillar
chisel:packedice_pillar:2, Packed Ice Pillar
chisel:packedice_pillar:3, Packed Ice Pillar
chisel:packedice_pillar:4, Packed Ice Pillar
chisel:packedice_pillar:5, Packed Ice Pillar
chisel:packedice_pillar:6, Packed Ice Pillar
chisel:packedice_stairs.0:0, Packed Ice Stairs
chisel:packedice_stairs.0:8, Packed Ice Stairs
chisel:packedice_stairs.1:0, Packed Ice Stairs
chisel:packedice_stairs.1:8, Packed Ice Stairs
chisel:packedice_stairs.2:0, Packed Ice Stairs
chisel:packedice_stairs.2:8, Packed Ice Stairs
chisel:packedice_stairs.3:0, Packed Ice Stairs
chisel:packedice_stairs.3:8, Packed Ice Stairs
chisel:packedice_stairs.4:0, Packed Ice Stairs
chisel:packedice_stairs.4:8, Packed Ice Stairs
chisel:packedice_stairs.5:0, Packed Ice Stairs
chisel:packedice_stairs.5:8, Packed Ice Stairs
chisel:packedice_stairs.6:0, Packed Ice Stairs
chisel:packedice_stairs.6:8, Packed Ice Stairs
chisel:packedice_stairs.7:0, Packed Ice Stairs
chisel:packedice_stairs.7:8, Packed Ice Stairs
chisel:paperwall:0, Paperwall
chisel:paperwall:1, Paperwall
chisel:paperwall:2, Paperwall
chisel:paperwall:3, Paperwall
chisel:paperwall:4, Paperwall
chisel:paperwall:5, Paperwall
chisel:paperwall:6, Paperwall
chisel:paperwall:7, Paperwall
chisel:paperwall:8, Paperwall
chisel:paperwall_block:0, Paperwall Block
chisel:paperwall_block:1, Paperwall Block
chisel:paperwall_block:2, Paperwall Block
chisel:paperwall_block:3, Paperwall Block
chisel:paperwall_block:4, Paperwall Block
chisel:paperwall_block:5, Paperwall Block
chisel:paperwall_block:6, Paperwall Block
chisel:paperwall_block:7, Paperwall Block
chisel:paperwall_block:8, Paperwall Block
chisel:present:0, Present
chisel:present:1, Present
chisel:present:2, Present
chisel:present:3, Present
chisel:present:4, Present
chisel:present:5, Present
chisel:present:6, Present
chisel:present:7, Present
chisel:present:8, Present
chisel:present:9, Present
chisel:present:10, Present
chisel:present:11, Present
chisel:present:12, Present
chisel:present:13, Present
chisel:present:14, Present
chisel:present:15, Present
chisel:pumpkin1:0, Pumpkin
chisel:pumpkin2:0, Pumpkin
chisel:pumpkin3:0, Pumpkin
chisel:pumpkin4:0, Pumpkin
chisel:pumpkin5:0, Pumpkin
chisel:pumpkin6:0, Pumpkin
chisel:pumpkin7:0, Pumpkin
chisel:pumpkin8:0, Pumpkin
chisel:pumpkin9:0, Pumpkin
chisel:pumpkin10:0, Pumpkin
chisel:pumpkin11:0, Pumpkin
chisel:pumpkin12:0, Pumpkin
chisel:pumpkin13:0, Pumpkin
chisel:pumpkin14:0, Pumpkin
chisel:pumpkin15:0, Pumpkin
chisel:pumpkin16:0, Pumpkin
chisel:purpur:0, Purpur Block
chisel:purpur:1, Purpur Block
chisel:purpur:2, Purpur Block
chisel:purpur:3, Purpur Block
chisel:purpur:4, Purpur Block
chisel:purpur:5, Purpur Block
chisel:purpur:6, Purpur Block
chisel:purpur:7, Purpur Block
chisel:purpur:8, Purpur Block
chisel:purpur:9, Purpur Block
chisel:purpur:10, Purpur Block
chisel:redstone_block:1, Redstone Block
chisel:redstone_block:2, Redstone Block
chisel:redstone_block:3, Redstone Block
chisel:redstone_block:4, Redstone Block
chisel:redstone_block:5, Redstone Block
chisel:redstone_block:6, Redstone Block
chisel:redstone_block:7, Redstone Block
chisel:redstone_block:8, Redstone Block
chisel:redstone_block:9, Redstone Block
chisel:redstone_block:10, Redstone Block
chisel:redstone_block:11, Redstone Block
chisel:redstone_block:12, Redstone Block
chisel:redstone_block:13, Redstone Block
chisel:redstone_block:14, Redstone Block
chisel:redstone_block:15, Redstone Block
chisel:road_line:0, Road Lines
chisel:road_line:1, Road Lines
chisel:road_line:2, Road Lines
chisel:road_line:3, Road Lines
chisel:road_line:4, Road Lines
chisel:sandstone:0, Sandstone
chisel:sandstone:1, Sandstone
chisel:sandstone:2, Sandstone
chisel:sandstone:3, Sandstone
chisel:sandstone:4, Sandstone
chisel:sandstone:5, Sandstone
chisel:sandstone:6, Sandstone
chisel:sandstone:7, Sandstone
chisel:sandstone:8, Sandstone
chisel:sandstone:9, Sandstone
chisel:sandstone:10, Sandstone
chisel:sandstone:11, Sandstone
chisel:sandstone:12, Sandstone
chisel:sandstone:13, Sandstone
chisel:sandstone:14, Sandstone
chisel:sandstone:15, Sandstone
chisel:sandstone2:0, Sandstone
chisel:sandstone2:1, Sandstone
chisel:sandstone_scribbles:0, Sandstone Scribbles
chisel:sandstone_scribbles:1, Sandstone Scribbles
chisel:sandstone_scribbles:2, Sandstone Scribbles
chisel:sandstone_scribbles:3, Sandstone Scribbles
chisel:sandstone_scribbles:4, Sandstone Scribbles
chisel:sandstone_scribbles:5, Sandstone Scribbles
chisel:sandstone_scribbles:6, Sandstone Scribbles
chisel:sandstone_scribbles:7, Sandstone Scribbles
chisel:sandstone_scribbles:8, Sandstone Scribbles
chisel:sandstone_scribbles:9, Sandstone Scribbles
chisel:sandstone_scribbles:10, Sandstone Scribbles
chisel:sandstone_scribbles:11, Sandstone Scribbles
chisel:sandstone_scribbles:12, Sandstone Scribbles
chisel:sandstone_scribbles:13, Sandstone Scribbles
chisel:sandstone_scribbles:14, Sandstone Scribbles
chisel:sandstone_scribbles:15, Sandstone Scribbles
chisel:silverblock:0, Block of Silver
chisel:silverblock:1, Block of Silver
chisel:silverblock:2, Block of Silver
chisel:silverblock:3, Block of Silver
chisel:silverblock:4, Block of Silver
chisel:silverblock:5, Block of Silver
chisel:sand_snakestone:1, Sand Snakestone
chisel:sand_snakestone:13, Sand Snakestone
chisel:stone_snakestone:1, Stone Snakestone
chisel:stone_snakestone:13, Stone Snakestone
chisel:obsidian_snakestone:1, Obsidian Snakestone
chisel:obsidian_snakestone:13, Obsidian Snakestone
chisel:steelblock:0, Block of Steel
chisel:steelblock:1, Block of Steel
chisel:steelblock:2, Block of Steel
chisel:steelblock:3, Block of Steel
chisel:steelblock:4, Block of Steel
chisel:steelblock:5, Block of Steel
chisel:stonebricksmooth:0, Stone Bricks
chisel:stonebricksmooth:1, Stone Bricks
chisel:stonebricksmooth:2, Stone Bricks
chisel:stonebricksmooth:3, Stone Bricks
chisel:stonebricksmooth:4, Stone Bricks
chisel:stonebricksmooth:5, Stone Bricks
chisel:stonebricksmooth:6, Stone Bricks
chisel:stonebricksmooth:7, Stone Bricks
chisel:stonebricksmooth:8, Stone Bricks
chisel:stonebricksmooth:9, Stone Bricks
chisel:stonebricksmooth:10, Stone Bricks
chisel:stonebricksmooth:11, Stone Bricks
chisel:stonebricksmooth:12, Stone Bricks
chisel:stonebricksmooth:13, Stone Bricks
chisel:stonebricksmooth:14, Stone Bricks
chisel:stonebricksmooth:15, Stone Bricks
chisel:sveltstone:0, Svelstone block
chisel:sveltstone:1, Svelstone block
chisel:sveltstone:2, Svelstone block
chisel:sveltstone:3, Svelstone block
chisel:sveltstone:4, Svelstone block
chisel:sveltstone:5, Svelstone block
chisel:sveltstone:6, Svelstone block
chisel:sveltstone:7, Svelstone block
chisel:sveltstone:8, Svelstone block
chisel:sveltstone:9, Svelstone block
chisel:sveltstone:10, Svelstone block
chisel:sveltstone:11, Svelstone block
chisel:sveltstone:12, Svelstone block
chisel:sveltstone:13, Svelstone block
chisel:sveltstone:14, Svelstone block
chisel:sveltstone:15, Svelstone block
chisel:technical:0, Technical Block
chisel:technical:1, Technical Block
chisel:technical:2, Technical Block
chisel:technical:3, Technical Block
chisel:technical:4, Technical Block
chisel:technical:5, Technical Block
chisel:technical:6, Technical Block
chisel:technical:7, Technical Block
chisel:technical:8, Technical Block
chisel:technical:9, Technical Block
chisel:technical:10, Technical Block
chisel:technical:11, Technical Block
chisel:technical:12, Technical Block
chisel:technical:13, Technical Block
chisel:technical:14, Technical Block
chisel:technical:15, Technical Block
chisel:technical2:0, Transparent Technical Block
chisel:technical2:1, Transparent Technical Block
chisel:technical2:2, Transparent Technical Block
chisel:technical2:3, Transparent Technical Block
chisel:technical3:0, Industrial Technical Block
chisel:technical3:1, Industrial Technical Block
chisel:technical4:0, Technical Block
chisel:technical4:1, Technical Block
chisel:technical4:2, Technical Block
chisel:technical4:3, Technical Block
chisel:technical4:4, Technical Block
chisel:technical4:5, Technical Block
chisel:technical4:6, Technical Block
chisel:technical4:7, Technical Block
chisel:technical4:8, Technical Block
chisel:technical4:9, Technical Block
chisel:technical4:10, Technical Block
chisel:technical4:11, Technical Block
chisel:technical4:12, Technical Block
chisel:technical4:13, Technical Block
chisel:templeblock:0, Temple Block
chisel:templeblock:1, Temple Block
chisel:templeblock:2, Temple Block
chisel:templeblock:3, Temple Block
chisel:templeblock:4, Temple Block
chisel:templeblock:5, Temple Block
chisel:templeblock:6, Temple Block
chisel:templeblock:7, Temple Block
chisel:templeblock:8, Temple Block
chisel:templeblock:9, Temple Block
chisel:templeblock:10, Temple Block
chisel:templeblock:11, Temple Block
chisel:templeblock:12, Temple Block
chisel:templeblock:13, Temple Block
chisel:templeblock:14, Temple Block
chisel:templeblock:15, Temple Block
chisel:mossy_templeblock:0, Mossy Temple Block
chisel:mossy_templeblock:1, Mossy Temple Block
chisel:mossy_templeblock:2, Mossy Temple Block
chisel:mossy_templeblock:3, Mossy Temple Block
chisel:mossy_templeblock:4, Mossy Temple Block
chisel:mossy_templeblock:5, Mossy Temple Block
chisel:mossy_templeblock:6, Mossy Temple Block
chisel:mossy_templeblock:7, Mossy Temple Block
chisel:mossy_templeblock:8, Mossy Temple Block
chisel:mossy_templeblock:9, Mossy Temple Block
chisel:mossy_templeblock:10, Mossy Temple Block
chisel:mossy_templeblock:11, Mossy Temple Block
chisel:mossy_templeblock:12, Mossy Temple Block
chisel:mossy_templeblock:13, Mossy Temple Block
chisel:mossy_templeblock:14, Mossy Temple Block
chisel:mossy_templeblock:15, Mossy Temple Block
chisel:tinblock:0, Block of Tin
chisel:tinblock:1, Block of Tin
chisel:tinblock:2, Block of Tin
chisel:tinblock:3, Block of Tin
chisel:tinblock:4, Block of Tin
chisel:tinblock:5, Block of Tin
chisel:torch1, Torch
chisel:torch2, Torch
chisel:torch3, Torch
chisel:torch4, Torch
chisel:torch5, Torch
chisel:torch6, Torch
chisel:torch7, Torch
chisel:torch8, Torch
chisel:torch9, Torch
chisel:torch10, Torch
chisel:tyrian:0, Tyrian
chisel:tyrian:1, Tyrian
chisel:tyrian:2, Tyrian
chisel:tyrian:3, Tyrian
chisel:tyrian:4, Tyrian
chisel:tyrian:5, Tyrian
chisel:tyrian:6, Tyrian
chisel:tyrian:7, Tyrian
chisel:tyrian:8, Tyrian
chisel:tyrian:9, Tyrian
chisel:tyrian:10, Tyrian
chisel:tyrian:11, Tyrian
chisel:tyrian:12, Tyrian
chisel:tyrian:13, Tyrian
chisel:tyrian:14, Tyrian
chisel:tyrian:15, Tyrian
chisel:uraniumblock:0, Block of Uranium
chisel:uraniumblock:1, Block of Uranium
chisel:uraniumblock:2, Block of Uranium
chisel:uraniumblock:3, Block of Uranium
chisel:uraniumblock:4, Block of Uranium
chisel:uraniumblock:5, Block of Uranium
chisel:valentines:0, Valentines Block
chisel:valentines:1, Valentines Block
chisel:valentines:2, Valentines Block
chisel:valentines:3, Valentines Block
chisel:valentines:4, Valentines Block
chisel:valentines:5, Valentines Block
chisel:valentines:6, Valentines Block
chisel:valentines:7, Valentines Block
chisel:valentines:8, Valentines Block
chisel:valentines:9, Valentines Block
chisel:voidstone:0, Voidstone
chisel:voidstone:1, Voidstone
chisel:voidstone:2, Voidstone
chisel:voidstone:3, Voidstone
chisel:voidstone:4, Voidstone
chisel:voidstone:5, Voidstone
chisel:voidstone:6, Voidstone
chisel:voidstone:7, Voidstone
chisel:voidstone2:0, Energised Voidstone
chisel:voidstone2:1, Energised Voidstone
chisel:voidstone2:2, Energised Voidstone
chisel:voidstone2:3, Energised Voidstone
chisel:voidstone2:4, Energised Voidstone
chisel:voidstone2:5, Energised Voidstone
chisel:voidstone2:6, Energised Voidstone
chisel:voidstone2:7, Energised Voidstone
chisel:voidstoneRunic:1, Runic Voidstone
chisel:voidstoneRunic:2, Runic Voidstone
chisel:voidstoneRunic:3, Runic Voidstone
chisel:voidstoneRunic:4, Runic Voidstone
chisel:voidstoneRunic:5, Runic Voidstone
chisel:voidstoneRunic:6, Runic Voidstone
chisel:voidstoneRunic:7, Runic Voidstone
chisel:voidstoneRunic:8, Runic Voidstone
chisel:voidstoneRunic:9, Runic Voidstone
chisel:voidstoneRunic:10, Runic Voidstone
chisel:voidstoneRunic:11, Runic Voidstone
chisel:voidstoneRunic:12, Runic Voidstone
chisel:voidstoneRunic:13, Runic Voidstone
chisel:voidstoneRunic:14, Runic Voidstone
chisel:voidstoneRunic:15, Runic Voidstone
chisel:voidstonePillar:0, Voidstone Pillar
chisel:voidstonePillar2:0, Energised Voidstone Pillar
chisel:warningSign:0, Warning Sign
chisel:warningSign:1, Warning Sign
chisel:warningSign:2, Warning Sign
chisel:warningSign:3, Warning Sign
chisel:warningSign:4, Warning Sign
chisel:warningSign:5, Warning Sign
chisel:warningSign:6, Warning Sign
chisel:warningSign:7, Warning Sign
chisel:warningSign:8, Warning Sign
chisel:warningSign:9, Warning Sign
chisel:warningSign:10, Warning Sign
chisel:warningSign:11, Warning Sign
chisel:warningSign:12, Warning Sign
chisel:warningSign:13, Warning Sign
chisel:warningSign:14, Warning Sign
chisel:waterstone:0, Waterstone
chisel:waterstone:1, Waterstone
chisel:waterstone:2, Waterstone
chisel:waterstone:3, Waterstone
chisel:waterstone:4, Waterstone
chisel:waterstone:5, Waterstone
chisel:waterstone:6, Waterstone
chisel:oak_planks:1, Oak Wood Planks
chisel:oak_planks:2, Oak Wood Planks
chisel:oak_planks:6, Oak Wood Planks
chisel:oak_planks:8, Oak Wood Planks
chisel:oak_planks:9, Oak Wood Planks
chisel:oak_planks:10, Oak Wood Planks
chisel:oak_planks:11, Oak Wood Planks
chisel:oak_planks:13, Oak Wood Planks
chisel:oak_planks:3, Oak Wood Planks
chisel:oak_planks:4, Oak Wood Planks
chisel:oak_planks:5, Oak Wood Planks
chisel:oak_planks:7, Oak Wood Planks
chisel:oak_planks:12, Oak Wood Planks
chisel:oak_planks:14, Oak Wood Planks
chisel:oak_planks:15, Oak Wood Planks
chisel:spruce_planks:1, Spruce Wood Planks
chisel:spruce_planks:2, Spruce Wood Planks
chisel:spruce_planks:6, Spruce Wood Planks
chisel:spruce_planks:8, Spruce Wood Planks
chisel:spruce_planks:9, Spruce Wood Planks
chisel:spruce_planks:10, Spruce Wood Planks
chisel:spruce_planks:11, Spruce Wood Planks
chisel:spruce_planks:13, Spruce Wood Planks
chisel:spruce_planks:3, Spruce Wood Planks
chisel:spruce_planks:4, Spruce Wood Planks
chisel:spruce_planks:5, Spruce Wood Planks
chisel:spruce_planks:7, Spruce Wood Planks
chisel:spruce_planks:12, Spruce Wood Planks
chisel:spruce_planks:14, Spruce Wood Planks
chisel:spruce_planks:15, Spruce Wood Planks
chisel:birch_planks:1, Birch Wood Planks
chisel:birch_planks:2, Birch Wood Planks
chisel:birch_planks:6, Birch Wood Planks
chisel:birch_planks:8, Birch Wood Planks
chisel:birch_planks:9, Birch Wood Planks
chisel:birch_planks:10, Birch Wood Planks
chisel:birch_planks:11, Birch Wood Planks
chisel:birch_planks:13, Birch Wood Planks
chisel:birch_planks:3, Birch Wood Planks
chisel:birch_planks:4, Birch Wood Planks
chisel:birch_planks:5, Birch Wood Planks
chisel:birch_planks:7, Birch Wood Planks
chisel:birch_planks:12, Birch Wood Planks
chisel:birch_planks:14, Birch Wood Planks
chisel:birch_planks:15, Birch Wood Planks
chisel:jungle_planks:1, Jungle Wood Planks
chisel:jungle_planks:2, Jungle Wood Planks
chisel:jungle_planks:6, Jungle Wood Planks
chisel:jungle_planks:8, Jungle Wood Planks
chisel:jungle_planks:9, Jungle Wood Planks
chisel:jungle_planks:10, Jungle Wood Planks
chisel:jungle_planks:11, Jungle Wood Planks
chisel:jungle_planks:13, Jungle Wood Planks
chisel:jungle_planks:3, Jungle Wood Planks
chisel:jungle_planks:4, Jungle Wood Planks
chisel:jungle_planks:5, Jungle Wood Planks
chisel:jungle_planks:7, Jungle Wood Planks
chisel:jungle_planks:12, Jungle Wood Planks
chisel:jungle_planks:14, Jungle Wood Planks
chisel:jungle_planks:15, Jungle Wood Planks
chisel:acacia_planks:1, Acacia Wood Planks
chisel:acacia_planks:2, Acacia Wood Planks
chisel:acacia_planks:6, Acacia Wood Planks
chisel:acacia_planks:8, Acacia Wood Planks
chisel:acacia_planks:9, Acacia Wood Planks
chisel:acacia_planks:10, Acacia Wood Planks
chisel:acacia_planks:11, Acacia Wood Planks
chisel:acacia_planks:13, Acacia Wood Planks
chisel:acacia_planks:3, Acacia Wood Planks
chisel:acacia_planks:4, Acacia Wood Planks
chisel:acacia_planks:5, Acacia Wood Planks
chisel:acacia_planks:7, Acacia Wood Planks
chisel:acacia_planks:12, Acacia Wood Planks
chisel:acacia_planks:14, Acacia Wood Planks
chisel:acacia_planks:15, Acacia Wood Planks
chisel:dark_oak_planks:1, Dark Oak Wood Planks
chisel:dark_oak_planks:2, Dark Oak Wood Planks
chisel:dark_oak_planks:6, Dark Oak Wood Planks
chisel:dark_oak_planks:8, Dark Oak Wood Planks
chisel:dark_oak_planks:9, Dark Oak Wood Planks
chisel:dark_oak_planks:10, Dark Oak Wood Planks
chisel:dark_oak_planks:11, Dark Oak Wood Planks
chisel:dark_oak_planks:13, Dark Oak Wood Planks
chisel:dark_oak_planks:3, Dark Oak Wood Planks
chisel:dark_oak_planks:4, Dark Oak Wood Planks
chisel:dark_oak_planks:5, Dark Oak Wood Planks
chisel:dark_oak_planks:7, Dark Oak Wood Planks
chisel:dark_oak_planks:12, Dark Oak Wood Planks
chisel:dark_oak_planks:14, Dark Oak Wood Planks
chisel:dark_oak_planks:15, Dark Oak Wood Planks
chisel:woolen_clay:0, Woolen Clay
chisel:woolen_clay:1, Woolen Clay
chisel:woolen_clay:2, Woolen Clay
chisel:woolen_clay:3, Woolen Clay
chisel:woolen_clay:4, Woolen Clay
chisel:woolen_clay:5, Woolen Clay
chisel:woolen_clay:6, Woolen Clay
chisel:woolen_clay:7, Woolen Clay
chisel:woolen_clay:8, Woolen Clay
chisel:woolen_clay:9, Woolen Clay
chisel:woolen_clay:10, Woolen Clay
chisel:woolen_clay:11, Woolen Clay
chisel:woolen_clay:12, Woolen Clay
chisel:woolen_clay:13, Woolen Clay
chisel:woolen_clay:14, Woolen Clay
chisel:woolen_clay:15, Woolen Clay
chisel:froglight:0, Froglight
chisel:froglight:1, Froglight
chisel:froglight:2, Froglight
chisel:froglight:3, Froglight
chisel:froglight:4, Froglight
chisel:froglight:5, Froglight
chisel:froglight:6, Froglight
chisel:froglight:7, Froglight
chisel:froglight:8, Froglight
chisel:froglight:9, Froglight
chisel:lantern:0, Lantern
chisel:lantern:1, Lantern
chisel:lantern:2, Lantern
chisel:lantern:3, Lantern
chisel:lantern:4, Lantern
chisel:lantern:5, Lantern
chisel:sheetmetal:0, Sheetmetal
chisel:sheetmetal:1, Sheetmetal
chisel:sheetmetal:2, Sheetmetal
chisel:sheetmetal:3, Sheetmetal
chisel:sheetmetal:4, Sheetmetal
chisel:sheetmetal:5, Sheetmetal
chisel:sheetmetal:6, Sheetmetal
chisel:sheetmetal:7, Sheetmetal
chisel:sheetmetal:8, Sheetmetal
chisel:sheetmetal:9, Sheetmetal
chisel:moss:0, Moss
chisel:moss:1, Moss
chisel:moss:2, Moss
chisel:moss:3, Moss
chisel:moss:4, Moss
chisel:moss:5, Moss
chisel:moss:6, Moss
chisel:moss:7, Moss
chisel:moss:8, Moss
chisel:moss:9, Moss
chisel:moss:10, Moss
chisel:moss_carpet:0, Moss Carpet
chisel:moss_carpet:1, Moss Carpet
chisel:moss_carpet:2, Moss Carpet
chisel:moss_carpet:3, Moss Carpet
chisel:moss_carpet:4, Moss Carpet
chisel:moss_carpet:5, Moss Carpet
chisel:moss_carpet:6, Moss Carpet
chisel:moss_carpet:7, Moss Carpet
chisel:moss_carpet:8, Moss Carpet
chisel:moss_carpet:9, Moss Carpet
chisel:moss_carpet:10, Moss Carpet
chisel:electrumblock:0, Block of Electrum
chisel:electrumblock:1, Block of Electrum
chisel:electrumblock:2, Block of Electrum
chisel:electrumblock:3, Block of Electrum
chisel:electrumblock:4, Block of Electrum
chisel:electrumblock:5, Block of Electrum
chisel:electrumblock:6, Block of Electrum
chisel:invarblock:0, Block of Invar
chisel:invarblock:1, Block of Invar
chisel:invarblock:2, Block of Invar
chisel:invarblock:3, Block of Invar
chisel:invarblock:4, Block of Invar
chisel:invarblock:5, Block of Invar
chisel:invarblock:6, Block of Invar
chisel:nickelblock:0, Block of Nickel
chisel:nickelblock:1, Block of Nickel
chisel:nickelblock:2, Block of Nickel
chisel:nickelblock:3, Block of Nickel
chisel:nickelblock:4, Block of Nickel
chisel:nickelblock:5, Block of Nickel
chisel:nickelblock:6, Block of Nickel
chisel:platinumblock:0, Block of Platinum
chisel:platinumblock:1, Block of Platinum
chisel:platinumblock:2, Block of Platinum
chisel:platinumblock:3, Block of Platinum
chisel:platinumblock:4, Block of Platinum
chisel:platinumblock:5, Block of Platinum
chisel:platinumblock:6, Block of Platinum
chisel:castironblock:0, Block of Cast Iron
chisel:castironblock:1, Block of Cast Iron
chisel:castironblock:2, Block of Cast Iron
chisel:castironblock:3, Block of Cast Iron
chisel:castironblock:4, Block of Cast Iron
chisel:castironblock:5, Block of Cast Iron
chisel:castironblock:6, Block of Cast Iron
chisel:castironblock:7, Block of Cast Iron
chisel:titaniumblock:0, Block of Titanium
chisel:titaniumblock:1, Block of Titanium
chisel:titaniumblock:2, Block of Titanium
chisel:titaniumblock:3, Block of Titanium
chisel:titaniumblock:4, Block of Titanium
chisel:titaniumblock:5, Block of Titanium
chisel:titaniumblock:6, Block of Titanium
chisel:titaniumblock:7, Block of Titanium
chisel:stainlesssteelblock:0, Block of Stainless Steel
chisel:stainlesssteelblock:1, Block of Stainless Steel
chisel:stainlesssteelblock:2, Block of Stainless Steel
chisel:stainlesssteelblock:3, Block of Stainless Steel
chisel:stainlesssteelblock:4, Block of Stainless Steel
chisel:stainlesssteelblock:5, Block of Stainless Steel
chisel:stainlesssteelblock:6, Block of Stainless Steel
chisel:stainlesssteelblock:7, Block of Stainless Steel
chisel:tungstensteelblock:0, Block of Tungstensteel
chisel:tungstensteelblock:1, Block of Tungstensteel
chisel:tungstensteelblock:2, Block of Tungstensteel
chisel:tungstensteelblock:3, Block of Tungstensteel
chisel:tungstensteelblock:4, Block of Tungstensteel
chisel:tungstensteelblock:5, Block of Tungstensteel
chisel:tungstensteelblock:6, Block of Tungstensteel
chisel:tungstensteelblock:7, Block of Tungstensteel
chisel:rppblock:0, Block of Rhodium-Plated Palladium
chisel:rppblock:1, Block of Rhodium-Plated Palladium
chisel:rppblock:2, Block of Rhodium-Plated Palladium
chisel:rppblock:3, Block of Rhodium-Plated Palladium
chisel:rppblock:4, Block of Rhodium-Plated Palladium
chisel:rppblock:5, Block of Rhodium-Plated Palladium
chisel:rppblock:6, Block of Rhodium-Plated Palladium
chisel:rppblock:7, Block of Rhodium-Plated Palladium
chisel:iridiumblock:0, Block of Iridium
chisel:iridiumblock:1, Block of Iridium
chisel:iridiumblock:2, Block of Iridium
chisel:iridiumblock:3, Block of Iridium
chisel:iridiumblock:4, Block of Iridium
chisel:iridiumblock:5, Block of Iridium
chisel:iridiumblock:6, Block of Iridium
chisel:iridiumblock:7, Block of Iridium
chisel:osmiumblock:0, Block of Osmium
chisel:osmiumblock:1, Block of Osmium
chisel:osmiumblock:2, Block of Osmium
chisel:osmiumblock:3, Block of Osmium
chisel:osmiumblock:4, Block of Osmium
chisel:osmiumblock:5, Block of Osmium
chisel:osmiumblock:6, Block of Osmium
chisel:osmiumblock:7, Block of Osmium
chisel:cobaltblock:0, Block of Cobalt
chisel:cobaltblock:1, Block of Cobalt
chisel:cobaltblock:2, Block of Cobalt
chisel:cobaltblock:3, Block of Cobalt
chisel:cobaltblock:4, Block of Cobalt
chisel:cobaltblock:5, Block of Cobalt
chisel:cobaltblock:6, Block of Cobalt
chisel:coral:0, Coral
chisel:coral:1, Coral
chisel:coral:2, Coral
chisel:coral:3, Coral
chisel:coral:4, Coral
chisel:coral:5, Coral
chisel:coral:6, Coral
chisel:coral:7, Coral
chisel:coral:8, Coral
chisel:coral:9, Coral
chisel:coral:10, Coral
chisel:coral:11, Coral
chisel:coral:12, Coral
chisel:coral:13, Coral
chisel:coral:14, Coral
chisel:coral:15, Coral
chisel:mud:0, Mud
chisel:mud:1, Mud
chisel:mud:2, Mud
chisel:mud:3, Mud
chisel:mud:4, Mud
chisel:mud:5, Mud
chisel:mud:6, Mud
chisel:albumblock2:0, Musical Block
chisel:albumblock2:1, Musical Block
chisel:albumblock2:2, Musical Block
chisel:albumblock:0, Musical Block
chisel:albumblock:1, Musical Block
chisel:albumblock:2, Musical Block
chisel:albumblock:3, Musical Block
chisel:albumblock:4, Musical Block
chisel:albumblock:5, Musical Block
chisel:albumblock:6, Musical Block
chisel:albumblock:7, Musical Block
chisel:albumblock:8, Musical Block
chisel:albumblock:9, Musical Block
chisel:albumblock:10, Musical Block
chisel:albumblock:11, Musical Block
chisel:albumblock:12, Musical Block
chisel:albumblock:13, Musical Block
chisel:albumblock:14, Musical Block
chisel:albumblock:15, Musical Block
chisel:brutalism:0, Brutalist Block
chisel:brutalism:1, Brutalist Block
chisel:brutalism:2, Brutalist Block
chisel:brutalism:3, Brutalist Block
chisel:brutalism:4, Brutalist Block
chisel:brutalism:5, Brutalist Block
chisel:brutalism:6, Brutalist Block
chisel:brutalism:7, Brutalist Block
chisel:brutalism:8, Brutalist Block
chisel:brutalism:9, Brutalist Block
chisel:porcelain:0, Porcelain Block
chisel:porcelain:1, Porcelain Block
chisel:porcelain:2, Porcelain Block
chisel:porcelain:3, Porcelain Block
chisel:porcelain:4, Porcelain Block
chisel:porcelain:5, Porcelain Block
chisel:porcelain:6, Porcelain Block
chisel:porcelain:7, Porcelain Block
chisel:porcelain:9, Porcelain Block
chisel:porcelain:10, Porcelain Block
chisel:porcelain:11, Porcelain Block
chisel:porcelain:12, Porcelain Block
chisel:porcelain:13, Porcelain Block
chisel:alabaster:0, Alabaster Block
chisel:alabaster:1, Alabaster Block
chisel:alabaster:2, Alabaster Block
chisel:alabaster:3, Alabaster Block
chisel:alabaster:4, Alabaster Block
chisel:alabaster:5, Alabaster Block
chisel:alabaster:6, Alabaster Block
chisel:alabaster:7, Alabaster Block
chisel:alabaster:8, Alabaster Block
chisel:alabaster:9, Alabaster Block
chisel:alabaster:10, Alabaster Block
chisel:road2:0, Road Block
chisel:road2:1, Road Block
chisel:road2:2, Road Block
chisel:road2:3, Road Block
chisel:road2:4, Road Block
chisel:road2:5, Road Block
chisel:road2:6, Road Block
chisel:road2:7, Road Block
chisel:road2:8, Road Block
chisel:road2:9, Road Block
chisel:road2:10, Road Block
chisel:road2:11, Road Block
chisel:road2:12, Road Block
chisel:road2:13, Road Block
chisel:road2:14, Road Block
chisel:road2:15, Road Block
chisel:road:0, Road Block
chisel:road:1, Road Block
chisel:road:2, Road Block
chisel:road:3, Road Block
chisel:road:4, Road Block
chisel:road:5, Road Block
chisel:road:6, Road Block
chisel:road:7, Road Block
chisel:road:8, Road Block
chisel:road:9, Road Block
chisel:road:10, Road Block
chisel:road:11, Road Block
chisel:road:12, Road Block
chisel:road:13, Road Block
chisel:road:14, Road Block
chisel:road:15, Road Block
OpenComputers:accessPoint:0, §cAccess Point§7
OpenComputers:adapter:0, Adapter
OpenComputers:assembler:0, Electronics Assembler
OpenComputers:cable:0, Cable
OpenComputers:capacitor:0, Capacitor
OpenComputers:case1:0, Computer Case (Tier 1)
OpenComputers:case3:0, Computer Case (Tier 3)
OpenComputers:case2:0, Computer Case (Tier 2)
OpenComputers:charger:0, Charger
OpenComputers:disassembler:0, Disassembler
OpenComputers:diskDrive:0, Disk Drive
OpenComputers:geolyzer:0, Geolyzer
OpenComputers:hologram1:0, Hologram Projector (Tier 1)
OpenComputers:hologram2:0, Hologram Projector (Tier 2)
OpenComputers:keyboard:0, Keyboard
OpenComputers:motionSensor:0, Motion Sensor
OpenComputers:powerConverter:0, Power Converter
OpenComputers:powerDistributor:0, Power Distributor
OpenComputers:raid:0, Raid
OpenComputers:redstone:0, Redstone I/O
OpenComputers:relay:0, Relay
OpenComputers:screen1:0, Screen (Tier 1)
OpenComputers:screen3:0, Screen (Tier 3)
OpenComputers:screen2:0, Screen (Tier 2)
OpenComputers:rack:0, Rack
OpenComputers:switch:0, §cSwitch§7
OpenComputers:caseCreative:0, Computer Case (Creative)
OpenComputers:microcontroller:0, Microcontroller
OpenComputers:robotAfterimage:0, Robot
OpenComputers:robot:0, Robot
OpenComputers:print:0, 3D Print
OpenComputers:printer:0, 3D Printer
OpenComputers:chameliumBlock:0, Block of Chamelium
OpenComputers:waypoint:0, Waypoint
OpenComputers:endstone:0, End Stone
OpenComputers:netSplitter:0, Net Splitter
OpenComputers:transposer:0, Transposer
OpenComputers:carpetedCapacitor:0, Carpeted Capacitor
computronics:computronics.ironNoteBlock, Iron Note Block
computronics:computronics.audioCable, Audio Cable
computronics:computronics.speaker, Speaker
computronics:computronics.tapeReader, Tape Drive
computronics:computronics.camera, Camera
computronics:computronics.chatBox:0, Chat Box
computronics:computronics.chatBox:8, Creative Chat Box
computronics:computronics.cipher, Cipher Block
computronics:computronics.cipher_advanced, Advanced Cipher Block
computronics:computronics.radar, Radar
computronics:computronics.colorfulLamp, Colorful Lamp
computronics:computronics.speechBox, Speech Box
etfuturum:prismarine_block:0, Prismarine
etfuturum:prismarine_block:1, Prismarine Bricks
etfuturum:prismarine_block:2, Dark Prismarine
etfuturum:sea_lantern, Sea Lantern
etfuturum:red_sandstone:0, Red Sandstone
etfuturum:red_sandstone:1, Chiseled Red Sandstone
etfuturum:red_sandstone:2, Cut Red Sandstone
etfuturum:brown_mushroom, Mushroom
etfuturum:red_mushroom, Mushroom
etfuturum:coarse_dirt, Coarse Dirt
etfuturum:banner:0, White Banner
etfuturum:banner:1, Orange Banner
etfuturum:banner:2, Magenta Banner
etfuturum:banner:3, Light Blue Banner
etfuturum:banner:4, Yellow Banner
etfuturum:banner:5, Lime Banner
etfuturum:banner:6, Pink Banner
etfuturum:banner:7, Gray Banner
etfuturum:banner:8, Light Gray Banner
etfuturum:banner:9, Cyan Banner
etfuturum:banner:10, Purple Banner
etfuturum:banner:11, Blue Banner
etfuturum:banner:12, Brown Banner
etfuturum:banner:13, Green Banner
etfuturum:banner:14, Red Banner
etfuturum:banner:15, Black Banner
etfuturum:slime, Slime Block
etfuturum:sponge:1, Wet Sponge
etfuturum:purpur_block, Purpur Block
etfuturum:purpur_pillar, Purpur Pillar
etfuturum:end_bricks, End Stone Bricks
etfuturum:grass_path, Dirt Path
etfuturum:end_rod, End Rod
etfuturum:chorus_plant, Chorus Plant
etfuturum:chorus_flower, Chorus Flower
etfuturum:bone, Bone Block
etfuturum:red_netherbrick:0, Red Nether Bricks
etfuturum:red_netherbrick:1, Cracked Nether Bricks
etfuturum:red_netherbrick:2, Chiseled Nether Bricks
etfuturum:ancient_debris, Ancient Debris
etfuturum:netherite_block, Block of Netherite
etfuturum:nether_gold_ore, Nether Gold Ore
etfuturum:blue_ice, Blue Ice
etfuturum:smooth_stone, Smooth Stone
etfuturum:smooth_sandstone, Smooth Sandstone
etfuturum:smooth_red_sandstone, Smooth Red Sandstone
etfuturum:smooth_quartz, Smooth Quartz
etfuturum:quartz_bricks, Quartz Bricks
etfuturum:log_stripped:0, Stripped Oak Log
etfuturum:log_stripped:1, Stripped Spruce Log
etfuturum:log_stripped:2, Stripped Birch Log
etfuturum:log_stripped:3, Stripped Jungle Log
etfuturum:log2_stripped:0, Stripped Acacia Log
etfuturum:log2_stripped:1, Stripped Dark Oak Log
etfuturum:bark:0, Oak Wood
etfuturum:bark:1, Spruce Wood
etfuturum:bark:2, Birch Wood
etfuturum:bark:3, Jungle Wood
etfuturum:bark2:0, Acacia Wood
etfuturum:bark2:1, Dark Oak Wood
etfuturum:wood_stripped:0, Stripped Oak Wood
etfuturum:wood_stripped:1, Stripped Spruce Wood
etfuturum:wood_stripped:2, Stripped Birch Wood
etfuturum:wood_stripped:3, Stripped Jungle Wood
etfuturum:wood2_stripped:0, Stripped Acacia Wood
etfuturum:wood2_stripped:1, Stripped Dark Oak Wood
etfuturum:cornflower, Cornflower
etfuturum:lily_of_the_valley, Lily of the Valley
etfuturum:wither_rose, Wither Rose
etfuturum:white_glazed_terracotta, White Glazed Terracotta
etfuturum:orange_glazed_terracotta, Orange Glazed Terracotta
etfuturum:magenta_glazed_terracotta, Magenta Glazed Terracotta
etfuturum:light_blue_glazed_terracotta, Light Blue Glazed Terracotta
etfuturum:yellow_glazed_terracotta, Yellow Glazed Terracotta
etfuturum:lime_glazed_terracotta, Lime Glazed Terracotta
etfuturum:pink_glazed_terracotta, Pink Glazed Terracotta
etfuturum:gray_glazed_terracotta, Gray Glazed Terracotta
etfuturum:light_gray_glazed_terracotta, Light Gray Glazed Terracotta
etfuturum:cyan_glazed_terracotta, Cyan Glazed Terracotta
etfuturum:purple_glazed_terracotta, Purple Glazed Terracotta
etfuturum:blue_glazed_terracotta, Blue Glazed Terracotta
etfuturum:brown_glazed_terracotta, Brown Glazed Terracotta
etfuturum:green_glazed_terracotta, Green Glazed Terracotta
etfuturum:red_glazed_terracotta, Red Glazed Terracotta
etfuturum:black_glazed_terracotta, Black Glazed Terracotta
etfuturum:deepslate, Deepslate
etfuturum:cobbled_deepslate, Cobbled Deepslate
etfuturum:polished_deepslate, Polished Deepslate
etfuturum:deepslate_bricks:0, Deepslate Bricks
etfuturum:deepslate_bricks:1, Cracked Deepslate Bricks
etfuturum:deepslate_bricks:2, Deepslate Tiles
etfuturum:deepslate_bricks:3, Cracked Deepslate Tiles
etfuturum:deepslate_bricks:4, Chiseled Deepslate
etfuturum:basalt:0, Basalt
etfuturum:basalt:1, Polished Basalt
etfuturum:smooth_basalt, Smooth Basalt
etfuturum:calcite, Calcite
etfuturum:amethyst_block, Amethyst Block
etfuturum:budding_amethyst, Budding Amethyst
etfuturum:amethyst_cluster_1:0, Small Amethyst Bud
etfuturum:amethyst_cluster_1:6, Medium Amethyst Bud
etfuturum:amethyst_cluster_2:0, Large Amethyst Bud
etfuturum:amethyst_cluster_2:6, Amethyst Cluster
etfuturum:tinted_glass, Tinted Glass
etfuturum:mud, Mud
etfuturum:packed_mud:0, Packed Mud
etfuturum:packed_mud:1, Mud Bricks
etfuturum:observer, Observer
etfuturum:target, Target
etfuturum:red_sandstone_slab:0, Red Sandstone Slab
etfuturum:red_sandstone_slab:1, Cut Red Sandstone Slab
etfuturum:purpur_slab, Purpur Slab
etfuturum:double_purpur_slab, Purpur Slab
etfuturum:stone_slab:0, Stone Slab
etfuturum:stone_slab:1, Mossy Cobblestone Slab
etfuturum:stone_slab:2, Mossy Stone Brick Slab
etfuturum:stone_slab:3, Cut Sandstone Slab
etfuturum:smooth_sandstone_slab, Smooth Sandstone Slab
etfuturum:double_smooth_sandstone_slab, Smooth Sandstone Slab
etfuturum:smooth_red_sandstone_slab, Smooth Red Sandstone Slab
etfuturum:double_smooth_red_sandstone_slab, Smooth Red Sandstone Slab
etfuturum:prismarine_slab:0, Prismarine Slab
etfuturum:prismarine_slab:1, Prismarine Bricks Slab
etfuturum:prismarine_slab:2, Dark Prismarine Slab
etfuturum:smooth_quartz_slab, Smooth Quartz Slab
etfuturum:double_smooth_quartz_slab, Smooth Quartz Slab
etfuturum:red_netherbrick_slab, tile.null.name
etfuturum:double_red_netherbrick_slab, tile.null.name
etfuturum:end_brick_slab, tile.null.name
etfuturum:double_end_brick_slab, tile.null.name
etfuturum:deepslate_slab:0, Cobbled Deepslate Slab
etfuturum:deepslate_slab:1, Polished Deepslate Slab
etfuturum:deepslate_brick_slab:0, Deepslate Brick Slab
etfuturum:deepslate_brick_slab:1, Deepslate Tile Slab
etfuturum:tuff_slab:0, Tuff Slab
etfuturum:tuff_slab:1, Polished Tuff Slab
etfuturum:tuff_slab:2, Tuff Brick Slab
etfuturum:mud_brick_slab, tile.null.name
etfuturum:double_mud_brick_slab, tile.null.name
etfuturum:prismarine_stairs, Prismarine Stairs
etfuturum:prismarine_stairs_brick, Prismarine Bricks Stairs
etfuturum:prismarine_stairs_dark, Dark Prismarine Stairs
etfuturum:smooth_sandstone_stairs, Smooth Sandstone Stairs
etfuturum:smooth_red_sandstone_stairs, Smooth Red Sandstone Stairs
etfuturum:smooth_quartz_stairs, Smooth Quartz Stairs
etfuturum:red_netherbrick_stairs, Red Nether Brick Stairs
etfuturum:mossy_stone_brick_stairs, Mossy Stone Brick Stairs
etfuturum:mossy_cobblestone_stairs, Mossy Cobblestone Stairs
etfuturum:stone_stairs, Stone Stairs
etfuturum:end_brick_stairs, End Stone Brick Stairs
etfuturum:red_sandstone_stairs, Red Sandstone Stairs
etfuturum:purpur_stairs, Purpur Stairs
etfuturum:cobbled_deepslate_stairs, Cobbled Deepslate Stairs
etfuturum:polished_deepslate_stairs, Polished Deepslate Stairs
etfuturum:deepslate_brick_stairs, Deepslate Brick Stairs
etfuturum:deepslate_tile_stairs, Deepslate Tile Stairs
etfuturum:mud_brick_stairs, Mud Brick Stairs
etfuturum:stone_wall:0, Stone Brick Wall
etfuturum:stone_wall:1, Mossy Stone Brick Wall
etfuturum:stone_wall:2, Sandstone Wall
etfuturum:stone_wall:3, Brick Wall
etfuturum:nether_brick_wall:0, Nether Brick Wall
etfuturum:red_sandstone_wall:0, Red Sandstone Wall
etfuturum:prismarine_wall:0, Prismarine Wall
etfuturum:red_nether_brick_wall:0, Red Nether Brick Wall
etfuturum:end_brick_wall:0, End Stone Brick Wall
etfuturum:deepslate_wall:0, Cobbled Deepslate Wall
etfuturum:deepslate_wall:1, Polished Deepslate Wall
etfuturum:deepslate_brick_wall:0, Deepslate Brick Wall
etfuturum:deepslate_brick_wall:1, Deepslate Tile Wall
etfuturum:mud_brick_wall:0, Mud Brick Wall
etfuturum:iron_trapdoor, Iron Trapdoor
etfuturum:magma, Magma Block
etfuturum:lantern, Lantern
etfuturum:soul_lantern, Soul Lantern
etfuturum:soul_torch, Soul Torch
etfuturum:shulker_box, Shulker Box
etfuturum:smithing_table, Smithing Table
etfuturum:composter, Composter
etfuturum:stonecutter, Stonecutter
etfuturum:fletching_table, Fletching Table
etfuturum:cartography_table, Cartography Table
etfuturum:loom, Loom
etfuturum:honey_block, Honey Block
etfuturum:honeycomb_block, Honeycomb Block
etfuturum:beehive, Beehive
etfuturum:bee_nest, Bee Nest
etfuturum:chain, Chain
etfuturum:brewing_stand, Brewing Stand
etfuturum:beacon, Beacon
etfuturum:enchantment_table, Enchantment Table
etfuturum:anvil:0, Anvil
etfuturum:anvil:1, Slightly Damaged Anvil
etfuturum:anvil:2, Very Damaged Anvil
etfuturum:barrel, Barrel
etfuturum:iron_barrel, Iron Barrel
etfuturum:gold_barrel, Gold Barrel
etfuturum:diamond_barrel, Diamond Barrel
etfuturum:copper_barrel, Copper Barrel
etfuturum:silver_barrel, Silver Barrel
etfuturum:steel_barrel, Steel Barrel
etfuturum:obsidian_barrel, Obsidian Barrel
etfuturum:darksteel_barrel, Dark Steel Barrel
etfuturum:netherite_barrel, Netherite Barrel
etfuturum:blackstone:0, Blackstone
etfuturum:blackstone:1, Polished Blackstone
etfuturum:blackstone:2, Polished Blackstone Bricks
etfuturum:blackstone:3, Cracked Polished Blackstone Bricks
etfuturum:blackstone:4, Chiseled Polished Blackstone
etfuturum:gilded_blackstone, Gilded Blackstone
etfuturum:blackstone_slab:0, Blackstone Slab
etfuturum:blackstone_slab:1, Polished Blackstone Slab
etfuturum:blackstone_slab:2, Polished Blackstone Brick Slab
etfuturum:blackstone_stairs, Blackstone Stairs
etfuturum:polished_blackstone_stairs, Polished Blackstone Stairs
etfuturum:polished_blackstone_brick_stairs, Polished Blackstone Brick Stairs
etfuturum:blackstone_wall:0, Blackstone Wall
etfuturum:blackstone_wall:1, Polished Blackstone Wall
etfuturum:blackstone_wall:2, Polished Blackstone Brick Wall
etfuturum:polished_blackstone_pressure_plate, Polished Blackstone Pressure Plate
etfuturum:polished_blackstone_button, Polished Blackstone Button
etfuturum:soul_soil, Soul Soil
etfuturum:nether_wart:0, Nether Wart Block
etfuturum:pink_petals, Pink Petals
etfuturum:sapling:1, Cherry Sapling
etfuturum:leaves:1, Cherry Leaves
etfuturum:wood_planks:3, Cherry Planks
etfuturum:wood_planks:4, Bamboo Planks
etfuturum:wood_slab:3, Cherry Slab
etfuturum:wood_slab:4, Bamboo Slab
etfuturum:double_wood_slab:3, Cherry Slab
etfuturum:double_wood_slab:4, Bamboo Slab
etfuturum:cherry_log:0, Cherry Log
etfuturum:cherry_log:1, Cherry Wood
etfuturum:cherry_log:2, Stripped Cherry Log
etfuturum:cherry_log:3, Stripped Cherry Wood
etfuturum:bamboo_block:0, Bamboo Block
etfuturum:bamboo_block:1, Stripped Bamboo Block
etfuturum:cherry_stairs, Cherry Stairs
etfuturum:bamboo_stairs, Bamboo Stairs
etfuturum:bamboo_mosaic, Bamboo Mosaic
etfuturum:bamboo_mosaic_slab, Bamboo Mosaic Slab
etfuturum:double_bamboo_mosaic_slab, Bamboo Mosaic Slab
etfuturum:bamboo_mosaic_stairs, Bamboo Mosaic Stairs
etfuturum:fence_spruce, Spruce Fence
etfuturum:fence_birch, Birch Fence
etfuturum:fence_jungle, Jungle Fence
etfuturum:fence_acacia, Acacia Fence
etfuturum:fence_dark_oak, Dark Oak Fence
etfuturum:wood_fence:3, Cherry Fence
etfuturum:wood_fence:4, Bamboo Fence
etfuturum:button_spruce, Spruce Button
etfuturum:button_birch, Birch Button
etfuturum:button_jungle, Jungle Button
etfuturum:button_acacia, Acacia Button
etfuturum:button_dark_oak, Dark Oak Button
etfuturum:cherry_button, Cherry Button
etfuturum:bamboo_button, Bamboo Button
etfuturum:pressure_plate_spruce, Spruce Pressure Plate
etfuturum:pressure_plate_birch, Birch Pressure Plate
etfuturum:pressure_plate_jungle, Jungle Pressure Plate
etfuturum:pressure_plate_acacia, Acacia Pressure Plate
etfuturum:pressure_plate_dark_oak, Dark Oak Pressure Plate
etfuturum:cherry_pressure_plate, Cherry Pressure Plate
etfuturum:bamboo_pressure_plate, Bamboo Pressure Plate
etfuturum:fence_gate_spruce, Spruce Fence Gate
etfuturum:fence_gate_birch, Birch Fence Gate
etfuturum:fence_gate_jungle, Jungle Fence Gate
etfuturum:fence_gate_acacia, Acacia Fence Gate
etfuturum:fence_gate_dark_oak, Dark Oak Fence Gate
etfuturum:cherry_fence_gate, Cherry Fence Gate
etfuturum:bamboo_fence_gate, Bamboo Fence Gate
etfuturum:door_spruce, Spruce Door
etfuturum:door_birch, Birch Door
etfuturum:door_jungle, Jungle Door
etfuturum:door_acacia, Acacia Door
etfuturum:door_dark_oak, Dark Oak Door
etfuturum:cherry_door, Cherry Door
etfuturum:bamboo_door, Bamboo Door
etfuturum:trapdoor_spruce, Spruce Trapdoor
etfuturum:trapdoor_birch, Birch Trapdoor
etfuturum:trapdoor_jungle, Jungle Trapdoor
etfuturum:trapdoor_acacia, Acacia Trapdoor
etfuturum:trapdoor_dark_oak, Dark Oak Trapdoor
etfuturum:cherry_trapdoor, Cherry Trapdoor
etfuturum:bamboo_trapdoor, Bamboo Trapdoor
etfuturum:cherry_sign, Cherry Sign
etfuturum:bamboo_sign, Bamboo Sign
etfuturum:white_bed, White Bed
etfuturum:orange_bed, Orange Bed
etfuturum:magenta_bed, Magenta Bed
etfuturum:light_blue_bed, Light Blue Bed
etfuturum:yellow_bed, Yellow Bed
etfuturum:lime_bed, Lime Bed
etfuturum:pink_bed, Pink Bed
etfuturum:gray_bed, Gray Bed
etfuturum:light_gray_bed, Light Gray Bed
etfuturum:cyan_bed, Cyan Bed
etfuturum:purple_bed, Purple Bed
etfuturum:blue_bed, Blue Bed
etfuturum:brown_bed, Brown Bed
etfuturum:green_bed, Green Bed
etfuturum:black_bed, Black Bed
etfuturum:rose, Rose
etfuturum:old_gravel, Coarse Gravel
etfuturum:netherite_stairs, Swaggiest stairs ever
etfuturum:light:0, Light
etfuturum:light:1, Light
etfuturum:light:2, Light
etfuturum:light:3, Light
etfuturum:light:4, Light
etfuturum:light:5, Light
etfuturum:light:6, Light
etfuturum:light:7, Light
etfuturum:light:8, Light
etfuturum:light:9, Light
etfuturum:light:10, Light
etfuturum:light:11, Light
etfuturum:light:12, Light
etfuturum:light:13, Light
etfuturum:light:14, Light
etfuturum:light:15, Light
etfuturum:barrier, Barrier
etfuturum:glow_lichen, Glow Lichen
etfuturum:cave_vine_plant, Cave Vines
etfuturum:cave_vine, Cave Vines
ForgeRelocation:relocation.blockmovingrow:0, tile.relocation.blockmovingrow|0.name
MCFrames:mcframes.motor:0, Debug Frame Motor
MCFrames:mcframes.frame, Frame
hbm:tile.event_tester, tile.event_tester.name
hbm:tile.obj_tester, tile.obj_tester.name
hbm:tile.structure_anchor, tile.structure_anchor.name
hbm:tile.ore_iron:0, Iron Ore
hbm:tile.ore_iron:1, Iron Ore
hbm:tile.ore_iron:2, Iron Ore
hbm:tile.ore_iron:3, Iron Ore
hbm:tile.ore_iron:4, Iron Ore
hbm:tile.ore_iron:5, Iron Ore
hbm:tile.ore_iron:6, Iron Ore
hbm:tile.ore_iron:7, Iron Ore
hbm:tile.ore_iron:8, Iron Ore
hbm:tile.ore_iron:9, Iron Ore
hbm:tile.ore_iron:10, Iron Ore
hbm:tile.ore_iron:11, Iron Ore
hbm:tile.ore_iron:12, Iron Ore
hbm:tile.ore_gold:0, Gold Ore
hbm:tile.ore_gold:1, Gold Ore
hbm:tile.ore_gold:2, Gold Ore
hbm:tile.ore_gold:3, Gold Ore
hbm:tile.ore_gold:4, Gold Ore
hbm:tile.ore_gold:5, Gold Ore
hbm:tile.ore_gold:6, Gold Ore
hbm:tile.ore_gold:7, Gold Ore
hbm:tile.ore_gold:8, Gold Ore
hbm:tile.ore_gold:9, Gold Ore
hbm:tile.ore_gold:10, Gold Ore
hbm:tile.ore_gold:11, Gold Ore
hbm:tile.ore_gold:12, Gold Ore
hbm:tile.ore_redstone:0, Redstone Ore
hbm:tile.ore_redstone:1, Redstone Ore
hbm:tile.ore_redstone:2, Redstone Ore
hbm:tile.ore_redstone:3, Redstone Ore
hbm:tile.ore_redstone:4, Redstone Ore
hbm:tile.ore_redstone:5, Redstone Ore
hbm:tile.ore_redstone:6, Redstone Ore
hbm:tile.ore_redstone:7, Redstone Ore
hbm:tile.ore_redstone:8, Redstone Ore
hbm:tile.ore_redstone:9, Redstone Ore
hbm:tile.ore_redstone:10, Redstone Ore
hbm:tile.ore_redstone:11, Redstone Ore
hbm:tile.ore_redstone:12, Redstone Ore
hbm:tile.ore_lapis:0, Lapis Lazuli Ore
hbm:tile.ore_lapis:1, Lapis Lazuli Ore
hbm:tile.ore_lapis:2, Lapis Lazuli Ore
hbm:tile.ore_lapis:3, Lapis Lazuli Ore
hbm:tile.ore_lapis:4, Lapis Lazuli Ore
hbm:tile.ore_lapis:5, Lapis Lazuli Ore
hbm:tile.ore_lapis:6, Lapis Lazuli Ore
hbm:tile.ore_lapis:7, Lapis Lazuli Ore
hbm:tile.ore_lapis:8, Lapis Lazuli Ore
hbm:tile.ore_lapis:9, Lapis Lazuli Ore
hbm:tile.ore_lapis:10, Lapis Lazuli Ore
hbm:tile.ore_lapis:11, Lapis Lazuli Ore
hbm:tile.ore_lapis:12, Lapis Lazuli Ore
hbm:tile.ore_emerald:0, Emerald Ore
hbm:tile.ore_emerald:1, Emerald Ore
hbm:tile.ore_emerald:2, Emerald Ore
hbm:tile.ore_emerald:3, Emerald Ore
hbm:tile.ore_emerald:4, Emerald Ore
hbm:tile.ore_emerald:5, Emerald Ore
hbm:tile.ore_emerald:6, Emerald Ore
hbm:tile.ore_emerald:7, Emerald Ore
hbm:tile.ore_emerald:8, Emerald Ore
hbm:tile.ore_emerald:9, Emerald Ore
hbm:tile.ore_emerald:10, Emerald Ore
hbm:tile.ore_emerald:11, Emerald Ore
hbm:tile.ore_emerald:12, Emerald Ore
hbm:tile.ore_quartz:0, Quartz Ore
hbm:tile.ore_quartz:1, Quartz Ore
hbm:tile.ore_quartz:2, Quartz Ore
hbm:tile.ore_quartz:3, Quartz Ore
hbm:tile.ore_quartz:4, Quartz Ore
hbm:tile.ore_quartz:5, Quartz Ore
hbm:tile.ore_quartz:6, Quartz Ore
hbm:tile.ore_quartz:7, Quartz Ore
hbm:tile.ore_quartz:8, Quartz Ore
hbm:tile.ore_quartz:9, Quartz Ore
hbm:tile.ore_quartz:10, Quartz Ore
hbm:tile.ore_quartz:11, Quartz Ore
hbm:tile.ore_quartz:12, Quartz Ore
hbm:tile.ore_diamond:0, Diamond Ore
hbm:tile.ore_diamond:1, Diamond Ore
hbm:tile.ore_diamond:2, Diamond Ore
hbm:tile.ore_diamond:3, Diamond Ore
hbm:tile.ore_diamond:4, Diamond Ore
hbm:tile.ore_diamond:5, Diamond Ore
hbm:tile.ore_diamond:6, Diamond Ore
hbm:tile.ore_diamond:7, Diamond Ore
hbm:tile.ore_diamond:8, Diamond Ore
hbm:tile.ore_diamond:9, Diamond Ore
hbm:tile.ore_diamond:10, Diamond Ore
hbm:tile.ore_diamond:11, Diamond Ore
hbm:tile.ore_diamond:12, Diamond Ore
hbm:tile.ore_uranium:0, Uranium Ore
hbm:tile.ore_uranium:1, Uranium Ore
hbm:tile.ore_uranium:2, Uranium Ore
hbm:tile.ore_uranium:3, Uranium Ore
hbm:tile.ore_uranium:4, Uranium Ore
hbm:tile.ore_uranium:5, Uranium Ore
hbm:tile.ore_uranium:6, Uranium Ore
hbm:tile.ore_uranium:7, Uranium Ore
hbm:tile.ore_uranium:8, Uranium Ore
hbm:tile.ore_uranium:9, Uranium Ore
hbm:tile.ore_uranium:10, Uranium Ore
hbm:tile.ore_uranium:11, Uranium Ore
hbm:tile.ore_uranium:12, Uranium Ore
hbm:tile.ore_uranium_scorched, Scorched Uranium Ore
hbm:tile.ore_plutonium:0, Plutonium Ore
hbm:tile.ore_plutonium:1, Plutonium Ore
hbm:tile.ore_plutonium:2, Plutonium Ore
hbm:tile.ore_plutonium:3, Plutonium Ore
hbm:tile.ore_plutonium:4, Plutonium Ore
hbm:tile.ore_plutonium:5, Plutonium Ore
hbm:tile.ore_plutonium:6, Plutonium Ore
hbm:tile.ore_plutonium:7, Plutonium Ore
hbm:tile.ore_plutonium:8, Plutonium Ore
hbm:tile.ore_plutonium:9, Plutonium Ore
hbm:tile.ore_plutonium:10, Plutonium Ore
hbm:tile.ore_plutonium:11, Plutonium Ore
hbm:tile.ore_plutonium:12, Plutonium Ore
hbm:tile.ore_thorium:0, Thorium Ore
hbm:tile.ore_thorium:1, Thorium Ore
hbm:tile.ore_thorium:2, Thorium Ore
hbm:tile.ore_thorium:3, Thorium Ore
hbm:tile.ore_thorium:4, Thorium Ore
hbm:tile.ore_thorium:5, Thorium Ore
hbm:tile.ore_thorium:6, Thorium Ore
hbm:tile.ore_thorium:7, Thorium Ore
hbm:tile.ore_thorium:8, Thorium Ore
hbm:tile.ore_thorium:9, Thorium Ore
hbm:tile.ore_thorium:10, Thorium Ore
hbm:tile.ore_thorium:11, Thorium Ore
hbm:tile.ore_thorium:12, Thorium Ore
hbm:tile.ore_morkite:0, Morkite Ore
hbm:tile.ore_morkite:1, Morkite Ore
hbm:tile.ore_morkite:2, Morkite Ore
hbm:tile.ore_morkite:3, Morkite Ore
hbm:tile.ore_morkite:4, Morkite Ore
hbm:tile.ore_morkite:5, Morkite Ore
hbm:tile.ore_morkite:6, Morkite Ore
hbm:tile.ore_morkite:7, Morkite Ore
hbm:tile.ore_morkite:8, Morkite Ore
hbm:tile.ore_morkite:9, Morkite Ore
hbm:tile.ore_morkite:10, Morkite Ore
hbm:tile.ore_morkite:11, Morkite Ore
hbm:tile.ore_morkite:12, Morkite Ore
hbm:tile.ore_titanium:0, Titanium Ore
hbm:tile.ore_titanium:1, Titanium Ore
hbm:tile.ore_titanium:2, Titanium Ore
hbm:tile.ore_titanium:3, Titanium Ore
hbm:tile.ore_titanium:4, Titanium Ore
hbm:tile.ore_titanium:5, Titanium Ore
hbm:tile.ore_titanium:6, Titanium Ore
hbm:tile.ore_titanium:7, Titanium Ore
hbm:tile.ore_titanium:8, Titanium Ore
hbm:tile.ore_titanium:9, Titanium Ore
hbm:tile.ore_titanium:10, Titanium Ore
hbm:tile.ore_titanium:11, Titanium Ore
hbm:tile.ore_titanium:12, Titanium Ore
hbm:tile.ore_sulfur:0, Sulfur Ore
hbm:tile.ore_sulfur:1, Sulfur Ore
hbm:tile.ore_sulfur:2, Sulfur Ore
hbm:tile.ore_sulfur:3, Sulfur Ore
hbm:tile.ore_sulfur:4, Sulfur Ore
hbm:tile.ore_sulfur:5, Sulfur Ore
hbm:tile.ore_sulfur:6, Sulfur Ore
hbm:tile.ore_sulfur:7, Sulfur Ore
hbm:tile.ore_sulfur:8, Sulfur Ore
hbm:tile.ore_sulfur:9, Sulfur Ore
hbm:tile.ore_sulfur:10, Sulfur Ore
hbm:tile.ore_sulfur:11, Sulfur Ore
hbm:tile.ore_sulfur:12, Sulfur Ore
hbm:tile.ore_glowstone:0, Glowstone Ore
hbm:tile.ore_glowstone:1, Glowstone Ore
hbm:tile.ore_glowstone:2, Glowstone Ore
hbm:tile.ore_glowstone:3, Glowstone Ore
hbm:tile.ore_glowstone:4, Glowstone Ore
hbm:tile.ore_glowstone:5, Glowstone Ore
hbm:tile.ore_glowstone:6, Glowstone Ore
hbm:tile.ore_glowstone:7, Glowstone Ore
hbm:tile.ore_glowstone:8, Glowstone Ore
hbm:tile.ore_glowstone:9, Glowstone Ore
hbm:tile.ore_glowstone:10, Glowstone Ore
hbm:tile.ore_glowstone:11, Glowstone Ore
hbm:tile.ore_glowstone:12, Glowstone Ore
hbm:tile.ore_niter:0, Niter Ore
hbm:tile.ore_niter:1, Niter Ore
hbm:tile.ore_niter:2, Niter Ore
hbm:tile.ore_niter:3, Niter Ore
hbm:tile.ore_niter:4, Niter Ore
hbm:tile.ore_niter:5, Niter Ore
hbm:tile.ore_niter:6, Niter Ore
hbm:tile.ore_niter:7, Niter Ore
hbm:tile.ore_niter:8, Niter Ore
hbm:tile.ore_niter:9, Niter Ore
hbm:tile.ore_niter:10, Niter Ore
hbm:tile.ore_niter:11, Niter Ore
hbm:tile.ore_niter:12, Niter Ore
hbm:tile.ore_copper:0, Copper Ore
hbm:tile.ore_copper:1, Copper Ore
hbm:tile.ore_copper:2, Copper Ore
hbm:tile.ore_copper:3, Copper Ore
hbm:tile.ore_copper:4, Copper Ore
hbm:tile.ore_copper:5, Copper Ore
hbm:tile.ore_copper:6, Copper Ore
hbm:tile.ore_copper:7, Copper Ore
hbm:tile.ore_copper:8, Copper Ore
hbm:tile.ore_copper:9, Copper Ore
hbm:tile.ore_copper:10, Copper Ore
hbm:tile.ore_copper:11, Copper Ore
hbm:tile.ore_copper:12, Copper Ore
hbm:tile.ore_nickel:0, Nickel Ore
hbm:tile.ore_nickel:1, Nickel Ore
hbm:tile.ore_nickel:2, Nickel Ore
hbm:tile.ore_nickel:3, Nickel Ore
hbm:tile.ore_nickel:4, Nickel Ore
hbm:tile.ore_nickel:5, Nickel Ore
hbm:tile.ore_nickel:6, Nickel Ore
hbm:tile.ore_nickel:7, Nickel Ore
hbm:tile.ore_nickel:8, Nickel Ore
hbm:tile.ore_nickel:9, Nickel Ore
hbm:tile.ore_nickel:10, Nickel Ore
hbm:tile.ore_nickel:11, Nickel Ore
hbm:tile.ore_nickel:12, Nickel Ore
hbm:tile.ore_mineral:0, Rich Mineral Deposit
hbm:tile.ore_mineral:1, Rich Mineral Deposit
hbm:tile.ore_mineral:2, Rich Mineral Deposit
hbm:tile.ore_mineral:3, Rich Mineral Deposit
hbm:tile.ore_mineral:4, Rich Mineral Deposit
hbm:tile.ore_mineral:5, Rich Mineral Deposit
hbm:tile.ore_mineral:6, Rich Mineral Deposit
hbm:tile.ore_mineral:7, Rich Mineral Deposit
hbm:tile.ore_mineral:8, Rich Mineral Deposit
hbm:tile.ore_mineral:9, Rich Mineral Deposit
hbm:tile.ore_mineral:10, Rich Mineral Deposit
hbm:tile.ore_mineral:11, Rich Mineral Deposit
hbm:tile.ore_mineral:12, Rich Mineral Deposit
hbm:tile.ore_zinc:0, Zinc Ore
hbm:tile.ore_zinc:1, Zinc Ore
hbm:tile.ore_zinc:2, Zinc Ore
hbm:tile.ore_zinc:3, Zinc Ore
hbm:tile.ore_zinc:4, Zinc Ore
hbm:tile.ore_zinc:5, Zinc Ore
hbm:tile.ore_zinc:6, Zinc Ore
hbm:tile.ore_zinc:7, Zinc Ore
hbm:tile.ore_zinc:8, Zinc Ore
hbm:tile.ore_zinc:9, Zinc Ore
hbm:tile.ore_zinc:10, Zinc Ore
hbm:tile.ore_zinc:11, Zinc Ore
hbm:tile.ore_zinc:12, Zinc Ore
hbm:tile.ore_tungsten:0, Tungsten Ore
hbm:tile.ore_tungsten:1, Tungsten Ore
hbm:tile.ore_tungsten:2, Tungsten Ore
hbm:tile.ore_tungsten:3, Tungsten Ore
hbm:tile.ore_tungsten:4, Tungsten Ore
hbm:tile.ore_tungsten:5, Tungsten Ore
hbm:tile.ore_tungsten:6, Tungsten Ore
hbm:tile.ore_tungsten:7, Tungsten Ore
hbm:tile.ore_tungsten:8, Tungsten Ore
hbm:tile.ore_tungsten:9, Tungsten Ore
hbm:tile.ore_tungsten:10, Tungsten Ore
hbm:tile.ore_tungsten:11, Tungsten Ore
hbm:tile.ore_tungsten:12, Tungsten Ore
hbm:tile.ore_aluminium:0, Aluminium-Bearing Ore
hbm:tile.ore_aluminium:1, Aluminium-Bearing Ore
hbm:tile.ore_aluminium:2, Aluminium-Bearing Ore
hbm:tile.ore_aluminium:3, Aluminium-Bearing Ore
hbm:tile.ore_aluminium:4, Aluminium-Bearing Ore
hbm:tile.ore_aluminium:5, Aluminium-Bearing Ore
hbm:tile.ore_aluminium:6, Aluminium-Bearing Ore
hbm:tile.ore_aluminium:7, Aluminium-Bearing Ore
hbm:tile.ore_aluminium:8, Aluminium-Bearing Ore
hbm:tile.ore_aluminium:9, Aluminium-Bearing Ore
hbm:tile.ore_aluminium:10, Aluminium-Bearing Ore
hbm:tile.ore_aluminium:11, Aluminium-Bearing Ore
hbm:tile.ore_aluminium:12, Aluminium-Bearing Ore
hbm:tile.ore_fluorite:0, Fluorite Ore
hbm:tile.ore_fluorite:1, Fluorite Ore
hbm:tile.ore_fluorite:2, Fluorite Ore
hbm:tile.ore_fluorite:3, Fluorite Ore
hbm:tile.ore_fluorite:4, Fluorite Ore
hbm:tile.ore_fluorite:5, Fluorite Ore
hbm:tile.ore_fluorite:6, Fluorite Ore
hbm:tile.ore_fluorite:7, Fluorite Ore
hbm:tile.ore_fluorite:8, Fluorite Ore
hbm:tile.ore_fluorite:9, Fluorite Ore
hbm:tile.ore_fluorite:10, Fluorite Ore
hbm:tile.ore_fluorite:11, Fluorite Ore
hbm:tile.ore_fluorite:12, Fluorite Ore
hbm:tile.ore_beryllium:0, Beryllium Ore
hbm:tile.ore_beryllium:1, Beryllium Ore
hbm:tile.ore_beryllium:2, Beryllium Ore
hbm:tile.ore_beryllium:3, Beryllium Ore
hbm:tile.ore_beryllium:4, Beryllium Ore
hbm:tile.ore_beryllium:5, Beryllium Ore
hbm:tile.ore_beryllium:6, Beryllium Ore
hbm:tile.ore_beryllium:7, Beryllium Ore
hbm:tile.ore_beryllium:8, Beryllium Ore
hbm:tile.ore_beryllium:9, Beryllium Ore
hbm:tile.ore_beryllium:10, Beryllium Ore
hbm:tile.ore_beryllium:11, Beryllium Ore
hbm:tile.ore_beryllium:12, Beryllium Ore
hbm:tile.ore_lead:0, Lead Ore
hbm:tile.ore_lead:1, Lead Ore
hbm:tile.ore_lead:2, Lead Ore
hbm:tile.ore_lead:3, Lead Ore
hbm:tile.ore_lead:4, Lead Ore
hbm:tile.ore_lead:5, Lead Ore
hbm:tile.ore_lead:6, Lead Ore
hbm:tile.ore_lead:7, Lead Ore
hbm:tile.ore_lead:8, Lead Ore
hbm:tile.ore_lead:9, Lead Ore
hbm:tile.ore_lead:10, Lead Ore
hbm:tile.ore_lead:11, Lead Ore
hbm:tile.ore_lead:12, Lead Ore
hbm:tile.ore_oil:0, Oil Deposit
hbm:tile.ore_oil:1, Oil Deposit
hbm:tile.ore_oil:2, Oil Deposit
hbm:tile.ore_oil:3, Oil Deposit
hbm:tile.ore_oil:4, Oil Deposit
hbm:tile.ore_oil:5, Oil Deposit
hbm:tile.ore_oil:6, Oil Deposit
hbm:tile.ore_oil:7, Oil Deposit
hbm:tile.ore_oil:8, Oil Deposit
hbm:tile.ore_oil:9, Oil Deposit
hbm:tile.ore_oil:10, Oil Deposit
hbm:tile.ore_oil:11, Oil Deposit
hbm:tile.ore_oil:12, Oil Deposit
hbm:tile.ore_oil_empty:0, Empty Oil Deposit
hbm:tile.ore_oil_empty:1, Empty Oil Deposit
hbm:tile.ore_oil_empty:2, Empty Oil Deposit
hbm:tile.ore_oil_empty:3, Empty Oil Deposit
hbm:tile.ore_oil_empty:4, Empty Oil Deposit
hbm:tile.ore_oil_empty:5, Empty Oil Deposit
hbm:tile.ore_oil_empty:6, Empty Oil Deposit
hbm:tile.ore_oil_empty:7, Empty Oil Deposit
hbm:tile.ore_oil_empty:8, Empty Oil Deposit
hbm:tile.ore_oil_empty:9, Empty Oil Deposit
hbm:tile.ore_oil_empty:10, Empty Oil Deposit
hbm:tile.ore_oil_empty:11, Empty Oil Deposit
hbm:tile.ore_oil_empty:12, Empty Oil Deposit
hbm:tile.ore_bedrock_artery:0, Bedrock Artery
hbm:tile.ore_bedrock_concrete:0, tile.ore_bedrock_concrete.name
hbm:tile.ore_gas:0, Natural Gas Deposit
hbm:tile.ore_gas:1, Natural Gas Deposit
hbm:tile.ore_gas:2, Natural Gas Deposit
hbm:tile.ore_gas:3, Natural Gas Deposit
hbm:tile.ore_gas:4, Natural Gas Deposit
hbm:tile.ore_gas:5, Natural Gas Deposit
hbm:tile.ore_gas:6, Natural Gas Deposit
hbm:tile.ore_gas:7, Natural Gas Deposit
hbm:tile.ore_gas:8, Natural Gas Deposit
hbm:tile.ore_gas:9, Natural Gas Deposit
hbm:tile.ore_gas:10, Natural Gas Deposit
hbm:tile.ore_gas:11, Natural Gas Deposit
hbm:tile.ore_gas:12, Natural Gas Deposit
hbm:tile.ore_gas_empty:0, Empty Natural Gas Deposit
hbm:tile.ore_gas_empty:1, Empty Natural Gas Deposit
hbm:tile.ore_gas_empty:2, Empty Natural Gas Deposit
hbm:tile.ore_gas_empty:3, Empty Natural Gas Deposit
hbm:tile.ore_gas_empty:4, Empty Natural Gas Deposit
hbm:tile.ore_gas_empty:5, Empty Natural Gas Deposit
hbm:tile.ore_gas_empty:6, Empty Natural Gas Deposit
hbm:tile.ore_gas_empty:7, Empty Natural Gas Deposit
hbm:tile.ore_gas_empty:8, Empty Natural Gas Deposit
hbm:tile.ore_gas_empty:9, Empty Natural Gas Deposit
hbm:tile.ore_gas_empty:10, Empty Natural Gas Deposit
hbm:tile.ore_gas_empty:11, Empty Natural Gas Deposit
hbm:tile.ore_gas_empty:12, Empty Natural Gas Deposit
hbm:tile.ore_oil_sand, Tar Sand
hbm:tile.ore_lignite:0, Lignite Ore
hbm:tile.ore_lignite:1, Lignite Ore
hbm:tile.ore_lignite:2, Lignite Ore
hbm:tile.ore_lignite:3, Lignite Ore
hbm:tile.ore_lignite:4, Lignite Ore
hbm:tile.ore_lignite:5, Lignite Ore
hbm:tile.ore_lignite:6, Lignite Ore
hbm:tile.ore_lignite:7, Lignite Ore
hbm:tile.ore_lignite:8, Lignite Ore
hbm:tile.ore_lignite:9, Lignite Ore
hbm:tile.ore_lignite:10, Lignite Ore
hbm:tile.ore_lignite:11, Lignite Ore
hbm:tile.ore_lignite:12, Lignite Ore
hbm:tile.ore_asbestos:0, Asbestos Ore
hbm:tile.ore_asbestos:1, Asbestos Ore
hbm:tile.ore_asbestos:2, Asbestos Ore
hbm:tile.ore_asbestos:3, Asbestos Ore
hbm:tile.ore_asbestos:4, Asbestos Ore
hbm:tile.ore_asbestos:5, Asbestos Ore
hbm:tile.ore_asbestos:6, Asbestos Ore
hbm:tile.ore_asbestos:7, Asbestos Ore
hbm:tile.ore_asbestos:8, Asbestos Ore
hbm:tile.ore_asbestos:9, Asbestos Ore
hbm:tile.ore_asbestos:10, Asbestos Ore
hbm:tile.ore_asbestos:11, Asbestos Ore
hbm:tile.ore_asbestos:12, Asbestos Ore
hbm:tile.ore_schrabidium:0, Schrabidium Ore
hbm:tile.ore_schrabidium:1, Schrabidium Ore
hbm:tile.ore_schrabidium:2, Schrabidium Ore
hbm:tile.ore_schrabidium:3, Schrabidium Ore
hbm:tile.ore_schrabidium:4, Schrabidium Ore
hbm:tile.ore_schrabidium:5, Schrabidium Ore
hbm:tile.ore_schrabidium:6, Schrabidium Ore
hbm:tile.ore_schrabidium:7, Schrabidium Ore
hbm:tile.ore_schrabidium:8, Schrabidium Ore
hbm:tile.ore_schrabidium:9, Schrabidium Ore
hbm:tile.ore_schrabidium:10, Schrabidium Ore
hbm:tile.ore_schrabidium:11, Schrabidium Ore
hbm:tile.ore_schrabidium:12, Schrabidium Ore
hbm:tile.ore_lithium:0, Lithium Ore
hbm:tile.ore_lithium:1, Lithium Ore
hbm:tile.ore_lithium:2, Lithium Ore
hbm:tile.ore_lithium:3, Lithium Ore
hbm:tile.ore_lithium:4, Lithium Ore
hbm:tile.ore_lithium:5, Lithium Ore
hbm:tile.ore_lithium:6, Lithium Ore
hbm:tile.ore_lithium:7, Lithium Ore
hbm:tile.ore_lithium:8, Lithium Ore
hbm:tile.ore_lithium:9, Lithium Ore
hbm:tile.ore_lithium:10, Lithium Ore
hbm:tile.ore_lithium:11, Lithium Ore
hbm:tile.ore_lithium:12, Lithium Ore
hbm:tile.ore_niobium:0, Niobium Ore
hbm:tile.ore_niobium:1, Niobium Ore
hbm:tile.ore_niobium:2, Niobium Ore
hbm:tile.ore_niobium:3, Niobium Ore
hbm:tile.ore_niobium:4, Niobium Ore
hbm:tile.ore_niobium:5, Niobium Ore
hbm:tile.ore_niobium:6, Niobium Ore
hbm:tile.ore_niobium:7, Niobium Ore
hbm:tile.ore_niobium:8, Niobium Ore
hbm:tile.ore_niobium:9, Niobium Ore
hbm:tile.ore_niobium:10, Niobium Ore
hbm:tile.ore_niobium:11, Niobium Ore
hbm:tile.ore_niobium:12, Niobium Ore
hbm:tile.ore_cadmium:0, Cadmium Ore
hbm:tile.ore_cadmium:1, Cadmium Ore
hbm:tile.ore_cadmium:2, Cadmium Ore
hbm:tile.ore_cadmium:3, Cadmium Ore
hbm:tile.ore_cadmium:4, Cadmium Ore
hbm:tile.ore_cadmium:5, Cadmium Ore
hbm:tile.ore_cadmium:6, Cadmium Ore
hbm:tile.ore_cadmium:7, Cadmium Ore
hbm:tile.ore_cadmium:8, Cadmium Ore
hbm:tile.ore_cadmium:9, Cadmium Ore
hbm:tile.ore_cadmium:10, Cadmium Ore
hbm:tile.ore_cadmium:11, Cadmium Ore
hbm:tile.ore_cadmium:12, Cadmium Ore
hbm:tile.ore_palladium:0, Palladium Ore
hbm:tile.ore_palladium:1, Palladium Ore
hbm:tile.ore_palladium:2, Palladium Ore
hbm:tile.ore_palladium:3, Palladium Ore
hbm:tile.ore_palladium:4, Palladium Ore
hbm:tile.ore_palladium:5, Palladium Ore
hbm:tile.ore_palladium:6, Palladium Ore
hbm:tile.ore_palladium:7, Palladium Ore
hbm:tile.ore_palladium:8, Palladium Ore
hbm:tile.ore_palladium:9, Palladium Ore
hbm:tile.ore_palladium:10, Palladium Ore
hbm:tile.ore_palladium:11, Palladium Ore
hbm:tile.ore_palladium:12, Palladium Ore
hbm:tile.ore_iodine:0, Iodine Ore
hbm:tile.ore_iodine:1, Iodine Ore
hbm:tile.ore_iodine:2, Iodine Ore
hbm:tile.ore_iodine:3, Iodine Ore
hbm:tile.ore_iodine:4, Iodine Ore
hbm:tile.ore_iodine:5, Iodine Ore
hbm:tile.ore_iodine:6, Iodine Ore
hbm:tile.ore_iodine:7, Iodine Ore
hbm:tile.ore_iodine:8, Iodine Ore
hbm:tile.ore_iodine:9, Iodine Ore
hbm:tile.ore_iodine:10, Iodine Ore
hbm:tile.ore_iodine:11, Iodine Ore
hbm:tile.ore_iodine:12, Iodine Ore
hbm:tile.ore_arsenic:0, Arsenic Ore
hbm:tile.ore_arsenic:1, Arsenic Ore
hbm:tile.ore_arsenic:2, Arsenic Ore
hbm:tile.ore_arsenic:3, Arsenic Ore
hbm:tile.ore_arsenic:4, Arsenic Ore
hbm:tile.ore_arsenic:5, Arsenic Ore
hbm:tile.ore_arsenic:6, Arsenic Ore
hbm:tile.ore_arsenic:7, Arsenic Ore
hbm:tile.ore_arsenic:8, Arsenic Ore
hbm:tile.ore_arsenic:9, Arsenic Ore
hbm:tile.ore_arsenic:10, Arsenic Ore
hbm:tile.ore_arsenic:11, Arsenic Ore
hbm:tile.ore_arsenic:12, Arsenic Ore
hbm:tile.ore_silicon:0, Silicon Ore
hbm:tile.ore_silicon:1, Silicon Ore
hbm:tile.ore_silicon:2, Silicon Ore
hbm:tile.ore_silicon:3, Silicon Ore
hbm:tile.ore_silicon:4, Silicon Ore
hbm:tile.ore_silicon:5, Silicon Ore
hbm:tile.ore_silicon:6, Silicon Ore
hbm:tile.ore_silicon:7, Silicon Ore
hbm:tile.ore_silicon:8, Silicon Ore
hbm:tile.ore_silicon:9, Silicon Ore
hbm:tile.ore_silicon:10, Silicon Ore
hbm:tile.ore_silicon:11, Silicon Ore
hbm:tile.ore_silicon:12, Silicon Ore
hbm:tile.ore_fire:0, Phosphorus Ore
hbm:tile.ore_fire:1, Phosphorus Ore
hbm:tile.ore_fire:2, Phosphorus Ore
hbm:tile.ore_fire:3, Phosphorus Ore
hbm:tile.ore_fire:4, Phosphorus Ore
hbm:tile.ore_fire:5, Phosphorus Ore
hbm:tile.ore_fire:6, Phosphorus Ore
hbm:tile.ore_fire:7, Phosphorus Ore
hbm:tile.ore_fire:8, Phosphorus Ore
hbm:tile.ore_fire:9, Phosphorus Ore
hbm:tile.ore_fire:10, Phosphorus Ore
hbm:tile.ore_fire:11, Phosphorus Ore
hbm:tile.ore_fire:12, Phosphorus Ore
hbm:tile.ore_shale:0, Natural Gas Shale
hbm:tile.ore_shale:1, Natural Gas Shale
hbm:tile.ore_shale:2, Natural Gas Shale
hbm:tile.ore_shale:3, Natural Gas Shale
hbm:tile.ore_shale:4, Natural Gas Shale
hbm:tile.ore_shale:5, Natural Gas Shale
hbm:tile.ore_shale:6, Natural Gas Shale
hbm:tile.ore_shale:7, Natural Gas Shale
hbm:tile.ore_shale:8, Natural Gas Shale
hbm:tile.ore_shale:9, Natural Gas Shale
hbm:tile.ore_shale:10, Natural Gas Shale
hbm:tile.ore_shale:11, Natural Gas Shale
hbm:tile.ore_shale:12, Natural Gas Shale
hbm:tile.ore_brine:0, Brine Deposit
hbm:tile.ore_brine:1, Brine Deposit
hbm:tile.ore_brine:2, Brine Deposit
hbm:tile.ore_brine:3, Brine Deposit
hbm:tile.ore_brine:4, Brine Deposit
hbm:tile.ore_brine:5, Brine Deposit
hbm:tile.ore_brine:6, Brine Deposit
hbm:tile.ore_brine:7, Brine Deposit
hbm:tile.ore_brine:8, Brine Deposit
hbm:tile.ore_brine:9, Brine Deposit
hbm:tile.ore_brine:10, Brine Deposit
hbm:tile.ore_brine:11, Brine Deposit
hbm:tile.ore_brine:12, Brine Deposit
hbm:tile.ore_brine_empty:0, Empty Brine Deposit
hbm:tile.ore_brine_empty:1, Empty Brine Deposit
hbm:tile.ore_brine_empty:2, Empty Brine Deposit
hbm:tile.ore_brine_empty:3, Empty Brine Deposit
hbm:tile.ore_brine_empty:4, Empty Brine Deposit
hbm:tile.ore_brine_empty:5, Empty Brine Deposit
hbm:tile.ore_brine_empty:6, Empty Brine Deposit
hbm:tile.ore_brine_empty:7, Empty Brine Deposit
hbm:tile.ore_brine_empty:8, Empty Brine Deposit
hbm:tile.ore_brine_empty:9, Empty Brine Deposit
hbm:tile.ore_brine_empty:10, Empty Brine Deposit
hbm:tile.ore_brine_empty:11, Empty Brine Deposit
hbm:tile.ore_brine_empty:12, Empty Brine Deposit
hbm:tile.ore_tekto:0, Tektonic Crude Deposit
hbm:tile.ore_tekto:1, Tektonic Crude Deposit
hbm:tile.ore_tekto:2, Tektonic Crude Deposit
hbm:tile.ore_tekto:3, Tektonic Crude Deposit
hbm:tile.ore_tekto:4, Tektonic Crude Deposit
hbm:tile.ore_tekto:5, Tektonic Crude Deposit
hbm:tile.ore_tekto:6, Tektonic Crude Deposit
hbm:tile.ore_tekto:7, Tektonic Crude Deposit
hbm:tile.ore_tekto:8, Tektonic Crude Deposit
hbm:tile.ore_tekto:9, Tektonic Crude Deposit
hbm:tile.ore_tekto:10, Tektonic Crude Deposit
hbm:tile.ore_tekto:11, Tektonic Crude Deposit
hbm:tile.ore_tekto:12, Tektonic Crude Deposit
hbm:tile.ore_tekto_empty:0, Empty Tektonic Crude Deposit
hbm:tile.ore_tekto_empty:1, Empty Tektonic Crude Deposit
hbm:tile.ore_tekto_empty:2, Empty Tektonic Crude Deposit
hbm:tile.ore_tekto_empty:3, Empty Tektonic Crude Deposit
hbm:tile.ore_tekto_empty:4, Empty Tektonic Crude Deposit
hbm:tile.ore_tekto_empty:5, Empty Tektonic Crude Deposit
hbm:tile.ore_tekto_empty:6, Empty Tektonic Crude Deposit
hbm:tile.ore_tekto_empty:7, Empty Tektonic Crude Deposit
hbm:tile.ore_tekto_empty:8, Empty Tektonic Crude Deposit
hbm:tile.ore_tekto_empty:9, Empty Tektonic Crude Deposit
hbm:tile.ore_tekto_empty:10, Empty Tektonic Crude Deposit
hbm:tile.ore_tekto_empty:11, Empty Tektonic Crude Deposit
hbm:tile.ore_tekto_empty:12, Empty Tektonic Crude Deposit
hbm:tile.ore_australium:0, Australian Ore
hbm:tile.ore_australium:1, Australian Ore
hbm:tile.ore_australium:2, Australian Ore
hbm:tile.ore_australium:3, Australian Ore
hbm:tile.ore_australium:4, Australian Ore
hbm:tile.ore_australium:5, Australian Ore
hbm:tile.ore_australium:6, Australian Ore
hbm:tile.ore_australium:7, Australian Ore
hbm:tile.ore_australium:8, Australian Ore
hbm:tile.ore_australium:9, Australian Ore
hbm:tile.ore_australium:10, Australian Ore
hbm:tile.ore_australium:11, Australian Ore
hbm:tile.ore_australium:12, Australian Ore
hbm:tile.ore_rare:0, Rare Earth Ore
hbm:tile.ore_rare:1, Rare Earth Ore
hbm:tile.ore_rare:2, Rare Earth Ore
hbm:tile.ore_rare:3, Rare Earth Ore
hbm:tile.ore_rare:4, Rare Earth Ore
hbm:tile.ore_rare:5, Rare Earth Ore
hbm:tile.ore_rare:6, Rare Earth Ore
hbm:tile.ore_rare:7, Rare Earth Ore
hbm:tile.ore_rare:8, Rare Earth Ore
hbm:tile.ore_rare:9, Rare Earth Ore
hbm:tile.ore_rare:10, Rare Earth Ore
hbm:tile.ore_rare:11, Rare Earth Ore
hbm:tile.ore_rare:12, Rare Earth Ore
hbm:tile.ore_cobalt:0, Cobalt Ore
hbm:tile.ore_cobalt:1, Cobalt Ore
hbm:tile.ore_cobalt:2, Cobalt Ore
hbm:tile.ore_cobalt:3, Cobalt Ore
hbm:tile.ore_cobalt:4, Cobalt Ore
hbm:tile.ore_cobalt:5, Cobalt Ore
hbm:tile.ore_cobalt:6, Cobalt Ore
hbm:tile.ore_cobalt:7, Cobalt Ore
hbm:tile.ore_cobalt:8, Cobalt Ore
hbm:tile.ore_cobalt:9, Cobalt Ore
hbm:tile.ore_cobalt:10, Cobalt Ore
hbm:tile.ore_cobalt:11, Cobalt Ore
hbm:tile.ore_cobalt:12, Cobalt Ore
hbm:tile.ore_cinnebar:0, Cinnabar Ore
hbm:tile.ore_cinnebar:1, Cinnabar Ore
hbm:tile.ore_cinnebar:2, Cinnabar Ore
hbm:tile.ore_cinnebar:3, Cinnabar Ore
hbm:tile.ore_cinnebar:4, Cinnabar Ore
hbm:tile.ore_cinnebar:5, Cinnabar Ore
hbm:tile.ore_cinnebar:6, Cinnabar Ore
hbm:tile.ore_cinnebar:7, Cinnabar Ore
hbm:tile.ore_cinnebar:8, Cinnabar Ore
hbm:tile.ore_cinnebar:9, Cinnabar Ore
hbm:tile.ore_cinnebar:10, Cinnabar Ore
hbm:tile.ore_cinnebar:11, Cinnabar Ore
hbm:tile.ore_cinnebar:12, Cinnabar Ore
hbm:tile.ore_coltan:0, Coltan Ore
hbm:tile.ore_coltan:1, Coltan Ore
hbm:tile.ore_coltan:2, Coltan Ore
hbm:tile.ore_coltan:3, Coltan Ore
hbm:tile.ore_coltan:4, Coltan Ore
hbm:tile.ore_coltan:5, Coltan Ore
hbm:tile.ore_coltan:6, Coltan Ore
hbm:tile.ore_coltan:7, Coltan Ore
hbm:tile.ore_coltan:8, Coltan Ore
hbm:tile.ore_coltan:9, Coltan Ore
hbm:tile.ore_coltan:10, Coltan Ore
hbm:tile.ore_coltan:11, Coltan Ore
hbm:tile.ore_coltan:12, Coltan Ore
hbm:tile.ore_lanthanium:0, Lanthanium Ore
hbm:tile.ore_lanthanium:1, Lanthanium Ore
hbm:tile.ore_lanthanium:2, Lanthanium Ore
hbm:tile.ore_lanthanium:3, Lanthanium Ore
hbm:tile.ore_lanthanium:4, Lanthanium Ore
hbm:tile.ore_lanthanium:5, Lanthanium Ore
hbm:tile.ore_lanthanium:6, Lanthanium Ore
hbm:tile.ore_lanthanium:7, Lanthanium Ore
hbm:tile.ore_lanthanium:8, Lanthanium Ore
hbm:tile.ore_lanthanium:9, Lanthanium Ore
hbm:tile.ore_lanthanium:10, Lanthanium Ore
hbm:tile.ore_lanthanium:11, Lanthanium Ore
hbm:tile.ore_lanthanium:12, Lanthanium Ore
hbm:tile.cluster_iron:0, Iron Ore Cluster
hbm:tile.cluster_iron:1, Iron Ore Cluster
hbm:tile.cluster_iron:2, Iron Ore Cluster
hbm:tile.cluster_iron:3, Iron Ore Cluster
hbm:tile.cluster_iron:4, Iron Ore Cluster
hbm:tile.cluster_iron:5, Iron Ore Cluster
hbm:tile.cluster_iron:6, Iron Ore Cluster
hbm:tile.cluster_iron:7, Iron Ore Cluster
hbm:tile.cluster_iron:8, Iron Ore Cluster
hbm:tile.cluster_iron:9, Iron Ore Cluster
hbm:tile.cluster_iron:10, Iron Ore Cluster
hbm:tile.cluster_iron:11, Iron Ore Cluster
hbm:tile.cluster_iron:12, Iron Ore Cluster
hbm:tile.cluster_titanium:0, Titanium Ore Cluster
hbm:tile.cluster_titanium:1, Titanium Ore Cluster
hbm:tile.cluster_titanium:2, Titanium Ore Cluster
hbm:tile.cluster_titanium:3, Titanium Ore Cluster
hbm:tile.cluster_titanium:4, Titanium Ore Cluster
hbm:tile.cluster_titanium:5, Titanium Ore Cluster
hbm:tile.cluster_titanium:6, Titanium Ore Cluster
hbm:tile.cluster_titanium:7, Titanium Ore Cluster
hbm:tile.cluster_titanium:8, Titanium Ore Cluster
hbm:tile.cluster_titanium:9, Titanium Ore Cluster
hbm:tile.cluster_titanium:10, Titanium Ore Cluster
hbm:tile.cluster_titanium:11, Titanium Ore Cluster
hbm:tile.cluster_titanium:12, Titanium Ore Cluster
hbm:tile.cluster_aluminium:0, Aluminium Ore Cluster
hbm:tile.cluster_aluminium:1, Aluminium Ore Cluster
hbm:tile.cluster_aluminium:2, Aluminium Ore Cluster
hbm:tile.cluster_aluminium:3, Aluminium Ore Cluster
hbm:tile.cluster_aluminium:4, Aluminium Ore Cluster
hbm:tile.cluster_aluminium:5, Aluminium Ore Cluster
hbm:tile.cluster_aluminium:6, Aluminium Ore Cluster
hbm:tile.cluster_aluminium:7, Aluminium Ore Cluster
hbm:tile.cluster_aluminium:8, Aluminium Ore Cluster
hbm:tile.cluster_aluminium:9, Aluminium Ore Cluster
hbm:tile.cluster_aluminium:10, Aluminium Ore Cluster
hbm:tile.cluster_aluminium:11, Aluminium Ore Cluster
hbm:tile.cluster_aluminium:12, Aluminium Ore Cluster
hbm:tile.cluster_copper:0, Copper Ore Cluster
hbm:tile.cluster_copper:1, Copper Ore Cluster
hbm:tile.cluster_copper:2, Copper Ore Cluster
hbm:tile.cluster_copper:3, Copper Ore Cluster
hbm:tile.cluster_copper:4, Copper Ore Cluster
hbm:tile.cluster_copper:5, Copper Ore Cluster
hbm:tile.cluster_copper:6, Copper Ore Cluster
hbm:tile.cluster_copper:7, Copper Ore Cluster
hbm:tile.cluster_copper:8, Copper Ore Cluster
hbm:tile.cluster_copper:9, Copper Ore Cluster
hbm:tile.cluster_copper:10, Copper Ore Cluster
hbm:tile.cluster_copper:11, Copper Ore Cluster
hbm:tile.cluster_copper:12, Copper Ore Cluster
hbm:tile.ore_bedrock_oil:0, Bedrock Oil Deposit
hbm:tile.ore_bedrock_oil:1, Bedrock Oil Deposit
hbm:tile.ore_bedrock_oil:2, Bedrock Oil Deposit
hbm:tile.ore_bedrock_oil:3, Bedrock Oil Deposit
hbm:tile.ore_bedrock_oil:4, Bedrock Oil Deposit
hbm:tile.ore_bedrock_oil:5, Bedrock Oil Deposit
hbm:tile.ore_bedrock_oil:6, Bedrock Oil Deposit
hbm:tile.ore_bedrock_oil:7, Bedrock Oil Deposit
hbm:tile.ore_bedrock_oil:8, Bedrock Oil Deposit
hbm:tile.ore_bedrock_oil:9, Bedrock Oil Deposit
hbm:tile.ore_bedrock_oil:10, Bedrock Oil Deposit
hbm:tile.ore_bedrock_oil:11, Bedrock Oil Deposit
hbm:tile.ore_bedrock_oil:12, Bedrock Oil Deposit
hbm:tile.ore_nether_coal, Burning Nether Coal Ore
hbm:tile.ore_nether_smoldering, Smoldering Netherrack
hbm:tile.ore_nether_uranium, Nether Uranium Ore
hbm:tile.ore_nether_uranium_scorched, Scorched Nether Uranium Ore
hbm:tile.ore_nether_plutonium, Nether Plutonium Ore
hbm:tile.ore_nether_tungsten, Nether Tungsten Ore
hbm:tile.ore_nether_sulfur, Nether Sulfur Ore
hbm:tile.ore_nether_fire, Nether Phosphorus Ore
hbm:tile.ore_nether_cobalt, Nether Cobalt Ore
hbm:tile.ore_nether_schrabidium, Nether Schrabidium Ore
hbm:tile.ore_meteor:0, Meteor Iron Ore
hbm:tile.ore_meteor:1, Meteor Copper Ore
hbm:tile.ore_meteor:2, Meteor Aluminium Ore
hbm:tile.ore_meteor:3, Meteor Rare Earth Ore
hbm:tile.ore_meteor:4, Meteor Cobalt Ore
hbm:tile.ore_gneiss_iron, Schist Iron Ore
hbm:tile.ore_gneiss_gold, Schist Gold Ore
hbm:tile.ore_gneiss_uranium, Schist Uranium Ore
hbm:tile.ore_gneiss_uranium_scorched, Scorched Schist Uranium Ore
hbm:tile.ore_gneiss_copper, Schist Copper Ore
hbm:tile.ore_gneiss_asbestos, Schist Asbestos Ore
hbm:tile.ore_gneiss_lithium, Schist Lithium Ore
hbm:tile.ore_gneiss_schrabidium, Schist Schrabidium Ore
hbm:tile.ore_gneiss_rare, Schist Rare Earth Ore
hbm:tile.ore_gneiss_gas, Gas Shale
hbm:tile.ore_depth_cinnebar, Depth Cinnabar Ore
hbm:tile.ore_depth_zirconium, Depth Zirconium Ore
hbm:tile.ore_depth_borax, Depth Borax Ore
hbm:tile.cluster_depth_iron, Depth Iron Ore Cluster
hbm:tile.cluster_depth_titanium, Depth Titanium Ore Cluster
hbm:tile.cluster_depth_tungsten, Depth Tungsten Ore Cluster
hbm:tile.ore_alexandrite, Alexandrite Ore
hbm:tile.ore_depth_nether_neodymium, Nether Depth Neodymium Ore
hbm:tile.ore_basalt:0, Sulfur-Rich Basalt
hbm:tile.ore_basalt:1, Fluorite-Rich Basalt
hbm:tile.ore_basalt:2, Asbestos-Rich Basalt
hbm:tile.ore_basalt:3, Gem-Rich Basalt
hbm:tile.ore_basalt:4, Molysite-Rich Basalt
hbm:tile.ore_tikite, Trixite
hbm:tile.ore_bedrock, Bedrock Ore
hbm:tile.ore_volcano, Geothermal Vent
hbm:tile.stone_keyhole, Strange Stone
hbm:tile.stone_keyhole_meta, Strange Red Room Brick
hbm:tile.stone_resource:0, Sulfurous Stone
hbm:tile.stone_resource:1, Chrysotile
hbm:tile.stone_resource:2, Hematite
hbm:tile.stone_resource:3, Malachite
hbm:tile.stone_resource:4, Limestone
hbm:tile.stone_resource:5, Bauxite
hbm:tile.stone_resource:6, Conglomerate
hbm:tile.stone_resource:7, Calcium
hbm:tile.stone_resource:8, Rutile
hbm:tile.stone_resource:9, Anthracite
hbm:tile.stone_resource:10, Flaming Anthracite
hbm:tile.stone_resource:11, Cobaltite
hbm:tile.block_crystal:0, Coal Crystal Block
hbm:tile.block_crystal:1, Iron Crystal Block
hbm:tile.block_crystal:2, Gold Crystal Block
hbm:tile.block_crystal:3, Redstone Crystal Block
hbm:tile.block_crystal:4, Lapis Crystal Block
hbm:tile.block_crystal:5, Diamond Crystal Block
hbm:tile.block_crystal:6, Uranium Crystal Block
hbm:tile.block_crystal:7, Thorium Crystal Block
hbm:tile.block_crystal:8, Plutonium Crystal Block
hbm:tile.block_crystal:9, Titanium Crystal Block
hbm:tile.block_crystal:10, Sulfur Crystal Block
hbm:tile.block_crystal:11, Niter Crystal Block
hbm:tile.block_crystal:12, Copper Crystal Block
hbm:tile.block_crystal:13, Tungsten Crystal Block
hbm:tile.block_crystal:14, Aluminium Crystal Block
hbm:tile.block_crystal:15, Fluorite Crystal Block
hbm:tile.block_crystal_2:0, Beryllium Crystal Block
hbm:tile.block_crystal_2:1, Lead Crystal Block
hbm:tile.block_crystal_2:2, Schraranium Crystal Block
hbm:tile.block_crystal_2:3, Schrabidium Crystal Block
hbm:tile.block_crystal_2:4, Rare Earth Crystal Block
hbm:tile.block_crystal_2:5, Phosphorus Crystal Block
hbm:tile.block_crystal_2:6, Trixite Crystal Block
hbm:tile.block_crystal_2:7, Lithium Crystal Block
hbm:tile.block_crystal_2:8, Cobalt Crystal Block
hbm:tile.block_crystal_2:9, Mineral Crystal Block
hbm:tile.block_crystal_2:10, Nickel Crystal Block
hbm:tile.block_crystal_2:11, Niobium Crystal Block
hbm:tile.block_crystal_2:12, Zinc Crystal Block
hbm:tile.block_crystal_2:13, Osmiridium Crystal Block
hbm:tile.block_crystal_2:14, Cinnebar Crystal Block
hbm:tile.block_crystal_2:15, Starmetal Crystal Block
hbm:tile.block_raw_ore:0, Block of Raw Iron
hbm:tile.block_raw_ore:1, Block of Raw Gold
hbm:tile.block_raw_ore:2, Block of Raw Copper
hbm:tile.block_raw_ore:3, Block of Raw Titanium
hbm:tile.block_raw_ore:4, Block of Raw Thorium
hbm:tile.block_raw_ore:5, Block of Raw Morkite
hbm:tile.block_raw_ore:6, Block of Raw Nickel
hbm:tile.block_raw_ore:7, Block of Raw Mineral
hbm:tile.block_raw_ore:8, Block of Raw Zinc
hbm:tile.block_raw_ore:9, Block of Raw Lithium
hbm:tile.block_raw_ore:10, Block of Raw Niobium
hbm:tile.block_raw_ore:11, Block of Raw Palladium
hbm:tile.block_raw_ore:12, Block of Raw Iodine
hbm:tile.block_raw_ore:13, Block of Raw Arsenic
hbm:tile.block_raw_ore:14, Block of Raw Cadmium
hbm:tile.block_raw_ore:15, Block of Raw Tungsten
hbm:tile.block_raw_ore_2:0, Block of Raw Aluminium
hbm:tile.block_raw_ore_2:1, Block of Raw Lead
hbm:tile.block_raw_ore_2:2, Block of Raw Beryllium
hbm:tile.block_raw_ore_2:3, Block of Raw Silicon
hbm:tile.block_raw_ore_2:4, Block of Raw Australium
hbm:tile.block_raw_ore_2:5, Block of Raw Lanthanium
hbm:tile.block_raw_ore_2:6, Block of Raw Uranium
hbm:tile.block_raw_ore_2:7, Block of Raw Schrabidium
hbm:tile.stalagmite:0, Sulfurous Stalagmite
hbm:tile.stalagmite:1, Asbestos Stalagmite
hbm:tile.stalagmite:2, Fleshy Spindles
hbm:tile.stalagmite:3, Icy Stalagmite
hbm:tile.stalagmite:4, Snowy Stalagmite
hbm:tile.stalagmite:5, Glyphid Stalagmite
hbm:tile.stalagmite:6, Bloated Glyphid Stalagmite
hbm:tile.stalagmite:7, Putrid Glyphid Stalagmite
hbm:tile.stalactite:0, Sulfurous Stalactite
hbm:tile.stalactite:1, Asbestos Stalactite
hbm:tile.stalactite:2, Fleshy Spindles
hbm:tile.stalactite:3, Icy Stalactite
hbm:tile.stalactite:4, Snowy Stalactite
hbm:tile.stalactite:5, Glyphid Stalactite
hbm:tile.stalactite:6, Bloated Glyphid Stalactite
hbm:tile.stalactite:7, Putrid Glyphid Stalactite
hbm:tile.stone_biome:0, tile.stone_biome.desert.name
hbm:tile.stone_biome:1, tile.stone_biome.woodland.name
hbm:tile.stone_porous, Porous Stone
hbm:tile.stone_gneiss, Graphitic Schist
hbm:tile.gneiss_brick, Schist Brick
hbm:tile.gneiss_tile, Schist Tile
hbm:tile.gneiss_chiseled, Chiseled Schist
hbm:tile.stone_depth, Depth Rock
hbm:tile.depth_brick, Depth Bricks
hbm:tile.depth_tiles, Depth Tiles
hbm:tile.stone_depth_nether, Nether Depth Rock
hbm:tile.depth_nether_brick, Nether Depth Bricks
hbm:tile.depth_nether_tiles, Nether Depth Tiles
hbm:tile.depth_dnt, DNT-Reinforced Depth Bricks
hbm:tile.basalt, Basalt
hbm:tile.basalt_smooth, Smooth Basalt
hbm:tile.basalt_brick, Basalt Bricks
hbm:tile.basalt_polished, Polished Basalt
hbm:tile.basalt_tiles, Basalt Tiles
hbm:tile.block_uranium, Block of Uranium
hbm:tile.block_u233, Block of Uranium-233
hbm:tile.block_u235, Block of Uranium-235
hbm:tile.block_u238, Block of Uranium-238
hbm:tile.block_uranium_fuel, Block of Uranium Fuel
hbm:tile.block_neptunium, Block of Neptunium
hbm:tile.block_polonium, Block of Polonium-210
hbm:tile.block_mox_fuel, Block of MOX Fuel
hbm:tile.block_plutonium, Block of Plutonium
hbm:tile.block_pu238, Block of Plutonium-238
hbm:tile.block_pu239, Block of Plutonium-239
hbm:tile.block_pu240, Block of Plutonium-240
hbm:tile.block_pu_mix, Block of Reactor Grade Plutonium
hbm:tile.block_plutonium_fuel, Block of Plutonium Fuel
hbm:tile.block_thorium, Block of Thorium-232
hbm:tile.block_thorium_fuel, Block of Thorium Fuel
hbm:tile.block_titanium, Block of Titanium
hbm:tile.block_sulfur, Block of Sulfur
hbm:tile.block_niter, Block of Niter
hbm:tile.block_copper, Block of Copper
hbm:tile.block_nickel, Block of Nickel
hbm:tile.block_red_copper, Block of Red Copper
hbm:tile.block_tungsten, Block of Tungsten
hbm:tile.block_aluminium, Block of Aluminium
hbm:tile.block_fluorite, Block of Fluorite
hbm:tile.block_beryllium, Block of Beryllium
hbm:tile.block_cobalt, Block of Cobalt
hbm:tile.block_steel, Block of Steel
hbm:tile.block_osmiridium, Block of Osmiridium
hbm:tile.block_tcalloy, Block of Technetium Steel
hbm:tile.block_cdalloy, Block of Cadmium Steel
hbm:tile.block_lead, Block of Lead
hbm:tile.block_bismuth, Block of Bismuth
hbm:tile.block_cadmium, Block of Cadmium
hbm:tile.block_coltan, Block of Coltan
hbm:tile.block_tantalium, Block of Tantalum
hbm:tile.block_niobium, Block of Niobium
hbm:tile.block_lithium, Block of Lithium
hbm:tile.block_zirconium, Block of Zirconium
hbm:tile.block_white_phosphorus, Block of White Phosphorus
hbm:tile.block_red_phosphorus, Block of Red Phosphorus
hbm:tile.block_yellowcake, Block of Yellowcake
hbm:tile.block_scrap, Block of Scrap
hbm:tile.block_electrical_scrap, Block of Electrical Scrap
hbm:tile.block_fallout, Block of Fallout
hbm:tile.block_foam, Foam
hbm:tile.block_graphite, Block of Graphite
hbm:tile.block_coke:0, Block of Coal Coke
hbm:tile.block_coke:1, Block of Lignite Coke
hbm:tile.block_coke:2, Block of Petroleum Coke
hbm:tile.block_graphite_drilled, Drilled Graphite (LEGACY)
hbm:tile.block_graphite_fuel, Pile Fuel (LEGACY)
hbm:tile.block_graphite_rod, Pile Control Rod (LEGACY)
hbm:tile.block_graphite_plutonium, Pile Fuel (Bred) (LEGACY)
hbm:tile.block_graphite_source, Pile Neutron Source (LEGACY)
hbm:tile.block_graphite_lithium, Pile Lithium Fuel (LEGACY)
hbm:tile.block_graphite_tritium, Pile Lithium Fuel (Bred) (LEGACY)
hbm:tile.block_graphite_detector, Pile Neutron Detector (LEGACY)
hbm:tile.block_boron, Block of Boron
hbm:tile.block_insulator, Roll of Insulation
hbm:tile.block_fiberglass, Roll of Fiberglass
hbm:tile.block_asbestos, Block of Asbestos
hbm:tile.block_trinitite, Block of Trinitite
hbm:tile.block_waste, Block of Nuclear Waste
hbm:tile.block_waste_painted, Painted Block of Nuclear Waste
hbm:tile.block_waste_vitrified, Vitrified Block of Nuclear Waste
hbm:tile.ancient_scrap, Ancient Scrap Metal
hbm:tile.block_corium, Corium
hbm:tile.block_corium_cobble, Corebblestone
hbm:tile.block_schraranium, Block of Schraranium
hbm:tile.block_schrabidium, Block of Schrabidium
hbm:tile.block_schrabidate, Block of Ferric Schrabidate
hbm:tile.block_solinium, Block of Solinium
hbm:tile.block_schrabidium_fuel, Block of Schrabidium Fuel
hbm:tile.block_euphemium, Block of Euphemium
hbm:tile.block_schrabidium_cluster, Schrabidium Cluster
hbm:tile.block_euphemium_cluster, Euphemium-Etched Schrabidium Cluster
hbm:tile.block_dineutronium, Block of Dineutronium
hbm:tile.block_magnetized_tungsten, Block of Magnetized Tungsten
hbm:tile.block_combine_steel, Block of CMB Steel
hbm:tile.block_desh, Reinforced Block of Desh
hbm:tile.block_dura_steel, Reinforced Block of High-Speed Steel
hbm:tile.block_starmetal, §9Block of Starmetal§r
hbm:tile.block_polymer, Block of Polymer
hbm:tile.block_bakelite, Block of Bakelite
hbm:tile.block_rubber, Block of Rubber
hbm:tile.block_australium, Block of Australium
hbm:tile.block_cap:0, Block of Nuka Cola Bottle Caps
hbm:tile.block_cap:1, Block of Nuka Cola Quantum Bottle Caps
hbm:tile.block_cap:2, Block of S~Cola Bottle Caps
hbm:tile.block_cap:3, Block of S~Cola RAD Bottle Caps
hbm:tile.block_cap:4, Block of Korl Bottle Caps
hbm:tile.block_cap:5, Block of Fritz Cola Bottle Caps
hbm:tile.block_lanthanium, Block of Lanthanium
hbm:tile.block_ra226, Block of Radium-226
hbm:tile.block_actinium, Block of Actinium
hbm:tile.block_tritium, Block of Tritium Cells
hbm:tile.block_semtex, Block of Semtex
hbm:tile.block_c4, Block of C-4
hbm:tile.block_smore, Block of S'more
hbm:tile.block_slag, Block of Slag
hbm:tile.deco_titanium, Titanium Deco Block
hbm:tile.deco_red_copper, Red Copper Deco Block
hbm:tile.deco_tungsten, Tungsten Deco Block
hbm:tile.deco_aluminium, Aluminium Deco Block
hbm:tile.deco_steel, Steel Deco Block
hbm:tile.deco_rusty_steel, Rusty Steel Deco Block
hbm:tile.deco_lead, Lead Deco Block
hbm:tile.deco_beryllium, Beryllium Deco Block
hbm:tile.platemetal:0, Platemetal Block
hbm:tile.platemetal:1, Black Platemetal Block
hbm:tile.platemetal:2, White Platemetal Block
hbm:tile.platemetal:3, Red Platemetal Block
hbm:tile.platemetal:4, Green Platemetal Block
hbm:tile.platemetal:5, Light Gray Platemetal Block
hbm:tile.platemetal:6, Blue Platemetal Block
hbm:tile.platemetal:7, Purple Platemetal Block
hbm:tile.platemetal:8, Cyan Platemetal Block
hbm:tile.platemetal:9, Pink Platemetal Block
hbm:tile.platemetal:10, Lime Platemetal Block
hbm:tile.platemetal:11, Yellow Platemetal Block
hbm:tile.platemetal:12, Light Blue Platemetal Block
hbm:tile.platemetal:13, Magenta Platemetal Block
hbm:tile.platemetal:14, Orange Platemetal Block
hbm:tile.deco_asbestos, Asbestos Roof
hbm:tile.deco_stainless, Stainless Steel Deco Block
hbm:tile.deco_emitter, Deco Light Emitter
hbm:tile.part_emitter, Deco Particle Emitter
hbm:tile.deco_loot, Loot Pile
hbm:tile.pedestal, Pedestal
hbm:tile.skeleton_holder, Oh, that's a dead guy
hbm:tile.dungeon_spawner, tile.dungeon_spawner.name
hbm:tile.bobblehead:1, Bobblehead
hbm:tile.bobblehead:2, Bobblehead
hbm:tile.bobblehead:3, Bobblehead
hbm:tile.bobblehead:4, Bobblehead
hbm:tile.bobblehead:5, Bobblehead
hbm:tile.bobblehead:6, Bobblehead
hbm:tile.bobblehead:7, Bobblehead
hbm:tile.bobblehead:8, Bobblehead
hbm:tile.bobblehead:9, Bobblehead
hbm:tile.bobblehead:10, Bobblehead
hbm:tile.bobblehead:11, Bobblehead
hbm:tile.bobblehead:12, Bobblehead
hbm:tile.bobblehead:13, Bobblehead
hbm:tile.bobblehead:14, Bobblehead
hbm:tile.bobblehead:15, Bobblehead
hbm:tile.bobblehead:16, Bobblehead
hbm:tile.bobblehead:17, Bobblehead
hbm:tile.bobblehead:18, Bobblehead
hbm:tile.bobblehead:19, Bobblehead
hbm:tile.bobblehead:20, Bobblehead
hbm:tile.bobblehead:21, Bobblehead
hbm:tile.bobblehead:22, Bobblehead
hbm:tile.bobblehead:23, Bobblehead
hbm:tile.bobblehead:24, Bobblehead
hbm:tile.bobblehead:25, Bobblehead
hbm:tile.bobblehead:26, Bobblehead
hbm:tile.bobblehead:27, Bobblehead
hbm:tile.bobblehead:28, Bobblehead
hbm:tile.bobblehead:29, Bobblehead
hbm:tile.bobblehead:30, Bobblehead
hbm:tile.bobblehead:31, Bobblehead
hbm:tile.bobblehead:32, Bobblehead
hbm:tile.snowglobe:1, Snowglobe
hbm:tile.snowglobe:2, Snowglobe
hbm:tile.snowglobe:3, Snowglobe
hbm:tile.snowglobe:4, Snowglobe
hbm:tile.snowglobe:5, Snowglobe
hbm:tile.plushie:1, Yomi Plushie
hbm:tile.plushie:2, Number Nine Plushie
hbm:tile.plushie:3, Hundun Plushie
hbm:tile.plushie:4, Kasane Teto Plushie
hbm:tile.plushie:5, Hatsune Miku Plushie
hbm:tile.plushie:6, Akita Neru Plushie
hbm:tile.plushie:7, Dragon Plushie
hbm:tile.vending_machine:0, Vending Machine
hbm:tile.vending_machine:1, Vending Machine
hbm:tile.deco_rbmk, RBMK Deco Block
hbm:tile.deco_rbmk_smooth, Smooth RBMK Deco Block
hbm:tile.gravel_obsidian, Crushed Obsidian
hbm:tile.gravel_diamond, Diamond Gravel
hbm:tile.lamp_tritium_green_off, Green Tritium Lamp
hbm:tile.lamp_tritium_green_on, Green Tritium Lamp
hbm:tile.lamp_tritium_blue_off, Blue Tritium Lamp
hbm:tile.lamp_tritium_blue_on, Blue Tritium Lamp
hbm:tile.lamp_demon, Demon Core Lamp
hbm:tile.lantern, Lantern
hbm:tile.lantern_behemoth, Old Lantern
hbm:tile.spotlight_incandescent, Cage Lamp
hbm:tile.spotlight_incandescent_off, tile.spotlight_incandescent_off.name
hbm:tile.spotlight_fluoro, Fluorescent Light
hbm:tile.spotlight_fluoro_off, tile.spotlight_fluoro_off.name
hbm:tile.spotlight_halogen, Halogen Floodlight
hbm:tile.spotlight_halogen_off, tile.spotlight_halogen_off.name
hbm:tile.spotlight_beam, tile.spotlight_beam.name
hbm:tile.floodlight, Powered Floodlight
hbm:tile.floodlight_beam, tile.floodlight_beam.name
hbm:tile.sandbags, Sandbags
hbm:tile.wood_barrier, Wooden Barrier
hbm:tile.wood_structure:0, Wooden Roof
hbm:tile.wood_structure:1, Wooden Scaffold
hbm:tile.wood_structure:2, Wooden Ceiling
hbm:tile.asphalt, Asphalt
hbm:tile.asphalt_brimtumen, Brimtumen Asphalt
hbm:tile.asphalt_light, Glowing Asphalt
hbm:tile.reinforced_brick, Reinforced Stone
hbm:tile.reinforced_glass, Reinforced Glass
hbm:tile.reinforced_glass_pane, Reinforced Glass Pane
hbm:tile.reinforced_light, Reinforced Glowstone
hbm:tile.reinforced_sand, Reinforced Sandstone
hbm:tile.reinforced_lamp_off, Reinforced Lamp
hbm:tile.reinforced_lamp_on, Reinforced Lamp
hbm:tile.reinforced_laminate, Reinforced Laminate
hbm:tile.reinforced_laminate_pane, Reinforced Laminate Pane
hbm:tile.rebar, Rebar
hbm:tile.reinforced_stone, Dense Stone
hbm:tile.reinforced_ducrete, Reinforced Ducrete
hbm:tile.concrete_smooth, Concrete
hbm:tile.concrete_colored:0, White Concrete
hbm:tile.concrete_colored:1, Orange Concrete
hbm:tile.concrete_colored:2, Magenta Concrete
hbm:tile.concrete_colored:3, Light Blue Concrete
hbm:tile.concrete_colored:4, Yellow Concrete
hbm:tile.concrete_colored:5, Lime Concrete
hbm:tile.concrete_colored:6, Pink Concrete
hbm:tile.concrete_colored:7, Gray Concrete
hbm:tile.concrete_colored:8, Light Gray Concrete
hbm:tile.concrete_colored:9, Cyan Concrete
hbm:tile.concrete_colored:10, Purple Concrete
hbm:tile.concrete_colored:11, Blue Concrete
hbm:tile.concrete_colored:12, Brown Concrete
hbm:tile.concrete_colored:13, Green Concrete
hbm:tile.concrete_colored:14, Red Concrete
hbm:tile.concrete_colored:15, Black Concrete
hbm:tile.concrete_colored_ext:0, Builder's Choice Concrete - Industrial Tinge
hbm:tile.concrete_colored_ext:1, Builder's Choice Concrete - Industrial Stripe
hbm:tile.concrete_colored_ext:2, Builder's Choice Concrete - Deep Indigo
hbm:tile.concrete_colored_ext:3, Builder's Choice Concrete - Mysterious Purple
hbm:tile.concrete_colored_ext:4, Builder's Choice Concrete - Manly Pink
hbm:tile.concrete_colored_ext:5, Builder's Choice Concrete - Hazard Stripe
hbm:tile.concrete_colored_ext:6, Builder's Choice Concrete - Desert Storm
hbm:tile.concrete_colored_ext:7, Builder's Choice Concrete - Bronze Plating
hbm:tile.concrete, Concrete Tile
hbm:tile.concrete_asbestos, Asbestos Concrete
hbm:tile.concrete_rebar, Reinforced Concrete
hbm:tile.concrete_super, Über Concrete
hbm:tile.concrete_super_broken, Moldy Debris
hbm:tile.ducrete_smooth, Ducrete
hbm:tile.ducrete, Ducrete Tile
hbm:tile.concrete_pillar, Rebar Reinforced Concrete Pillar
hbm:tile.brick_concrete, Concrete Bricks
hbm:tile.brick_concrete_mossy, Mossy Concrete Bricks
hbm:tile.brick_concrete_cracked, Cracked Concrete Bricks
hbm:tile.brick_concrete_broken, Broken Concrete Bricks
hbm:tile.brick_concrete_marked, Marked Concrete Bricks
hbm:tile.brick_ducrete, Ducrete Bricks
hbm:tile.brick_obsidian, Obsidian Bricks
hbm:tile.brick_compound, Compound Mesh
hbm:tile.brick_light, Light Bricks
hbm:tile.brick_asbestos, Asbestos Bricks
hbm:tile.brick_fire, Firebricks
hbm:tile.lightstone:0, Raw Lightstone
hbm:tile.lightstone:1, Lightstone Tile
hbm:tile.lightstone:2, Lightstone Bricks
hbm:tile.lightstone:3, Lightstone Chiseled Bricks
hbm:tile.lightstone:4, Chiseled Lightstone
hbm:tile.lightstone_tile_stairs, Lightstone Tile Stairs
hbm:tile.lightstone_bricks_stairs, Lightstone Brick Stairs
hbm:tile.stones_slab:0, Lightstone Tile Slab
hbm:tile.stones_slab:1, Lightstone Brick Slab
hbm:tile.brick_forgotten:0, Block
hbm:tile.brick_forgotten:1, Block
hbm:tile.brick_forgotten:2, Block
hbm:tile.brick_forgotten:3, Block
hbm:tile.brick_forgotten:4, Block
hbm:tile.brick_forgotten:5, Block
hbm:tile.brick_forgotten:6, Block
hbm:tile.brick_forgotten_lock:0, tile.brick_forgotten_lock.name
hbm:tile.brick_forgotten_lock:1, tile.brick_forgotten_lock.name
hbm:tile.brick_forgotten_lock:2, tile.brick_forgotten_lock.name
hbm:tile.concrete_slab:0, Concrete Slab
hbm:tile.concrete_slab:1, Concrete Tile Slab
hbm:tile.concrete_slab:2, Asbestos Concrete Slab
hbm:tile.concrete_slab:3, Ducrete Slab
hbm:tile.concrete_slab:4, Ducrete Tile Slab
hbm:tile.concrete_slab:5, Asphalt Slab
hbm:tile.concrete_brick_slab:0, Concrete Brick Slab
hbm:tile.concrete_brick_slab:1, Mossy Concrete Brick Slab
hbm:tile.concrete_brick_slab:2, Cracked Concrete Brick Slab
hbm:tile.concrete_brick_slab:3, Broken Concrete Brick Slab
hbm:tile.concrete_brick_slab:4, Ducrete Brick Slab
hbm:tile.brick_slab:0, Dense Stone Slab
hbm:tile.brick_slab:1, Reinforced Stone Slab
hbm:tile.brick_slab:2, Obsidian Brick Slab
hbm:tile.brick_slab:3, Light Brick Slab
hbm:tile.brick_slab:4, Compound Mesh Slab
hbm:tile.brick_slab:5, Asbestos Brick Slab
hbm:tile.brick_slab:6, Firebrick Slab
hbm:tile.concrete_smooth_stairs, Concrete Stairs
hbm:tile.concrete_stairs, Concrete Tile Stairs
hbm:tile.concrete_asbestos_stairs, Asbestos Concrete Stairs
hbm:tile.ducrete_smooth_stairs, Ducrete Stairs
hbm:tile.brick_concrete_stairs, Concrete Brick Stairs
hbm:tile.brick_concrete_mossy_stairs, Mossy Concrete Brick Stairs
hbm:tile.brick_concrete_cracked_stairs, Cracked Concrete Brick Stairs
hbm:tile.brick_concrete_broken_stairs, Broken Concrete Brick Stairs
hbm:tile.brick_ducrete_stairs, Ducrete Brick Stairs
hbm:tile.reinforced_stone_stairs, Dense Stone Stairs
hbm:tile.reinforced_brick_stairs, Reinforced Stone Stairs
hbm:tile.brick_obsidian_stairs, Obsidian Brick Stairs
hbm:tile.brick_light_stairs, Light Bricks Stairs
hbm:tile.brick_compound_stairs, Compound Mesh Stairs
hbm:tile.brick_asbestos_stairs, Asbestos Brick Stairs
hbm:tile.brick_fire_stairs, Firebrick Stairs
hbm:tile.ducrete_stairs, Ducrete Tile Stairs
hbm:tile.asphalt_stairs, Asphalt Stairs
hbm:tile.cmb_brick, CMB Steel Tile
hbm:tile.cmb_brick_reinforced, Reinforced CMB Bricks
hbm:tile.vinyl_tile:0, Large Vinyl Tile
hbm:tile.vinyl_tile:1, Small Vinyl Tiles
hbm:tile.vinyl_planks, Vinyl Planks
hbm:tile.pvc_planks, PVC Planks
hbm:tile.tile_lab, Laboratory Tiles
hbm:tile.tile_lab_cracked, Cracked Laboratory Tiles
hbm:tile.tile_lab_broken, Broken Laboratory Tiles
hbm:tile.barbed_wire, Barbed Wire
hbm:tile.barbed_wire_fire, Flaming Barbed Wire
hbm:tile.barbed_wire_poison, Poisoned Barbed Wire
hbm:tile.barbed_wire_acid, Caustic Barbed Wire
hbm:tile.barbed_wire_wither, Withered Barbed Wire
hbm:tile.barbed_wire_ultradeath, Radioactive Barbed Wire
hbm:tile.spikes, Spikes
hbm:tile.tesla, Tesla Coil
hbm:tile.charger, Charging Station
hbm:tile.refueler, Refueling Station
hbm:tile.block_meteor, Meteorite Block
hbm:tile.block_meteor_cobble, Meteorite Cobblestone
hbm:tile.block_meteor_broken, Broken Meteorite Block
hbm:tile.block_meteor_molten, Hot Meteorite Cobblestone
hbm:tile.block_meteor_treasure, Meteorite Treasure Block
hbm:tile.meteor_polished, Polished Meteor Block
hbm:tile.meteor_brick, Meteor Bricks
hbm:tile.meteor_brick_mossy, Mossy Meteor Bricks
hbm:tile.meteor_brick_cracked, Cracked Meteor Bricks
hbm:tile.meteor_brick_chiseled, Chiseled Meteor Bricks
hbm:tile.meteor_pillar, Meteor Pillar
hbm:tile.meteor_spawner, Cyber Crab Assembler
hbm:tile.meteor_battery, Starmetal Static Electricity Generator
hbm:tile.brick_jungle, Enargite Bricks
hbm:tile.brick_jungle_cracked, Cracked Enargite Bricks
hbm:tile.brick_jungle_fragile, Brittle Enargite Bricks
hbm:tile.brick_jungle_lava, Magmatic Enargite Bricks
hbm:tile.brick_jungle_ooze, Radioactive Enargite Bricks
hbm:tile.brick_jungle_mystic, Arcane Enargite Bricks
hbm:tile.brick_jungle_trap:0, Trapped Enargite Bricks
hbm:tile.brick_jungle_trap:1, Trapped Enargite Bricks
hbm:tile.brick_jungle_trap:2, Trapped Enargite Bricks
hbm:tile.brick_jungle_trap:3, Trapped Enargite Bricks
hbm:tile.brick_jungle_trap:4, Trapped Enargite Bricks
hbm:tile.brick_jungle_trap:5, Trapped Enargite Bricks
hbm:tile.brick_jungle_trap:6, Trapped Enargite Bricks
hbm:tile.brick_jungle_trap:7, Trapped Enargite Bricks
hbm:tile.brick_jungle_trap:8, Trapped Enargite Bricks
hbm:tile.brick_jungle_trap:9, Trapped Enargite Bricks
hbm:tile.brick_jungle_trap:10, Trapped Enargite Bricks
hbm:tile.brick_jungle_trap:11, Trapped Enargite Bricks
hbm:tile.brick_jungle_trap:12, Trapped Enargite Bricks
hbm:tile.brick_jungle_trap:13, Trapped Enargite Bricks
hbm:tile.brick_jungle_trap:14, Trapped Enargite Bricks
hbm:tile.brick_jungle_glyph:0, Enargite Glyph Bricks
hbm:tile.brick_jungle_glyph:1, Enargite Glyph Bricks
hbm:tile.brick_jungle_glyph:2, Enargite Glyph Bricks
hbm:tile.brick_jungle_glyph:3, Enargite Glyph Bricks
hbm:tile.brick_jungle_glyph:4, Enargite Glyph Bricks
hbm:tile.brick_jungle_glyph:5, Enargite Glyph Bricks
hbm:tile.brick_jungle_glyph:6, Enargite Glyph Bricks
hbm:tile.brick_jungle_glyph:7, Enargite Glyph Bricks
hbm:tile.brick_jungle_glyph:8, Enargite Glyph Bricks
hbm:tile.brick_jungle_glyph:9, Enargite Glyph Bricks
hbm:tile.brick_jungle_glyph:10, Enargite Glyph Bricks
hbm:tile.brick_jungle_glyph:11, Enargite Glyph Bricks
hbm:tile.brick_jungle_glyph:12, Enargite Glyph Bricks
hbm:tile.brick_jungle_glyph:13, Enargite Glyph Bricks
hbm:tile.brick_jungle_glyph:14, Enargite Glyph Bricks
hbm:tile.brick_jungle_glyph:15, Enargite Glyph Bricks
hbm:tile.brick_jungle_circle, Mechanist's Circle
hbm:tile.brick_red, Red Room Brick
hbm:tile.deco_computer:0, IBM Personal Computer 300PL
hbm:tile.deco_crt:0, Old CRT Screen
hbm:tile.deco_crt:1, Old CRT Screen
hbm:tile.deco_crt:2, Old CRT Screen
hbm:tile.deco_crt:3, Old CRT Screen
hbm:tile.deco_toaster:0, Broken Toaster
hbm:tile.deco_toaster:1, Broken Toaster
hbm:tile.deco_toaster:2, Broken Toaster
hbm:tile.filing_cabinet:0, Dusty Filing Cabinet
hbm:tile.filing_cabinet:1, Steel Filing Cabinet
hbm:tile.tape_recorder, Tape Recorder
hbm:tile.steel_poles, Steel Pole
hbm:tile.pole_top, Antenna Top
hbm:tile.pole_satellite_receiver, Satellite Dish
hbm:tile.steel_wall, Steel Wall
hbm:tile.steel_corner, Steel Wall Corner
hbm:tile.steel_roof, Flat Steel Roof
hbm:tile.steel_beam, Steel Beam
hbm:tile.steel_scaffold:0, Steel Scaffold
hbm:tile.steel_scaffold:1, Steel Scaffold
hbm:tile.steel_scaffold:2, Steel Scaffold
hbm:tile.steel_scaffold:3, Steel Scaffold
hbm:tile.steel_grate, Steel Grate
hbm:tile.steel_grate_wide, Item Grate
hbm:tile.deco_pipe, Steel Pipe
hbm:tile.deco_pipe_rusted, Rusty Steel Pipe
hbm:tile.deco_pipe_green, Green Steel Pipe
hbm:tile.deco_pipe_green_rusted, Rusty Green Steel Pipe
hbm:tile.deco_pipe_red, Red Steel Pipe
hbm:tile.deco_pipe_marked, Gas Pipe
hbm:tile.deco_pipe_rim, Steel Pipe (Rimmed)
hbm:tile.deco_pipe_rim_rusted, Rusty Steel Pipe (Rimmed)
hbm:tile.deco_pipe_rim_green, Green Steel Pipe (Rimmed)
hbm:tile.deco_pipe_rim_green_rusted, Rusty Green Steel Pipe (Rimmed)
hbm:tile.deco_pipe_rim_red, Red Steel Pipe (Rimmed)
hbm:tile.deco_pipe_rim_marked, Gas Pipe (Rimmed)
hbm:tile.deco_pipe_framed, Steel Pipe (Framed)
hbm:tile.deco_pipe_framed_rusted, Rusty Steel Pipe (Framed)
hbm:tile.deco_pipe_framed_green, Green Steel Pipe (Framed)
hbm:tile.deco_pipe_framed_green_rusted, Rusty Green Steel Pipe (Framed)
hbm:tile.deco_pipe_framed_red, Red Steel Pipe (Framed)
hbm:tile.deco_pipe_framed_marked, Gas Pipe (Framed)
hbm:tile.deco_pipe_quad, Steel Pipes
hbm:tile.deco_pipe_quad_rusted, Rusty Steel Pipes
hbm:tile.deco_pipe_quad_green, Green Steel Pipes
hbm:tile.deco_pipe_quad_green_rusted, Rusty Green Steel Pipes
hbm:tile.deco_pipe_quad_red, Red Steel Pipes
hbm:tile.deco_pipe_quad_marked, Gas Pipes
hbm:tile.plant_flower:0, Foxglove
hbm:tile.plant_flower:1, Tobacco Plant
hbm:tile.plant_flower:2, Deadly Nightshade
hbm:tile.plant_flower:3, Hemp
hbm:tile.plant_flower:4, Mustard Willow
hbm:tile.plant_flower:5, Mustard Willow
hbm:tile.plant_flower:6, Wild Strawberries
hbm:tile.plant_flower:7, Wild Mint
hbm:tile.plant_flesh:0, Tendonweed
hbm:tile.plant_flesh:1, Peeping Tendonweed
hbm:tile.plant_flesh:2, Bulb Plant
hbm:tile.plant_flesh:3, Small Bulb Plant
hbm:tile.plant_flesh:4, Fevershroom
hbm:tile.plant_flesh:5, Small Fevershroom
hbm:tile.plant_flesh:6, Glyphid Vent
hbm:tile.plant_flesh:7, Short Hair Plant
hbm:tile.plant_flesh:8, Tall Hair Plant
hbm:tile.plant_flesh:9, Lung Plant
hbm:tile.plant_flesh:10, Spine Fern
hbm:tile.nether_glyphid:0, Nether Glyphid Crevasse
hbm:tile.nether_glyphid:1, Nether Glyphid Grub
hbm:tile.nether_glyphid:2, Netherrack Overtaken
hbm:tile.nether_glyphid:3, Nether Glyphid Hive
hbm:tile.nether_glyphid:4, Bloatwisp Nest
hbm:tile.bloatfire, Bloatfire
hbm:tile.plant_tall:0, Hemp
hbm:tile.plant_tall:1, Mustard Willow
hbm:tile.plant_tall:2, Mustard Willow
hbm:tile.plant_tall:3, Mustard Willow (Mature)
hbm:tile.plant_tall_laythe:0, Saltgrass
hbm:tile.laythe_kelp, Laythe Kelp
hbm:tile.laythe_seagrass, Laythe Seagrass
hbm:tile.laythe_glowgrass, Laythe Glowgrass
hbm:tile.laythe_coral:0, Laythe Coral
hbm:tile.laythe_coral:1, Laythe Coral
hbm:tile.laythe_coral:2, Laythe Coral
hbm:tile.laythe_coral:3, Laythe Coral
hbm:tile.laythe_coral:4, Laythe Coral
hbm:tile.laythe_coral_block:0, Block of Laythe Coral
hbm:tile.laythe_coral_block:1, Block of Laythe Coral
hbm:tile.laythe_coral_block:2, Block of Laythe Coral
hbm:tile.laythe_coral_block:3, Block of Laythe Coral
hbm:tile.laythe_coral_block:4, Block of Laythe Coral
hbm:tile.plant_dead:0, Dead Plant
hbm:tile.plant_dead:1, Dead Plant
hbm:tile.plant_dead:2, Dead Plant
hbm:tile.plant_dead:3, Dead Plant
hbm:tile.plant_dead:4, Dead Plant
hbm:tile.rubber_plant:0, Short Rubber Plant
hbm:tile.rubber_plant:1, Short Rubber Plant
hbm:tile.rubber_plant:2, Short Rubber Plant
hbm:tile.plant_reeds, Reeds
hbm:tile.crop_strawberry, Strawberries
hbm:tile.crop_mint, Mint
hbm:tile.crop_paraffin, Wax Crop
hbm:tile.crop_coffee, Coffee
hbm:tile.crop_tea, Tea
hbm:tile.crop_heartfruit, Heartfruit
hbm:tile.vine_phosphor, Phosphor Vines
hbm:tile.mush, Glowing Mushroom
hbm:tile.mush_block, tile.mush_block.name
hbm:tile.mush_block_stem, tile.mush_block_stem.name
hbm:tile.glyphid_base:0, Glyphid Hive Block
hbm:tile.glyphid_base:1, Glyphid Hive Block
hbm:tile.glyphid_base:2, Glyphid Hive Block
hbm:tile.glyphid_spawner:0, Glyphid Hive Spawner
hbm:tile.glyphid_spawner:1, Glyphid Hive Spawner
hbm:tile.glyphid_spawner:2, Glyphid Hive Spawner
hbm:tile.glyphid_spawner_nether:0, Nether Glyphid Hive Spawner
hbm:tile.cyst, Cyst
hbm:tile.moon_turf, Mun Turf
hbm:tile.moon_rock, Mun Rock
hbm:tile.dross_waste, Dross Waste
hbm:tile.dross_slush, Dross Slush
hbm:tile.sapling:0, Vinyl Sapling
hbm:tile.sapling:1, Plastic Sapling
hbm:tile.bloatsprout_sapling:0, Bloatsprout Sapling
hbm:tile.duna_sands, Duna Sand
hbm:tile.duna_cobble, Duna Cobblestone
hbm:tile.duna_rock, Duna Rock
hbm:tile.dry_ice, Dry Ice
hbm:tile.ferric_clay, Ferric Clay
hbm:tile.eve_silt, Eve Silt
hbm:tile.eve_rock, Eve Rock
hbm:tile.laythe_silt, Laythe Silt
hbm:tile.ike_regolith, Ike Regolith
hbm:tile.ike_stone, Ike Stone
hbm:tile.dres_rock, Dres Rock
hbm:tile.moho_regolith, Moho Regolith
hbm:tile.moho_stone, Moho Stone
hbm:tile.minmus_regolith, Minmus Regolith
hbm:tile.minmus_stone, Minmus Stone
hbm:tile.minmus_smooth, Smooth Minmus Rock
hbm:tile.waste_earth, Dead Grass
hbm:tile.waste_mycelium, Glowing Mycelium
hbm:tile.waste_trinitite, Trinitite Ore
hbm:tile.waste_trinitite_red, Red Trinitite Ore
hbm:tile.waste_log, Charred Log
hbm:tile.waste_leaves, Dead Leaves
hbm:tile.waste_planks, Charred Wooden Planks
hbm:tile.frozen_grass, Frozen Grass
hbm:tile.frozen_dirt, Frozen Dirt
hbm:tile.frozen_log, Frozen Log
hbm:tile.frozen_planks, Frozen Planks
hbm:tile.dirt_dead, Dead Dirt
hbm:tile.dirt_oily, Oily Dirt
hbm:tile.sand_dirty, Oily Sand
hbm:tile.sand_dirty_red, Red Oily Sand
hbm:tile.stone_cracked, Cracked Stone
hbm:tile.fallout, Fallout
hbm:tile.salted_fallout, Salted Fallout
hbm:tile.foam_layer, Foam layer
hbm:tile.sand_boron_layer, Boron Sand Layer
hbm:tile.leaves_layer, Fallen Leaves
hbm:tile.oil_spill, Oil Spill
hbm:tile.burning_earth, Burning Grass
hbm:tile.tektite, Tektite
hbm:tile.ore_tektite_osmiridium, Osmiridium-Infused Tektite
hbm:tile.impact_dirt, Scorched Dirt
hbm:tile.tumor, Fleshy Mass
hbm:tile.primed_log, Primed Log
hbm:tile.eu_log, Anti-Mass Log
hbm:tile.bf_log, Balefire Log
hbm:tile.lattice_log, Latticed Log
hbm:tile.pvc_log, PVC Log
hbm:tile.rubber_leaves, Rubber Leaves
hbm:tile.bloatsprout_log, Bloatsprout Log
hbm:tile.bloatsprout_leaves, Bloatsprout Leaves
hbm:tile.rubber_grass, Rubber Grass
hbm:tile.rubber_silt, Tekto Silt
hbm:tile.rubber_tall, Tall Rubber Plant
hbm:tile.rubber_farmland, Tekto Farmland
hbm:tile.vinyl_sand, Vinyl Sand
hbm:tile.vinyl_vine, Vinyl Vines
hbm:tile.vinyl_log, Hardened Vinyl Log
hbm:tile.pet_leaves, Plastic Leaves
hbm:tile.astroturf, Astroturf
hbm:tile.sellafield_slaked, Slaked Sellafite
hbm:tile.ore_sellafield_diamond, Sellafite Diamond Ore
hbm:tile.sellafield_bedrock, Bedrock Sellafite
hbm:tile.ore_sellafield_emerald, Sellafite Emerald Ore
hbm:tile.ore_sellafield_uranium_scorched, Scorched Sellafite Uranium Ore
hbm:tile.ore_sellafield_schrabidium, Sellafite Schrabidium Ore
hbm:tile.ore_sellafield_radgem, Sellafite Radioactive Gem Ore
hbm:tile.sellafield:0, Sellafite
hbm:tile.sellafield:1, Hot Sellafite
hbm:tile.sellafield:2, Boiling Sellafite
hbm:tile.sellafield:3, Blazing Sellafite
hbm:tile.sellafield:4, Infernal Sellafite
hbm:tile.sellafield:5, Sellafite-Corium
hbm:tile.geysir_chlorine, Chlorine Geyser
hbm:tile.geysir_nether, Volcanic Geyser
hbm:tile.geysir_volcanic, Volcanic Geyser
hbm:tile.geysir_electric, Discharge Geyser
hbm:tile.geysir_chloric, DCM Geysir
hbm:tile.geysir_waste, Waste Geyser
hbm:tile.geysir_waste_massive, Massive Waste Geyser
hbm:tile.nuke_gadget, The Gadget
hbm:tile.nuke_boy, Little Boy
hbm:tile.nuke_man, Fat Man
hbm:tile.nuke_mike, Ivy Mike
hbm:tile.nuke_tsar, Tsar Bomba
hbm:tile.nuke_prototype, The Prototype
hbm:tile.nuke_fleija, F.L.E.I.J.A.
hbm:tile.nuke_solinium, The Blue Rinse
hbm:tile.nuke_n2, N² Mine
hbm:tile.nuke_antimatter, Antimatter Bomb
hbm:tile.nuke_fstbmb, Balefire Bomb
hbm:tile.nuke_custom, Custom Nuke
hbm:tile.bomb_multi, Multi Purpose Bomb
hbm:tile.crashed_bomb:0, Dud
hbm:tile.crashed_bomb:1, Dud
hbm:tile.crashed_bomb:2, Dud
hbm:tile.crashed_bomb:3, Dud
hbm:tile.fireworks, Firework Battery
hbm:tile.dynamite, Dynamite
hbm:tile.tnt_ntm, Actual TNT
hbm:tile.semtex, Semtex
hbm:tile.c4, C-4
hbm:tile.fissure_bomb, Fissure bomb
hbm:tile.turret_chekhov, Heavy Machine Gun Turret "Chekhov's Gun"
hbm:tile.turret_friendly, Chaingun Turret "Mister Friendly"
hbm:tile.turret_jeremy, Autocannon Turret "Jeremy"
hbm:tile.turret_tauon, XVL1456 Prototype Turret "Tauon"
hbm:tile.turret_richard, Rocket Launcher Turret "Richard"
hbm:tile.turret_howard, Goalkeeper Twin Chaingun CIWS "Howard"
hbm:tile.turret_howard_damaged, Goalkeeper Twin Chaingun CIWS "Methusalem"
hbm:tile.turret_maxwell, High-Energy MASER Turret "Maxwell"
hbm:tile.turret_fritz, Heavy Flamethrower Turret "Fritz"
hbm:tile.turret_arty, Artillery Turret "Greg"
hbm:tile.turret_himars, Rocket Artillery Turret "Henry"
hbm:tile.turret_sentry, Sentry Turret "Brown"
hbm:tile.turret_sentry_damaged, Sentry Turret "Edwin"
hbm:tile.charge_dynamite, Time Bomb
hbm:tile.charge_miner, Timed Mining Charge
hbm:tile.charge_c4, Demolition Charge
hbm:tile.charge_semtex, Semtex Mining Charge
hbm:tile.mine_ap, Anti-Personell Mine
hbm:tile.mine_shrap, Shrapnel Mine
hbm:tile.mine_he, Anti-Tank Mine
hbm:tile.mine_fat, Fat Mine
hbm:tile.mine_naval, Naval Mine
hbm:tile.flame_war, Flame War in a Box
hbm:tile.float_bomb, Levitation Bomb
hbm:tile.therm_endo, Endothermic Bomb
hbm:tile.therm_exo, Exothermic Bomb
hbm:tile.emp_bomb, EMP Device
hbm:tile.det_cord, Det Cord
hbm:tile.det_charge, Explosive Charge
hbm:tile.det_nuke, Nuclear Charge
hbm:tile.det_salt, Salted Nuclear Charge
hbm:tile.det_miner, Mining Charge
hbm:tile.red_barrel, Explosive Barrel
hbm:tile.pink_barrel, Kerosene Barrel
hbm:tile.lox_barrel, LOX Barrel
hbm:tile.taint_barrel, IMP Residue Barrel
hbm:tile.yellow_barrel, Radioactive Barrel
hbm:tile.vitrified_barrel, Vitrified Nuclear Waste Drum
hbm:tile.oil_barrel, tile.oil_barrel.name
hbm:tile.machine_siren, Siren
hbm:tile.broadcaster_pc, Corrupted Broadcaster
hbm:tile.geiger, Geiger Counter
hbm:tile.hev_battery, Suit Battery
hbm:tile.fence_metal:0, Chainlink Fence
hbm:tile.fence_metal:1, Chainlink Fence Post
hbm:tile.ash_digamma, Ash
hbm:tile.sand_mix:0, Boron Sand
hbm:tile.sand_mix:1, Lead Sand
hbm:tile.sand_mix:2, Uranium Sand
hbm:tile.sand_mix:3, Polonium Sand
hbm:tile.sand_mix:4, Quartz Sand
hbm:tile.glass_boron, Boron Glass
hbm:tile.glass_lead, Lead Glass
hbm:tile.glass_uranium, Uranium Glass
hbm:tile.glass_trinitite, Trinity Glass
hbm:tile.glass_polonium, Polonium Glass
hbm:tile.glass_ash, Ash Glass
hbm:tile.glass_quartz, Quartz Glass
hbm:tile.glass_polarized, Polarized Glass
hbm:tile.seal_frame, Silo Hatch Frame
hbm:tile.seal_controller, Silo Hatch Opener
hbm:tile.seal_hatch, Silo Hatch
hbm:tile.cargo_elevator, Cargo Elevator
hbm:tile.vault_door, Vault-Tec Blast Door
hbm:tile.blast_door, Sliding Blast Door
hbm:tile.fire_door, Fire Door
hbm:tile.transition_seal, Transition Seal
hbm:tile.silo_hatch, Silo Hatch
hbm:tile.silo_hatch_large, Large Silo Hatch
hbm:tile.sliding_blast_door, Sliding Blast Door
hbm:tile.door_metal, Metal Door
hbm:tile.door_office, Office Door
hbm:tile.door_bunker, Bunker Door
hbm:tile.door_red, Red Door
hbm:tile.fence_gate, Chainlink Fence Gate
hbm:tile.secure_access_door, Secure Access Door
hbm:tile.large_vehicle_door, Large Vehicle Door
hbm:tile.qe_containment, QE Containment Door
hbm:tile.qe_sliding_door, QE Sliding Door
hbm:tile.round_airlock_door, Round Airlock Door
hbm:tile.sliding_seal_door, Sliding Seal Door
hbm:tile.water_door, Water Door
hbm:tile.cargo_door, Cargo Door
hbm:tile.crate_iron:0, Iron Crate
hbm:tile.crate_steel:0, Steel Crate
hbm:tile.crate_desh:0, Desh Crate
hbm:tile.crate_tungsten:0, Tungsten Crate
hbm:tile.safe:0, Safe
hbm:tile.mass_storage:3, Mass Storage Unit
hbm:tile.mass_storage:0, Mass Storage Unit
hbm:tile.mass_storage:1, Mass Storage Unit
hbm:tile.mass_storage:2, Mass Storage Unit
hbm:tile.boxcar, Boxcar
hbm:tile.boat, Boat
hbm:tile.machine_autocrafter, Automatic Crafting Table
hbm:tile.machine_funnel, Combinator Funnel
hbm:tile.war_controller, tile.war_controller.name
hbm:tile.anvil_iron, Iron Anvil
hbm:tile.anvil_lead, Lead Anvil
hbm:tile.anvil_steel, Steel Anvil
hbm:tile.anvil_desh, Desh Anvil
hbm:tile.anvil_ferrouranium, Ferrouranium Anvil
hbm:tile.anvil_saturnite, Saturnite Anvil
hbm:tile.anvil_bismuth_bronze, Bismuth Bronze Anvil
hbm:tile.anvil_arsenic_bronze, Arsenic Bronze Anvil
hbm:tile.anvil_schrabidate, Ferric Schrabidate Anvil
hbm:tile.anvil_dnt, Dineutronium Anvil
hbm:tile.anvil_osmiridium, Osmiridium Anvil
hbm:tile.anvil_murky, Murky Anvil
hbm:tile.press_preheater, Burner Press Preheater
hbm:tile.machine_press, Burner Press
hbm:tile.machine_epress, Electric Press
hbm:tile.machine_conveyor_press, Conveyor Press
hbm:tile.machine_ammo_press, Ammo Press
hbm:tile.pump_steam, Steam-Powered Groundwater Pump
hbm:tile.pump_electric, Electric Groundwater Pump
hbm:tile.heater_firebox, Firebox
hbm:tile.heater_oven, Heating Oven
hbm:tile.machine_ashpit, Ashpit
hbm:tile.heater_oilburner, Fluid Burner
hbm:tile.heater_electric, Electric Heater
hbm:tile.heater_heatex, Heat Exchanging Heater
hbm:tile.furnace, Furnace
hbm:tile.lit_furnace, tile.lit_furnace.name
hbm:tile.furnace_iron, Iron Furnace
hbm:tile.furnace_steel, Steel Furnace
hbm:tile.furnace_combination, Combination Oven
hbm:tile.machine_stirling:0, Stirling Engine
hbm:tile.machine_stirling_steel:0, Heavy Stirling Engine
hbm:tile.machine_stirling_creative:0, Creative Stirling Engine
hbm:tile.machine_sawmill, Stirling Sawmill
hbm:tile.machine_crucible, Crucible
hbm:tile.machine_strand_caster, Strand Caster
hbm:tile.machine_boiler:0, Boiler
hbm:tile.machine_industrial_boiler, Industrial Boiler
hbm:tile.foundry_mold, Shallow Foundry Basin
hbm:tile.foundry_basin, Foundry Basin
hbm:tile.foundry_channel, Foundry Channel
hbm:tile.foundry_tank, Foundry Storage Basin
hbm:tile.foundry_outlet, Foundry Outlet
hbm:tile.foundry_slagtap, Foundry Spill Outlet
hbm:tile.slag, tile.slag.name
hbm:tile.machine_furnace_brick_off, Bricked Furnace
hbm:tile.machine_furnace_brick_on, Bricked Furnace
hbm:tile.machine_difurnace_off, Blast Furnace (LEGACY)
hbm:tile.machine_difurnace_on, Blast Furnace (LEGACY)
hbm:tile.machine_difurnace_extension, Blast Furnace Extension (LEGACY)
hbm:tile.machine_blast_furnace, Blast Furnace
hbm:tile.machine_difurnace_rtg_off, Nuclear Blast Furnace (LEGACY)
hbm:tile.machine_difurnace_rtg_on, Nuclear Blast Furnace (LEGACY)
hbm:tile.machine_centrifuge, Centrifuge
hbm:tile.machine_gascent, Gas Centrifuge
hbm:tile.machine_fel, FEL
hbm:tile.machine_silex, Laser Isotope Separation Chamber (SILEX)
hbm:tile.machine_rotary_furnace, Rotary Furnace
hbm:tile.machine_crystallizer, Ore Acidizer
hbm:tile.machine_uf6_tank, Uranium Hexafluoride Tank
hbm:tile.machine_puf6_tank, Plutonium Hexafluoride Tank
hbm:tile.machine_reactor, Breeding Reactor (LEGACY)
hbm:tile.machine_rtg_furnace_off, RTG Furnace
hbm:tile.machine_rtg_furnace_on, RTG Furnace
hbm:tile.machine_wood_burner, Wood-Burning Generator
hbm:tile.machine_diesel, Diesel Generator
hbm:tile.machine_combustion_engine, Industrial Combustion Engine
hbm:tile.machine_controller, Reactor Remote Control Block
hbm:tile.dish_control, StarDar Remote Access Console
hbm:tile.machine_reactor_small, Research Reactor (LEGACY)
hbm:tile.machine_zirnox, ZIRNOX Nuclear Reactor
hbm:tile.zirnox_destroyed, Destroyed ZIRNOX
hbm:tile.machine_industrial_generator, Industrial Generator
hbm:tile.machine_radgen, Radiation-Powered Engine
hbm:tile.machine_cyclotron, Cyclotron
hbm:tile.machine_exposure_chamber, Exposure Chamber
hbm:tile.machine_rtg_grey, RT Generator
hbm:tile.machine_radiolysis, Radioisotope Thermoelectric Generator and Radiolysis Chamber
hbm:tile.machine_hephaestus, Geothermal Heat Exchanger
hbm:tile.machine_solar, Solar Panel
hbm:tile.machine_stardar, StarDar
hbm:tile.machine_drive_processor, Drive Processor
hbm:tile.machine_alkylation, Alkylation Unit
hbm:tile.hadron_coil_alloy, Dense Superconducting Coil
hbm:tile.hadron_coil_gold, Dense Gold Coil
hbm:tile.hadron_coil_neodymium, Dense Neodymium Coil
hbm:tile.hadron_coil_magtung, Dense 4000K Superconductor Coil
hbm:tile.hadron_coil_schrabidium, Dense Schrabidic Coil
hbm:tile.hadron_coil_schrabidate, Dense Schrabidate Coil
hbm:tile.hadron_coil_starmetal, Dense Starmetal Coil
hbm:tile.hadron_coil_chlorophyte, Dense Chlorophyte Coil
hbm:tile.hadron_coil_mese, Dense Mese Coil
hbm:tile.pa_source, Particle Source
hbm:tile.pa_beamline, Beamline
hbm:tile.pa_rfc, RF Cavity
hbm:tile.pa_quadrupole, Quadrupole Magnets
hbm:tile.pa_dipole, Dipole Magnets
hbm:tile.pa_detector, Particle Detector
hbm:tile.rbmk_rod, RBMK Fuel Channel
hbm:tile.rbmk_rod_mod, RBMK Moderated Fuel Channel
hbm:tile.rbmk_rod_reasim, RBMK Fuel Channel (ReaSim)
hbm:tile.rbmk_rod_reasim_mod, RBMK Moderated Fuel Channel (ReaSim)
hbm:tile.rbmk_control, RBMK Control Rods
hbm:tile.rbmk_control_mod, RBMK Moderated Control Rods
hbm:tile.rbmk_control_auto, RBMK Automatic Control Rods
hbm:tile.rbmk_control_reasim, RBMK Control Rods (ReaSim)
hbm:tile.rbmk_control_reasim_auto, RBMK Automatic Control Rods (ReaSim)
hbm:tile.rbmk_blank, RBMK Structural Column
hbm:tile.rbmk_boiler, RBMK Steam Channel
hbm:tile.rbmk_reflector, RBMK Tungsten Carbide Neutron Reflector
hbm:tile.rbmk_absorber, RBMK Boron Neutron Absorber
hbm:tile.rbmk_moderator, RBMK Graphite Moderator
hbm:tile.rbmk_outgasser, RBMK Irradiation Channel
hbm:tile.rbmk_storage, RBMK Storage Column
hbm:tile.rbmk_cooler, RBMK Cooler
hbm:tile.rbmk_heater, RBMK Fluid Heater
hbm:tile.rbmk_console, RBMK Console
hbm:tile.rbmk_crane_console, RBMK Crane Console
hbm:tile.rbmk_display_blank, Blank Redstone-over-Radio Panel
hbm:tile.rbmk_display, RBMK Display Panel
hbm:tile.rbmk_key_pad, Redstone-over-Radio Keypad
hbm:tile.rbmk_lever, Redstone-over-Radio Lever
hbm:tile.rbmk_gauge, Redstone-over-Radio Gauge
hbm:tile.rbmk_indicator, Redstone-over-Radio Indicator Lights
hbm:tile.rbmk_numitron, Redstone-over-Radio Numeric Display
hbm:tile.rbmk_graph, Redstone-over-Radio Graph
hbm:tile.rbmk_terminal, Redstone-over-Radio Terminal
hbm:tile.rbmk_autoloader, RBMK Autoloader
hbm:tile.rbmk_loader, RBMK Steam Connector
hbm:tile.rbmk_steam_inlet, RBMK ReaSim Water Inlet
hbm:tile.rbmk_steam_outlet, RBMK ReaSim Steam Outlet
hbm:tile.pribris, RBMK Debris
hbm:tile.pribris_burning, Flaming RBMK Debris
hbm:tile.pribris_radiating, Smoldering RBMK Debris
hbm:tile.pribris_digamma, Blackened RBMK Debris
hbm:tile.red_cable, Red Copper Cable
hbm:tile.red_cable_classic, Red Copper Cable (Classic)
hbm:tile.red_cable_paintable, Paintable Red Copper Cable
hbm:tile.red_cable_gauge, Power Gauge
hbm:tile.red_cable_box:0, Red Copper Boxcable
hbm:tile.red_cable_box:1, Red Copper Boxcable
hbm:tile.red_cable_box:2, Red Copper Boxcable
hbm:tile.red_cable_box:3, Red Copper Boxcable
hbm:tile.red_cable_box:4, Red Copper Boxcable
hbm:tile.red_wire_coated, Coated Red Copper Cable
hbm:tile.red_connector, Electricity Connector
hbm:tile.red_connector_super, Heavy Duty Electricity Connector
hbm:tile.red_pylon, Wooden Electricity Pylon
hbm:tile.red_pylon_steel, Steel Electricity Pylon
hbm:tile.red_pylon_medium_wood, Medium Wooden Electricity Pylon
hbm:tile.red_pylon_medium_wood_transformer, Medium Wooden Electricity Pylon with Transformer
hbm:tile.red_pylon_medium_steel, Medium Steel Electricity Pylon
hbm:tile.red_pylon_medium_steel_transformer, Medium Steel Electricity Pylon with Transformer
hbm:tile.red_pylon_large, Large Electricity Pylon
hbm:tile.substation, Substation
hbm:tile.cable_switch, Power Switch
hbm:tile.cable_detector, Redstone Power Switch
hbm:tile.cable_diode, Red Copper Diode
hbm:tile.machine_detector, Power Detector
hbm:tile.fluid_duct_neo:0, Universal Fluid Duct
hbm:tile.fluid_duct_neo:1, Universal Fluid Duct
hbm:tile.fluid_duct_neo:2, Universal Fluid Duct
hbm:tile.fluid_duct_box:0, Universal Fluid Duct (Boxduct)
hbm:tile.fluid_duct_box:1, Universal Fluid Duct (Boxduct)
hbm:tile.fluid_duct_box:2, Universal Fluid Duct (Boxduct)
hbm:tile.fluid_duct_box:3, Universal Fluid Duct (Boxduct)
hbm:tile.fluid_duct_box:4, Universal Fluid Duct (Boxduct)
hbm:tile.fluid_duct_box:5, Universal Fluid Duct (Boxduct)
hbm:tile.fluid_duct_box:6, Universal Fluid Duct (Boxduct)
hbm:tile.fluid_duct_box:7, Universal Fluid Duct (Boxduct)
hbm:tile.fluid_duct_box:8, Universal Fluid Duct (Boxduct)
hbm:tile.fluid_duct_box:9, Universal Fluid Duct (Boxduct)
hbm:tile.fluid_duct_box:10, Universal Fluid Duct (Boxduct)
hbm:tile.fluid_duct_box:11, Universal Fluid Duct (Boxduct)
hbm:tile.fluid_duct_box:12, Universal Fluid Duct (Boxduct)
hbm:tile.fluid_duct_box:13, Universal Fluid Duct (Boxduct)
hbm:tile.fluid_duct_box:14, Universal Fluid Duct (Boxduct)
hbm:tile.fluid_duct_exhaust:0, Exhaust Pipe
hbm:tile.fluid_duct_exhaust:3, Exhaust Pipe
hbm:tile.fluid_duct_exhaust:6, Exhaust Pipe
hbm:tile.fluid_duct_exhaust:9, Exhaust Pipe
hbm:tile.fluid_duct_exhaust:12, Exhaust Pipe
hbm:tile.fluid_duct_paintable_block_exhaust, Paintable Coated Exhaust Pipe
hbm:tile.fluid_duct_paintable, Paintable Coated Universal Fluid Duct
hbm:tile.pipe_anchor, Pipe Anchor
hbm:tile.pipe_anchor_industrial, Industrial Pipe Anchor
hbm:tile.pipe_anchor_pressurizer, Pipe Anchor Pressurizer
hbm:tile.fluid_duct_gauge, Flow Gauge Pipe
hbm:tile.fluid_valve, Fluid Valve
hbm:tile.fluid_counter_valve, Fluid Valve with Counter
hbm:tile.fluid_switch, Redstone Fluid Valve
hbm:tile.fluid_pump, Flow Control Pump
hbm:tile.machine_drain, Drainage Pipe
hbm:tile.radio_torch_sender, Redstone-over-Radio Transmitter
hbm:tile.radio_torch_receiver, Redstone-over-Radio Receiver
hbm:tile.radio_torch_counter, Redstone-over-Radio Item Counter
hbm:tile.radio_torch_logic, Redstone-over-Radio Logic Receiver
hbm:tile.radio_torch_reader, Redstone-over-Radio Reader
hbm:tile.radio_torch_controller, Redstone-over-Radio Controller
hbm:tile.radio_telex, Telex Machine
hbm:tile.radio_autocal, AUTOCAL Automatic Calculator
hbm:tile.crane_extractor, Conveyor Ejector
hbm:tile.crane_inserter, Conveyor Inserter
hbm:tile.crane_grabber, Conveyor Grabber
hbm:tile.crane_router, Conveyor Sorter
hbm:tile.crane_boxer, Conveyor Boxer
hbm:tile.crane_unboxer, Conveyor Unboxer
hbm:tile.conveyor, Conveyor Belt
hbm:tile.conveyor_express, Express Conveyor Belt
hbm:tile.conveyor_double, Double-Lane Conveyor Belt
hbm:tile.conveyor_triple, Triple-Lane Conveyor Belt
hbm:tile.conveyor_chute, Conveyor Chute
hbm:tile.conveyor_lift, Conveyor Chain Lift
hbm:tile.crane_splitter, Conveyor Splitter
hbm:tile.crane_partitioner, Acidizer Input Partitioner
hbm:tile.drone_waypoint, Transport Drone Waypoint
hbm:tile.drone_crate, Transport Drone Crate
hbm:tile.drone_waypoint_request, Logistics Drone Waypoint
hbm:tile.drone_dock, Logistics Drone Dock
hbm:tile.drone_crate_provider, Logistics Provider Crate
hbm:tile.drone_crate_requester, Logistics Requester Crate
hbm:tile.pneumatic_tube, Pneumatic Tube
hbm:tile.pneumatic_tube_paintable, Paintable Pneumatic Tube
hbm:tile.pneumatic_storage_access, Pneumatic Storage Network - Access Terminal
hbm:tile.pneumatic_storage_clutter, Pneumatic Storage Network - Clutter Storage
hbm:tile.pneumatic_storage_mono, Pneumatic Storage Network - Bulk Storage
hbm:tile.pneumatic_storage_importer, Pneumatic Storage Network - Importer
hbm:tile.pneumatic_storage_exporter, Pneumatic Storage Network - Exporter
hbm:tile.fan, Fan
hbm:tile.piston_inserter, Inserter
hbm:tile.dungeon_chain, Metal Chain
hbm:tile.ladder_sturdy, Sturdy Wooden Ladder
hbm:tile.ladder_gold, Golden Ladder
hbm:tile.ladder_titanium, Titanium Ladder
hbm:tile.ladder_copper, Copper Ladder
hbm:tile.ladder_steel, Steel Ladder
hbm:tile.trapdoor_steel, Steel Trapdoor
hbm:tile.barrel_plastic, Safe Barrel™
hbm:tile.barrel_corroded, Corroded Barrel
hbm:tile.barrel_steel, Steel Barrel
hbm:tile.barrel_tcalloy, Technetium Steel Barrel
hbm:tile.barrel_antimatter, Magnetic Antimatter Container
hbm:tile.machine_battery_socket, Battery Socket
hbm:tile.machine_battery_redd, FEnSU
hbm:tile.machine_battery_potato, Potato Battery Block (LEGACY)
hbm:tile.machine_battery, Energy Storage Block (LEGACY)
hbm:tile.machine_lithium_battery, Li-Ion Energy Storage Block (LEGACY)
hbm:tile.machine_schrabidium_battery, Schrabidium Energy Storage Block (LEGACY)
hbm:tile.machine_dineutronium_battery, Spark Energy Storage Block (LEGACY)
hbm:tile.machine_fensu, FEnSU (LEGACY)
hbm:tile.capacitor_bus, Capacitor Bus (LEGACY)
hbm:tile.capacitor_copper, Old Capacitor
hbm:tile.capacitor_gold, Golden Capacitor (LEGACY)
hbm:tile.capacitor_niobium, Niobium Capacitor (LEGACY)
hbm:tile.capacitor_tantalium, Tantalum Capacitor (LEGACY)
hbm:tile.capacitor_complex, Wavefunction Capacitor (LEGACY)
hbm:tile.capacitor_schrabidate, Schrabidate Capacitor (LEGACY)
hbm:tile.machine_transformer, 10k-20Hz Transformer
hbm:tile.machine_converter_he_rf, HE to RF Converter
hbm:tile.machine_converter_rf_he, RF to HE Converter
hbm:tile.machine_electric_furnace_off, Electric Furnace
hbm:tile.machine_electric_furnace_on, Electric Furnace
hbm:tile.machine_microwave, Microwave
hbm:tile.machine_assembly_machine, Assembly Machine
hbm:tile.machine_assembly_factory, Assembly Factory
hbm:tile.machine_precass, Precision Assembly Machine
hbm:tile.machine_chemical_plant, Chemical Plant
hbm:tile.block_blood_centrifuge, Aranos Blood Sample Machine
hbm:tile.block_sample_synthesizer, Sample Synthesizer
hbm:tile.block_genome_sequencer, Genome Sequencer
hbm:tile.block_medicine_synthesizer, Medicine Synthesizer
hbm:tile.machine_chemical_factory, Chemical Factory
hbm:tile.machine_purex, PUREX
hbm:tile.machine_haemodialysis, Haemodialysis Machine
hbm:tile.machine_arc_welder, Arc Welder
hbm:tile.machine_soldering_station, Soldering Station
hbm:tile.machine_vacuum_circuit, Vacuum Solderer
hbm:tile.machine_arc_furnace, Electric Arc Furnace
hbm:tile.machine_mixer, Industrial Mixer
hbm:tile.machine_fluidtank, Tank
hbm:tile.machine_bat9000, Big-Ass Tank 9000 (LEGACY)
hbm:tile.machine_bigasstank, Big-Ass Tank
hbm:tile.machine_orbus, Heavy Magnetic Storage Tank
hbm:tile.machine_boiler_off, Old Boiler
hbm:tile.machine_steam_engine, Steam Engine
hbm:tile.machine_turbine, Steam Turbine (LEGACY)
hbm:tile.machine_large_turbine, Industrial Steam Turbine (LEGACY)
hbm:tile.machine_industrial_turbine, Industrial Steam Turbine
hbm:tile.machine_chungus, Leviathan Steam Turbine
hbm:tile.machine_condenser, Steam Condenser
hbm:tile.machine_tower_small, Auxiliary Cooling Tower
hbm:tile.machine_tower_large, Cooling Tower
hbm:tile.machine_condenser_powered, High-Power Steam Condenser
hbm:tile.machine_radiator, Steam Radiator
hbm:tile.machine_deuterium_extractor, Deuterium Extractor
hbm:tile.machine_deuterium_tower, Deuterium Extraction Tower
hbm:tile.machine_atmo_tower, Atmospheric Liquefaction Tower
hbm:tile.machine_atmo_vent, Atmospheric Compressor
hbm:tile.machine_liquefactor, Industrial Liquefaction Machine
hbm:tile.machine_solidifier, Industrial Solidification Machine
hbm:tile.machine_intake, Air Intake
hbm:tile.machine_atmo_emitter, Atmospheric Emitter
hbm:tile.machine_compressor, Compressor
hbm:tile.machine_compressor_compact, Compact Compressor
hbm:tile.machine_electrolyser, Electrolysis Machine
hbm:tile.machine_waste_drum, Spent Fuel Pool Drum
hbm:tile.machine_storage_drum, Nuclear Waste Disposal Drum
hbm:tile.machine_shredder, Shredder
hbm:tile.machine_well, Oil Derrick
hbm:tile.machine_pumpjack, Pumpjack
hbm:tile.machine_fracking_tower, Hydraulic Fracking Tower
hbm:tile.machine_flare, Flare Stack
hbm:tile.chimney_brick, Smokestack
hbm:tile.chimney_industrial, Industrial Smokestack
hbm:tile.machine_refinery, Oil Refinery
hbm:tile.machine_vacuum_distill, Vacuum Refinery
hbm:tile.machine_fraction_tower, Fractioning Tower
hbm:tile.fraction_spacer, Fractioning Tower Separator
hbm:tile.machine_catalytic_cracker, Catalytic Cracking Tower
hbm:tile.machine_catalytic_reformer, Catalytic Reformer
hbm:tile.machine_milk_reformer, Dairy Processing Tank
hbm:tile.machine_cryo_distill, Cryogenic Distillation Machine
hbm:tile.machine_hydrotreater, Hydrotreater
hbm:tile.machine_coker, Coker Unit
hbm:tile.machine_pyrooven, Pyrolysis Oven
hbm:tile.machine_autosaw, Automatic Buzz Saw
hbm:tile.machine_thresher, Automatic Thresher
hbm:tile.machine_excavator, Large Mining Drill
hbm:tile.machine_ore_slopper, Bedrock Ore Processor
hbm:tile.machine_annihilator, Annihilator
hbm:tile.machine_mining_laser, Mining Laser
hbm:tile.barricade, Sand Bags
hbm:tile.machine_turbofan, Turbofan
hbm:tile.machine_turbinegas, Combined Cycle Gas Turbine
hbm:tile.machine_lpw2, LPW-2 Station Thruster
hbm:tile.machine_htr3, LPW-3N Station Thruster
hbm:tile.machine_htrf4, HTR-F4 Station Thruster (LEGACY)
hbm:tile.machine_htrf4neo, HTR-F4 NEO Station Thruster
hbm:tile.machine_xenon_thruster, Xenon Station Thruster
hbm:tile.machine_magma, Magma Drill
hbm:tile.machine_teleporter, Teleporter
hbm:tile.teleanchor, Teleportation Anchor
hbm:tile.field_disturber, High Energy Field Jammer
hbm:tile.troll_disturber, tile.troll_disturber.name
hbm:tile.machine_satlinker, Satellite ID Manager
hbm:tile.machine_satlink, Satellite Ground Station
hbm:tile.sludge_processor, Mass Centrifuge
hbm:tile.machine_keyforge, Locksmith Table
hbm:tile.machine_armor_table, Armor Modification Table
hbm:tile.machine_weapon_table, Weapon Modification Table
hbm:tile.machine_forcefield, Forcefield Emitter
hbm:tile.radiorec, FM Radio
hbm:tile.radiobox, Rosenberg Pest Control Box
hbm:tile.struct_launcher, Launch Pad Component Block
hbm:tile.struct_scaffold, Launch Pad Scaffold Block
hbm:tile.struct_launcher_core, Compact Launcher Core Component
hbm:tile.struct_launcher_core_large, Launch Table Core Component
hbm:tile.struct_soyuz_core, Soyuz Launcher Core Component
hbm:tile.struct_torus_core, Fusion Reactor Vessel Core Component
hbm:tile.struct_watz_core, Watz Powerplant Core Component
hbm:tile.struct_icf_core, Inertial Confinement Fusion Reactor Core Component
hbm:tile.rad_absorber:0, Radiation Absorber
hbm:tile.rad_absorber:1, Enhanced Radiation Absorber
hbm:tile.rad_absorber:2, Advanced Radiation Absorber
hbm:tile.rad_absorber:3, Elite Radiation Absorber
hbm:tile.decon, Player Decontaminator
hbm:tile.machine_solar_boiler, Solar Tower Boiler
hbm:tile.solar_mirror, Heliostat Mirror
hbm:tile.cm_block:0, Steel Machine Casing
hbm:tile.cm_block:1, Bronze Machine Casing
hbm:tile.cm_block:2, Desh Machine Casing
hbm:tile.cm_block:3, Technetium Steel Machine Casing
hbm:tile.cm_sheet:0, Steel Sheet
hbm:tile.cm_sheet:1, Bronze Sheet
hbm:tile.cm_sheet:2, Desh Sheet
hbm:tile.cm_sheet:3, Technetium Steel Sheet
hbm:tile.cm_engine:0, Motor Block
hbm:tile.cm_engine:1, Desh Motor Block
hbm:tile.cm_engine:2, Bismuth Motor Block
hbm:tile.cm_tank:0, Steel Tank
hbm:tile.cm_tank:1, Bronze Tank
hbm:tile.cm_tank:2, Desh Tank
hbm:tile.cm_tank:3, Technetium Steel Tank
hbm:tile.cm_circuit:0, Tier 1 Circuit Block
hbm:tile.cm_circuit:1, Tier 2 Circuit Block
hbm:tile.cm_circuit:2, Tier 3 Circuit Block
hbm:tile.cm_circuit:3, Tier 4 Circuit Block
hbm:tile.cm_circuit:4, Tier 5 Circuit Block
hbm:tile.cm_port:0, Steel Port
hbm:tile.cm_port:1, Bronze Port
hbm:tile.cm_port:2, Desh Port
hbm:tile.cm_port:3, Technetium Steel Port
hbm:tile.cm_flux, Neutron Flux Receiver
hbm:tile.cm_heat, Heat Receiver
hbm:tile.custom_machine_anchor, Custom Machine Structure Positioning Anchor
hbm:tile.pile_brick, Chicago Pile Graphite Bricks
hbm:tile.pile_device:0, Chicago Pile Fuel Loader
hbm:tile.pile_device:1, Chicago Pile Vent
hbm:tile.pile_device:2, Chicago Pile Control Rod
hbm:tile.pile_block, Chicago Pile
hbm:tile.pwr_fuel, PWR Fuel Rod
hbm:tile.pwr_control, PWR Control Rod
hbm:tile.pwr_channel, PWR Coolant Channel
hbm:tile.pwr_heatex, PWR Heat Exchanger
hbm:tile.pwr_heatsink, PWR Heatsink
hbm:tile.pwr_neutron_source, PWR Neutron Source
hbm:tile.pwr_reflector, PWR Neutron Reflector
hbm:tile.pwr_casing, PWR Pressure Vessel
hbm:tile.pwr_port, PWR Access Port
hbm:tile.pwr_controller, PWR Controller
hbm:tile.pwr_block, PWR
hbm:tile.fusion_heater, Plasma Heater Component
hbm:tile.fusion_hatch, Duct Deco Block
hbm:tile.fusion_component:0, Superconducting BSCCO Coils
hbm:tile.fusion_component:1, Welded BSCCO Coils
hbm:tile.fusion_component:2, Fusion Reactor Blanket
hbm:tile.fusion_component:3, Fusion Reactor Piping
hbm:tile.fusion_torus, Fusion Reactor Vessel
hbm:tile.fusion_klystron, Klystron
hbm:tile.fusion_klystron_creative, Creative Klystron
hbm:tile.fusion_breeder, Fusion Reactor Breeding Chamber
hbm:tile.fusion_collector, Fusion Reactor Collector Chamber
hbm:tile.fusion_boiler, Fusion Reactor Boiler
hbm:tile.fusion_mhdt, MHD Turbine
hbm:tile.fusion_coupler, Fusion Reactor Plasma Coupler
hbm:tile.fusion_plasma_forge, Plasma Forge
hbm:tile.watz_element, Watz Reaction Chamber
hbm:tile.watz_cooler, Watz Reactor Supercooler
hbm:tile.watz_end:0, Watz Reactor Stability Element
hbm:tile.watz_end:1, Watz Reactor Stability Element (Riveted)
hbm:tile.watz, Watz Powerplant
hbm:tile.watz_pump, Watz Pressure Pump
hbm:tile.machine_icf_press, ICF Fuel Pellet Maker
hbm:tile.icf_laser_component:0, ICF Laser Casing
hbm:tile.icf_laser_component:1, ICF Laser Port
hbm:tile.icf_laser_component:2, ICF Laser Cell
hbm:tile.icf_laser_component:3, ICF Laser Flash Tube
hbm:tile.icf_laser_component:4, ICF Laser Capacitor
hbm:tile.icf_laser_component:5, ICF Laser Turbocharger
hbm:tile.icf_controller, ICF Laser Controller
hbm:tile.icf_block, ICF Laser
hbm:tile.icf_component:0, ICF Stability Element
hbm:tile.icf_component:1, ICF Containment Vessel Wall
hbm:tile.icf_component:2, ICF Containment Vessel Wall (Welded)
hbm:tile.icf_component:3, ICF Casing
hbm:tile.icf_component:4, ICF Casing (Riveted)
hbm:tile.icf, Inertial Confinement Fusion Reactor (ICF)
hbm:tile.balefire, tile.balefire.name
hbm:tile.fire_digamma, Lingering Digamma
hbm:tile.digamma_matter, tile.digamma_matter.name
hbm:tile.volcano_core:0, Volcano Core
hbm:tile.volcano_core:1, Volcano Core
hbm:tile.volcano_core:2, Volcano Core
hbm:tile.volcano_core:3, Volcano Core
hbm:tile.volcano_core:4, Volcano Core
hbm:tile.volcano_rad_core:0, Rad Volcano Core
hbm:tile.volcano_rad_core:1, Rad Volcano Core
hbm:tile.volcano_rad_core:2, Rad Volcano Core
hbm:tile.volcano_rad_core:3, Rad Volcano Core
hbm:tile.volcano_rad_core:4, Rad Volcano Core
hbm:tile.dfc_emitter, DFC Emitter
hbm:tile.dfc_injector, DFC Fuel Injector
hbm:tile.dfc_receiver, DFC Receiver
hbm:tile.dfc_stabilizer, DFC Stabilizer
hbm:tile.dfc_core, Dark Fusion Core
hbm:tile.machine_missile_assembly, Missile Assembly Station
hbm:tile.machine_rocket_assembly, Vehicle Assembly Base (VAB)
hbm:tile.launch_pad, Silo Launch Pad
hbm:tile.launch_pad_rocket, Rocket Launch Pad
hbm:tile.launch_pad_rusted, Old Launch Pad
hbm:tile.launch_pad_large, Launch Pad
hbm:tile.compact_launcher, Compact Launch Pad
hbm:tile.launch_table, Large Launch Pad
hbm:tile.soyuz_launcher, Soyuz Launch Platform
hbm:tile.sat_dock, Cargo Landing Pad
hbm:tile.soyuz_capsule, Cargo Landing Capsule
hbm:tile.combat_drop, Combat Drop Pod
hbm:tile.crate_supply, Supply Crate
hbm:tile.machine_radar, Radar
hbm:tile.machine_radar_large, Large Radar
hbm:tile.radar_screen, Radar Screen
hbm:tile.gas_dock, Gas Giant Harvester
hbm:tile.book_guide, Hbm's Nuclear Tech Mod Manual [LEGACY]
hbm:tile.rail_wood, Wooden Tracks
hbm:tile.rail_narrow, Narrow Gauge Cart Rail
hbm:tile.rail_highspeed, High Speed Rail
hbm:tile.rail_booster, High Speed Booster Rail
hbm:tile.rail_narrow_straight, tile.rail_narrow_straight.name
hbm:tile.rail_narrow_curve, tile.rail_narrow_curve.name
hbm:tile.rail_large_straight, Standard Gauge Rail (5m)
hbm:tile.rail_large_straight_short, Standard Gauge Rail (1m)
hbm:tile.rail_large_curve, Standard Gauge Curve Rail (5m)
hbm:tile.rail_large_curve_7, Standard Gauge Curve Rail (7m)
hbm:tile.rail_large_curve_9, Standard Gauge Curve Rail (9m)
hbm:tile.rail_large_ramp, Standard Gauge Ramp Rail (5m)
hbm:tile.rail_large_buffer, Standard Gauge Buffer Stop Rail (5m)
hbm:tile.rail_large_switch, Standard Gauge Switch Rail (15m, Left)
hbm:tile.rail_large_switch_flipped, Standard Gauge Switch Rail (15m, Right)
hbm:tile.crate, Supply Crate
hbm:tile.crate_weapon, Weapon Crate
hbm:tile.crate_lead, Hazmat Crate
hbm:tile.crate_metal, Machine Crate
hbm:tile.crate_red, Red Crate
hbm:tile.crate_can, Conserve Crate
hbm:tile.crate_ammo, Starmetal Crate
hbm:tile.crate_jungle, Enargite Crate
hbm:tile.#undef, tile.#undef.name
hbm:tile.mud_block, Poisonous Mud
hbm:tile.acid_block, Acid
hbm:tile.toxic_block, Stereotypical Green Ooze
hbm:tile.schrabidic_block, Schrabidic Acid
hbm:tile.corium_block, Corium
hbm:tile.volcanic_lava_block, Volcanic Lava
hbm:tile.rad_lava_block, Volcanic Lava
hbm:tile.sulfuric_acid_block, Sulfuric Acid
hbm:tile.mercury_block, Mercury
hbm:tile.slush_block, Slush
hbm:tile.bromine_block, Alkyl Bromide
hbm:tile.flesh_block, tile.flesh_block.name
hbm:tile.charred_flesh_block, tile.charred_flesh_block.name
hbm:tile.carbonized_flesh_block, tile.carbonized_flesh_block.name
hbm:tile.ccl_block, CCL
hbm:tile.dummy_block_blast, tile.dummy_block_blast.name
hbm:tile.dummy_plate_compact_launcher, tile.dummy_plate_compact_launcher.name
hbm:tile.dummy_port_compact_launcher, tile.dummy_port_compact_launcher.name
hbm:tile.dummy_plate_launch_table, tile.dummy_plate_launch_table.name
hbm:tile.dummy_port_launch_table, tile.dummy_port_launch_table.name
hbm:tile.dummy_plate_cargo, tile.dummy_plate_cargo.name
hbm:tile.oil_pipe, Crude Oil Extraction Pipe
hbm:tile.vent_chlorine, Chlorine Vent
hbm:tile.vent_cloud, Cloud Vent
hbm:tile.vent_pink_cloud, Pink Cloud Vent
hbm:tile.vent_chlorine_seal, Chlorine Seal
hbm:tile.chlorine_gas, Chlorine Gas
hbm:tile.gas_radon, Radon Gas
hbm:tile.gas_radon_dense, Dense Radon Gas
hbm:tile.gas_radon_tomb, Tomb Gas
hbm:tile.gas_meltdown, Meltdown Gas
hbm:tile.gas_monoxide, Carbon Monoxide
hbm:tile.gas_asbestos, Airborne Asbestos Particles
hbm:tile.gas_coal, Airborne Coal Dust
hbm:tile.gas_flammable, Flammable Gas
hbm:tile.gas_explosive, Explosive Gas
hbm:tile.air_vent, Air Vent
hbm:tile.air_scrubber, CO2 Scrubber
hbm:tile.algae_film, Microgravity Algae Film
hbm:tile.hydrobay, Industrial Greenhouse
hbm:tile.oc_cable_paintable, Paintable Network Cable
hbm:tile.crystal_virus, Dark Crystal
hbm:tile.crystal_hardened, Hardened Dark Crystal
hbm:tile.crystal_pulsar, Pulsating Crystal
hbm:tile.taint, Taint
hbm:tile.ntm_dirt, Dirt
hbm:tile.pink_log, Pink Log
hbm:tile.pink_planks, Pink Wood Planks
hbm:tile.pink_slab, Pink Wood Slab
hbm:tile.pink_double_slab, tile.pink_double_slab.name
hbm:tile.pink_stairs, Pink Wood Stairs
hbm:tile.atmosphere_editor, Atmosphere Editor
hbm:tile.transporter_rocket, Rocket Transporter Pad
hbm:tile.orbital_station, Orbital Station Core
hbm:tile.orbital_station_port, Orbital Station Port
hbm:tile.orbital_station_launcher, Orbital Station Launching Port
hbm:tile.orbital_station_computer, Orbital Station Computer
hbm:tile.propulsion_creative, Creative Station Propulsion
hbm:tile.dyson_launcher, Dyson Spinlauncher
hbm:tile.dyson_receiver, Dyson Receiver
hbm:tile.dyson_converter_tu, Dyson Heat Converter
hbm:tile.dyson_converter_he, Dyson Power Converter
hbm:tile.dyson_converter_anatmogenesis, Dyson Anatmogenesis Terraformer
hbm:tile.orrery, Orrery
hbm:tile.dummy_beam, Integrated Lamp
hbm:tile.wand_air, Structure Wand Block (Air)
hbm:tile.wand_loot, Structure Wand Block (Lootable)
hbm:tile.wand_jigsaw, Structure Wand Block (Jigsaw)
hbm:tile.wand_logic, Structure Wand Block (Logic)
hbm:tile.wand_tandem, tile.wand_tandem.name
hbm:tile.wand_structure:0, Structure Saving Block
hbm:tile.wand_structure:1, Structure Loading Block
hbm:tile.logic_block, Dungeon Action Block
hbm:tile.logic_block_invis, tile.logic_block_invis.name
IronChest:BlockIronChest:0, Iron Chest
IronChest:BlockIronChest:1, Gold Chest
IronChest:BlockIronChest:2, Diamond Chest
IronChest:BlockIronChest:3, Copper Chest
IronChest:BlockIronChest:4, Steel Chest
IronChest:BlockIronChest:5, Crystal Chest
IronChest:BlockIronChest:6, Obsidian Chest
IronChest:BlockIronChest:7, DirtChest 9000!
IronChest:BlockIronChest:8, Netherite Chest
modernmarkings:tile.floor_marking_black_singleline, Black Line Floor Marking
modernmarkings:tile.floor_marking_white_arrow, White Arrow Floor Marking
modernmarkings:tile.floor_marking_white_lane, White Lane Floor Marking
modernmarkings:tile.floor_marking_white_lane_cross, White Lane Cross Floor Marking
modernmarkings:tile.floor_marking_white_singleline, White Line Floor Marking
modernmarkings:tile.floor_marking_white_square, White Square Floor Marking
modernmarkings:tile.floor_marking_whiteblack_hazardline, White Hazard Line Floor Marking
modernmarkings:tile.floor_marking_noentry, No Entry Floor Marking
modernmarkings:tile.floor_marking_nostep, No Step Floor Marking
modernmarkings:tile.floor_marking_exit, Exit Floor Marking
modernmarkings:tile.floor_marking_yellow_arrow, Yellow Arrow Floor Marking
modernmarkings:tile.floor_marking_yellow_hazardline, Yellow Hazard Line Floor Marking
modernmarkings:tile.floor_marking_yellow_lane, Yellow Lane Floor Marking
modernmarkings:tile.floor_marking_yellow_sideline, Yellow Sideline Floor Marking
modernmarkings:tile.floor_marking_yellow_singleline, Yellow Line Floor Marking
modernmarkings:tile.floor_marking_yellow_square, Yellow Square Floor Marking
modernmarkings:tile.floor_marking_yellow_stripes, Yellow Stripes Floor Marking
modernmarkings:tile.floor_marking_yellow_t_crossing, Yellow T Crossing Floor Marking
modernmarkings:tile.floor_marking_yellow_crossing, Yellow Crossing Floor Marking
modernmarkings:tile.floor_marking_yellow_turn, Yellow Turn Floor Marking
modernmarkings:tile.floor_marking_yellow_end, Yellow End Floor Marking
modernmarkings:tile.floor_marking_danger_yellow, Yellow Danger Floor Marking
modernmarkings:tile.floor_marking_white_t_crossing, White T Crossing Floor Marking
modernmarkings:tile.floor_marking_white_crossing, White Crossing Floor Marking
modernmarkings:tile.floor_marking_white_turn, White Turn Floor Marking
modernmarkings:tile.floor_marking_white_end, White End Floor Marking
modernmarkings:tile.floor_marking_white_sideline, White Sideline Floor Marking
modernmarkings:tile.floor_marking_green_t_crossing, Green T Crossing Floor Marking
modernmarkings:tile.floor_marking_green_crossing, Green Crossing Floor Marking
modernmarkings:tile.floor_marking_green_turn, Green Turn Floor Marking
modernmarkings:tile.floor_marking_green_end, Green End Floor Marking
modernmarkings:tile.floor_marking_green_sideline, Green Sideline Floor Marking
modernmarkings:tile.floor_marking_green_square, Green Square Floor Marking
modernmarkings:tile.floor_marking_green_hazardline, Green Hazard Line Floor Marking
modernmarkings:tile.floor_marking_green_singleline, Green Line Floor Marking
modernmarkings:tile.floor_marking_blue_t_crossing, Blue T Crossing Floor Marking
modernmarkings:tile.floor_marking_blue_crossing, Blue Crossing Floor Marking
modernmarkings:tile.floor_marking_blue_turn, Blue Turn Floor Marking
modernmarkings:tile.floor_marking_blue_end, Blue End Floor Marking
modernmarkings:tile.floor_marking_blue_sideline, Blue Sideline Floor Marking
modernmarkings:tile.floor_marking_blue_square, Blue Square Floor Marking
modernmarkings:tile.floor_marking_blue_hazardline, Blue Hazard Line Floor Marking
modernmarkings:tile.floor_marking_blue_singleline, Blue Line Floor Marking
modernmarkings:tile.floor_marking_red_t_crossing, Red T Crossing Floor Marking
modernmarkings:tile.floor_marking_red_crossing, Red Crossing Floor Marking
modernmarkings:tile.floor_marking_red_turn, Red Turn Floor Marking
modernmarkings:tile.floor_marking_red_end, Red End Floor Marking
modernmarkings:tile.floor_marking_red_sideline, Red Sideline Floor Marking
modernmarkings:tile.floor_marking_red_square, Red Square Floor Marking
modernmarkings:tile.floor_marking_red_hazardline, Red Hazard Line Floor Marking
modernmarkings:tile.floor_marking_red_singleline, Red Line Floor Marking
modernmarkings:tile.floor_marking_danger_red, Red Danger Floor Marking
modernmarkings:tile.floor_marking_redx, Red X Floor Marking
modernmarkings:tile.floor_marking_orange_t_crossing, Orange T Crossing Floor Marking
modernmarkings:tile.floor_marking_orange_crossing, Orange Crossing Floor Marking
minecraft:record_13, Music Disc
minecraft:record_cat, Music Disc
minecraft:record_blocks, Music Disc
minecraft:record_chirp, Music Disc
minecraft:record_far, Music Disc
minecraft:record_mall, Music Disc
minecraft:record_mellohi, Music Disc
minecraft:record_stal, Music Disc
minecraft:record_strad, Music Disc
minecraft:record_ward, Music Disc
minecraft:record_11, Music Disc
minecraft:record_wait, Music Disc
modernmarkings:tile.floor_marking_orange_turn, Orange Turn Floor Marking
modernmarkings:tile.floor_marking_orange_end, Orange End Floor Marking
modernmarkings:tile.floor_marking_orange_sideline, Orange Sideline Floor Marking
modernmarkings:tile.floor_marking_orange_square, Orange Square Floor Marking
modernmarkings:tile.floor_marking_orange_hazardline, Orange Hazard Line Floor Marking
modernmarkings:tile.floor_marking_orange_singleline, Orange Line Floor Marking
modernmarkings:tile.floor_marking_letter_a, Letter A Floor Marking
modernmarkings:tile.floor_marking_letter_b, Letter B Floor Marking
modernmarkings:tile.floor_marking_letter_c, Letter C Floor Marking
modernmarkings:tile.floor_marking_letter_d, Letter D Floor Marking
modernmarkings:tile.floor_marking_letter_e, Letter E Floor Marking
modernmarkings:tile.floor_marking_letter_f, Letter F Floor Marking
modernmarkings:tile.floor_marking_letter_g, Letter G Floor Marking
modernmarkings:tile.floor_marking_letter_h, Letter H Floor Marking
modernmarkings:tile.floor_marking_letter_i, Letter I Floor Marking
modernmarkings:tile.floor_marking_letter_j, Letter J Floor Marking
modernmarkings:tile.floor_marking_letter_k, Letter K Floor Marking
modernmarkings:tile.floor_marking_letter_l, Letter L Floor Marking
modernmarkings:tile.floor_marking_letter_m, Letter M Floor Marking
modernmarkings:tile.floor_marking_letter_n, Letter N Floor Marking
modernmarkings:tile.floor_marking_letter_o, Letter O Floor Marking
modernmarkings:tile.floor_marking_letter_p, Letter P Floor Marking
modernmarkings:tile.floor_marking_letter_q, Letter Q Floor Marking
modernmarkings:tile.floor_marking_letter_r, Letter R Floor Marking
modernmarkings:tile.floor_marking_letter_s, Letter S Floor Marking
modernmarkings:tile.floor_marking_letter_t, Letter T Floor Marking
modernmarkings:tile.floor_marking_letter_u, Letter U Floor Marking
modernmarkings:tile.floor_marking_letter_v, Letter V Floor Marking
modernmarkings:tile.floor_marking_letter_w, Letter W Floor Marking
modernmarkings:tile.floor_marking_letter_x, Letter X Floor Marking
modernmarkings:tile.floor_marking_letter_y, Letter Y Floor Marking
modernmarkings:tile.floor_marking_letter_z, Letter Z Floor Marking
modernmarkings:tile.wall_marking_exit, Exit Wall Marking
modernmarkings:tile.wall_marking_unit, Unit Wall Marking
modernmarkings:tile.wall_marking_first_aid, First Aid Wall Marking
modernmarkings:tile.wall_marking_fire_extinguisher, Fire Extinguisher Wall Marking
modernmarkings:tile.wall_marking_number_0, 0 Wall Marking
modernmarkings:tile.wall_marking_number_1, 1 Wall Marking
modernmarkings:tile.wall_marking_number_2, 2 Wall Marking
modernmarkings:tile.wall_marking_number_3, 3 Wall Marking
modernmarkings:tile.wall_marking_number_4, 4 Wall Marking
modernmarkings:tile.wall_marking_number_5, 5 Wall Marking
modernmarkings:tile.wall_marking_number_6, 6 Wall Marking
modernmarkings:tile.wall_marking_number_7, 7 Wall Marking
modernmarkings:tile.wall_marking_number_8, 8 Wall Marking
modernmarkings:tile.wall_marking_number_9, 9 Wall Marking
modernmarkings:tile.wall_marking_number_no, No. Wall Marking
modernmarkings:tile.wall_marking_number_numero, Numero Wall Marking
modernmarkings:tile.wall_marking_number_dash, Dash Wall Marking
modernmarkings:tile.wall_marking_number_comma, Comma Wall Marking
modernmarkings:tile.wall_marking_number_period, Period Wall Marking
modernmarkings:tile.wall_marking_symbol_chemical, Chemical Wall Marking
modernmarkings:tile.wall_marking_symbol_electric, Electric Wall Marking
modernmarkings:tile.wall_marking_symbol_fire, Fire Wall Marking
modernmarkings:tile.wall_marking_symbol_fluid, Fluid Wall Marking
modernmarkings:tile.wall_marking_symbol_frost, Frost Wall Marking
modernmarkings:tile.wall_marking_symbol_gears, Gears Wall Marking
modernmarkings:tile.wall_marking_symbol_laser, Laser Wall Marking
modernmarkings:tile.wall_marking_symbol_magic, Magic Wall Marking
modernmarkings:tile.wall_marking_symbol_mob, Mob Wall Marking
modernmarkings:tile.wall_marking_symbol_pinch, Pinch Point Wall Marking
modernmarkings:tile.wall_marking_symbol_production, Production Wall Marking
modernmarkings:tile.wall_marking_symbol_radiation, Radiation Wall Marking 1
modernmarkings:tile.wall_marking_symbol_radiation_2, Radiation Wall Marking 2
modernmarkings:tile.wall_marking_symbol_storage, Storage Wall Marking
modernmarkings:tile.wall_marking_warning_danger, Warning Wall Marking
modernmarkings:tile.wall_marking_arrowleft, Arrow Left Wall Marking
modernmarkings:tile.wall_marking_arrowright, Arrow Right Wall Marking
modernmarkings:tile.wall_marking_hazardline_left, Hazardline left corner Marking
modernmarkings:tile.wall_marking_hazardline_right, Hazardline right corner Wall Marking
modernmarkings:tile.wall_marking_hazard_diamond, Hazard Diamond Wall Marking
modernmarkings:tile.wall_marking_voltage_eu, EU Wall Marking
modernmarkings:tile.wall_marking_voltage_ev, Extreme Voltage Wall Marking
modernmarkings:tile.wall_marking_voltage_fe, Forge Energy Wall Marking
modernmarkings:tile.wall_marking_voltage_hv, High Voltage Wall Marking
modernmarkings:tile.wall_marking_voltage_iv, Insane Voltage Wall Marking
modernmarkings:tile.wall_marking_voltage_luv, Ludicrous Voltage Wall Marking
modernmarkings:tile.wall_marking_voltage_lv, Low Voltage Wall Marking
modernmarkings:tile.wall_marking_voltage_max, MAX Voltage Wall Marking
modernmarkings:tile.wall_marking_voltage_mv, Medium Voltage Wall Marking
modernmarkings:tile.wall_marking_voltage_pert, Per Tick Wall Marking
modernmarkings:tile.wall_marking_voltage_rf, Redstone Flux Wall Marking
modernmarkings:tile.wall_marking_voltage_uev, UEV Voltage Wall Marking
modernmarkings:tile.wall_marking_voltage_uhv, UHV Voltage Wall Marking
modernmarkings:tile.wall_marking_voltage_uiv, UIV Voltage Wall Marking
modernmarkings:tile.wall_marking_voltage_umv, UMV Voltage Wall Marking
modernmarkings:tile.wall_marking_voltage_uv, UV Voltage Wall Marking
modernmarkings:tile.wall_marking_voltage_uxv, UXV Voltage Wall Marking
modernmarkings:tile.wall_marking_voltage_zpm, Zero Point Module Voltage Wall Marking
modernmarkings:tile.wall_marking_letter_a, Letter A Wall Marking
modernmarkings:tile.wall_marking_letter_b, Letter B Wall Marking
modernmarkings:tile.wall_marking_letter_c, Letter C Wall Marking
modernmarkings:tile.wall_marking_letter_d, Letter D Wall Marking
modernmarkings:tile.wall_marking_letter_e, Letter E Wall Marking
modernmarkings:tile.wall_marking_letter_f, Letter F Wall Marking
modernmarkings:tile.wall_marking_letter_g, Letter G Wall Marking
modernmarkings:tile.wall_marking_letter_h, Letter H Wall Marking
modernmarkings:tile.wall_marking_letter_i, Letter I Wall Marking
modernmarkings:tile.wall_marking_letter_j, Letter J Wall Marking
modernmarkings:tile.wall_marking_letter_k, Letter K Wall Marking
modernmarkings:tile.wall_marking_letter_l, Letter L Wall Marking
modernmarkings:tile.wall_marking_letter_m, Letter M Wall Marking
modernmarkings:tile.wall_marking_letter_n, Letter N Wall Marking
modernmarkings:tile.wall_marking_letter_o, Letter O Wall Marking
modernmarkings:tile.wall_marking_letter_p, Letter P Wall Marking
modernmarkings:tile.wall_marking_letter_q, Letter Q Wall Marking
modernmarkings:tile.wall_marking_letter_r, Letter R Wall Marking
modernmarkings:tile.wall_marking_letter_s, Letter S Wall Marking
modernmarkings:tile.wall_marking_letter_t, Letter T Wall Marking
modernmarkings:tile.wall_marking_letter_u, Letter U Wall Marking
modernmarkings:tile.wall_marking_letter_v, Letter V Wall Marking
modernmarkings:tile.wall_marking_letter_w, Letter W Wall Marking
modernmarkings:tile.wall_marking_letter_x, Letter X Wall Marking
modernmarkings:tile.wall_marking_letter_y, Letter Y Wall Marking
modernmarkings:tile.wall_marking_letter_z, Letter Z Wall Marking
OpenBlocks:ladder, Jaded Ladder
OpenBlocks:guide, Building Guide
OpenBlocks:builder_guide, Enhanced Building Guide
OpenBlocks:elevator:0, Elevator
OpenBlocks:elevator:1, Elevator
OpenBlocks:elevator:2, Elevator
OpenBlocks:elevator:3, Elevator
OpenBlocks:elevator:4, Elevator
OpenBlocks:elevator:5, Elevator
OpenBlocks:elevator:6, Elevator
OpenBlocks:elevator:7, Elevator
OpenBlocks:elevator:8, Elevator
OpenBlocks:elevator:9, Elevator
OpenBlocks:elevator:10, Elevator
OpenBlocks:elevator:11, Elevator
OpenBlocks:elevator:12, Elevator
OpenBlocks:elevator:13, Elevator
OpenBlocks:elevator:14, Elevator
OpenBlocks:elevator:15, Elevator
OpenBlocks:elevator_rotating:0, Rotating Elevator
OpenBlocks:elevator_rotating:1, Rotating Elevator
OpenBlocks:elevator_rotating:2, Rotating Elevator
OpenBlocks:elevator_rotating:3, Rotating Elevator
OpenBlocks:elevator_rotating:4, Rotating Elevator
OpenBlocks:elevator_rotating:5, Rotating Elevator
OpenBlocks:elevator_rotating:6, Rotating Elevator
OpenBlocks:elevator_rotating:7, Rotating Elevator
OpenBlocks:elevator_rotating:8, Rotating Elevator
OpenBlocks:elevator_rotating:9, Rotating Elevator
OpenBlocks:elevator_rotating:10, Rotating Elevator
OpenBlocks:elevator_rotating:11, Rotating Elevator
OpenBlocks:elevator_rotating:12, Rotating Elevator
OpenBlocks:elevator_rotating:13, Rotating Elevator
OpenBlocks:elevator_rotating:14, Rotating Elevator
OpenBlocks:elevator_rotating:15, Rotating Elevator
OpenBlocks:heal, Healer
OpenBlocks:target, Target
OpenBlocks:grave, Grave
OpenBlocks:flag, Flag
OpenBlocks:tank, Tank
OpenBlocks:trophy, Trophy
OpenBlocks:beartrap, Bear Trap
OpenBlocks:sprinkler, Sprinkler
OpenBlocks:cannon, Item Cannon
OpenBlocks:vacuumhopper, Vacuum Hopper
OpenBlocks:sponge, Sponge
OpenBlocks:bigbutton, Big Button
OpenBlocks:imaginary:0, Magic Pencil
OpenBlocks:imaginary:1, Magic Crayon
OpenBlocks:imaginary:1, Magic Crayon
OpenBlocks:imaginary:1, Magic Crayon
OpenBlocks:imaginary:1, Magic Crayon
OpenBlocks:imaginary:1, Magic Crayon
OpenBlocks:imaginary:1, Magic Crayon
OpenBlocks:imaginary:1, Magic Crayon
OpenBlocks:imaginary:1, Magic Crayon
OpenBlocks:imaginary:1, Magic Crayon
OpenBlocks:imaginary:1, Magic Crayon
OpenBlocks:imaginary:1, Magic Crayon
OpenBlocks:imaginary:1, Magic Crayon
OpenBlocks:imaginary:1, Magic Crayon
OpenBlocks:imaginary:1, Magic Crayon
OpenBlocks:imaginary:1, Magic Crayon
OpenBlocks:imaginary:1, Magic Crayon
OpenBlocks:fan, Fan
OpenBlocks:xpbottler, XP Bottler
OpenBlocks:village_highlighter, Village Highlighter
OpenBlocks:path, Path
OpenBlocks:autoanvil, Auto Anvil
OpenBlocks:autoenchantmenttable, Auto Enchantment Table
OpenBlocks:xpdrain, XP Drain
OpenBlocks:blockbreaker, Block Breaker
OpenBlocks:blockPlacer, Block Placer
OpenBlocks:itemDropper, Item Dropper
OpenBlocks:ropeladder, Rope Ladder
OpenBlocks:donationStation, Donation Station
OpenBlocks:paintmixer, Paint Mixer
OpenBlocks:canvas, Canvas
OpenBlocks:paintcan, Paint Can
OpenBlocks:canvasglass, Glass Canvas
OpenBlocks:projector, Height Map Projector
OpenBlocks:drawingtable, Drawing Table
OpenBlocks:sky:0, Sky Block
OpenBlocks:sky:1, Sky Block
OpenBlocks:xpshower, XP Shower
OpenBlocks:goldenegg, Golden Egg
OpenBlocks:scaffolding, Scaffolding
openprinter:openprinter.printer, Open Printer
openprinter:openprinter.shredder, Open Shredder
openprinter:openprinter.filecabinet, Open File Cabinet
opensecurity:magreader, Magnetic Card Reader
opensecurity:rfidreader, RFID Reader
opensecurity:rfidwriter, Card Writer
opensecurity:alarm, Alarm
opensecurity:entitydetector, Entity Detector
opensecurity:doorcontroller, Door Controller
opensecurity:SecurityDoor, Security Door
opensecurity:SecurityDoorPrivate, Security Door
opensecurity:opensecurity.DataBlock, Data Block
opensecurity:opensecurity.SwitchableHub, Switchable Hub
opensecurity:opensecurity.BlockKVM, KVM Switch
opensecurity:energyTurretBlock, Energy Turret
opensecurity:keypadLock, Keypad
opensecurity:biometricScanner, Biometric Reader
plonk:placed_items, Placed Items
RandomThings:playerinterface, Player Interface
RandomThings:creativePlayerInterface, Creative Player Interface
RandomThings:fluidDisplay, Fluid Display
RandomThings:advancedFluidDisplay, Advanced Fluid Display
RandomThings:fertilizedDirt, Fertilized Dirt
RandomThings:fertilizedDirt_tilled, Fertilized Dirt
RandomThings:itemCollector, Item Collector
RandomThings:advancedItemCollector, Advanced Item Collector
RandomThings:onlineDetector, Online Detector
RandomThings:moonSensor, Moon Phase Sensor
RandomThings:bloodMoonSensor, Bloodmoon Sensor
RandomThings:notificationInterface, Notification Interface
RandomThings:lapisLamp, Lapis Lamp
RandomThings:wirelessLever, Wireless Lever
RandomThings:dyeingMachine, Dyeing Machine
RandomThings:spectreGlass, Spectre Glass
RandomThings:energyDistributor, Energy Distributor
RandomThings:enderEnergyDistributor, Ender Energy Distributor
RandomThings:spectreBlock:0, Black Spectre Block
RandomThings:spectreBlock:1, Red Spectre Block
RandomThings:spectreBlock:2, Green Spectre Block
RandomThings:spectreBlock:3, Brown Spectre Block
RandomThings:spectreBlock:4, Blue Spectre Block
RandomThings:spectreBlock:5, Purple Spectre Block
RandomThings:spectreBlock:6, Cyan Spectre Block
RandomThings:spectreBlock:7, Light Gray Spectre Block
RandomThings:spectreBlock:8, Gray Spectre Block
RandomThings:spectreBlock:9, Pink Spectre Block
RandomThings:spectreBlock:10, Lime Spectre Block
RandomThings:spectreBlock:11, Yellow Spectre Block
RandomThings:spectreBlock:12, Light Blue Spectre Block
RandomThings:spectreBlock:13, Magenta Spectre Block
RandomThings:spectreBlock:14, Orange Spectre Block
RandomThings:spectreBlock:15, White Spectre Block
RandomThings:imbuingStation, Imbuing Station
rple:lamp.black:0, Black Lamp
rple:lamp.black:1, Black Lamp (Inverted)
rple:lamp.dark_gray:0, Dark Gray Lamp
rple:lamp.dark_gray:1, Dark Gray Lamp (Inverted)
rple:lamp.gray:0, Gray Lamp
rple:lamp.gray:1, Gray Lamp (Inverted)
rple:lamp.light_gray:0, Light Gray Lamp
rple:lamp.light_gray:1, Light Gray Lamp (Inverted)
rple:lamp.white:0, White Lamp
rple:lamp.white:1, White Lamp (Inverted)
rple:lamp.dark_red:0, Dark Red Lamp
rple:lamp.dark_red:1, Dark Red Lamp (Inverted)
rple:lamp.red:0, Red Lamp
rple:lamp.red:1, Red Lamp (Inverted)
rple:lamp.magenta:0, Magenta Lamp
rple:lamp.magenta:1, Magenta Lamp (Inverted)
rple:lamp.blue_purple:0, Bluish-Purple Lamp
rple:lamp.blue_purple:1, Bluish-Purple Lamp (Inverted)
rple:lamp.blue_gray:0, Bluish-Gray Lamp
rple:lamp.blue_gray:1, Bluish-Gray Lamp (Inverted)
rple:lamp.dark_blue:0, Dark Blue Lamp
rple:lamp.dark_blue:1, Dark Blue Lamp (Inverted)
rple:lamp.blue:0, Blue Lamp
rple:lamp.blue:1, Blue Lamp (Inverted)
rple:lamp.light_blue:0, Light Blue Lamp
rple:lamp.light_blue:1, Light Blue Lamp (Inverted)
rple:lamp.cyan:0, Cyan Lamp
rple:lamp.cyan:1, Cyan Lamp (Inverted)
rple:lamp.pale_blue:0, Pale Blue Lamp
rple:lamp.pale_blue:1, Pale Blue Lamp (Inverted)
rple:lamp.pink:0, Pink Lamp
rple:lamp.pink:1, Pink Lamp (Inverted)
rple:lamp.bright_pink:0, Bright Pink Lamp
rple:lamp.bright_pink:1, Bright Pink Lamp (Inverted)
rple:lamp.purple:0, Purple Lamp
rple:lamp.purple:1, Purple Lamp (Inverted)
rple:lamp.dark_purple:0, Dark Purple Lamp
rple:lamp.dark_purple:1, Dark Purple Lamp (Inverted)
rple:lamp.sea_green:0, Sea-Green Lamp
rple:lamp.sea_green:1, Sea-Green Lamp (Inverted)
rple:lamp.green:0, Green Lamp
rple:lamp.green:1, Green Lamp (Inverted)
rple:lamp.lime:0, Lime Lamp
rple:lamp.lime:1, Lime Lamp (Inverted)
rple:lamp.yellow:0, Yellow Lamp
rple:lamp.yellow:1, Yellow Lamp (Inverted)
rple:lamp.dark_yellow:0, Dark Yellow Lamp
rple:lamp.dark_yellow:1, Dark Yellow Lamp (Inverted)
rple:lamp.brown:0, Brown Lamp
rple:lamp.brown:1, Brown Lamp (Inverted)
rple:lamp.orange:0, Orange Lamp
rple:lamp.orange:1, Orange Lamp (Inverted)
rple:lamp.bright_orange:0, Bright Orange Lamp
rple:lamp.bright_orange:1, Bright Orange Lamp (Inverted)
rple:lamp.red_orange:0, Red-Orange Lamp
rple:lamp.red_orange:1, Red-Orange Lamp (Inverted)
rple:lamp.pale_green:0, Pale Green Lamp
rple:lamp.pale_green:1, Pale Green Lamp (Inverted)
rple:lamp.light_green:0, Light Green Lamp
rple:lamp.light_green:1, Light Green Lamp (Inverted)
rple:lamp.yellow_green:0, Yellow-Green Lamp
rple:lamp.yellow_green:1, Yellow-Green Lamp (Inverted)
rple:lamp.light_purple:0, Light Purple Lamp
rple:lamp.light_purple:1, Light Purple Lamp (Inverted)
waystones:waystone, Waystone
waystones:waystone_sandstone, Sandy Waystone
waystones:waystone_mossy, Mossy Waystone
waystones:waystone_stonebrick, Stone Brick Waystone
waystones:waystone_mossy_stonebrick, Mossy Stone Brick Waystone
waystones:waystone_nether, Nether Waystone
waystones:waystone_end, End Waystone
Ztones:auroraBlock, Aurora
Ztones:cleanDirt, Garden Soil
Ztones:lampf, Flat Lamp
Ztones:lampt, Flat Lamp (Transparent)
Ztones:lampb, Flat Lamp (Dark)
Ztones:booster, Booster
Ztones:tile.agonBlock:0, Agon ①
Ztones:tile.agonBlock:1, Agon ②
Ztones:tile.agonBlock:2, Agon ③
Ztones:tile.agonBlock:3, Agon ④
Ztones:tile.agonBlock:4, Agon ⑤
Ztones:tile.agonBlock:5, Agon ⑥
Ztones:tile.agonBlock:6, Agon ⑦
Ztones:tile.agonBlock:7, Agon ⑧
Ztones:tile.agonBlock:8, Agon ⑨
Ztones:tile.agonBlock:9, Agon ⑩
Ztones:tile.agonBlock:10, Agon ⑪
Ztones:tile.agonBlock:11, Agon ⑫
Ztones:tile.agonBlock:12, Agon ⑬
Ztones:tile.agonBlock:13, Agon ⑭
Ztones:tile.agonBlock:14, Agon ⑮
Ztones:tile.agonBlock:15, Agon ⑯
Ztones:tile.azurBlock:0, Azur ①
Ztones:tile.azurBlock:1, Azur ②
Ztones:tile.azurBlock:2, Azur ③
Ztones:tile.azurBlock:3, Azur ④
Ztones:tile.azurBlock:4, Azur ⑤
Ztones:tile.azurBlock:5, Azur ⑥
Ztones:tile.azurBlock:6, Azur ⑦
Ztones:tile.azurBlock:7, Azur ⑧
Ztones:tile.azurBlock:8, Azur ⑨
Ztones:tile.azurBlock:9, Azur ⑩
Ztones:tile.azurBlock:10, Azur ⑪
Ztones:tile.azurBlock:11, Azur ⑫
Ztones:tile.azurBlock:12, Azur ⑬
Ztones:tile.azurBlock:13, Azur ⑭
Ztones:tile.azurBlock:14, Azur ⑮
Ztones:tile.azurBlock:15, Azur ⑯
Ztones:tile.bittBlock:0, Bitt ①
Ztones:tile.bittBlock:1, Bitt ②
Ztones:tile.bittBlock:2, Bitt ③
Ztones:tile.bittBlock:3, Bitt ④
Ztones:tile.bittBlock:4, Bitt ⑤
Ztones:tile.bittBlock:5, Bitt ⑥
Ztones:tile.bittBlock:6, Bitt ⑦
Ztones:tile.bittBlock:7, Bitt ⑧
Ztones:tile.bittBlock:8, Bitt ⑨
Ztones:tile.bittBlock:9, Bitt ⑩
Ztones:tile.bittBlock:10, Bitt ⑪
Ztones:tile.bittBlock:11, Bitt ⑫
Ztones:tile.bittBlock:12, Bitt ⑬
Ztones:tile.bittBlock:13, Bitt ⑭
Ztones:tile.bittBlock:14, Bitt ⑮
Ztones:tile.bittBlock:15, Bitt ⑯
Ztones:tile.crayBlock:0, Cray ①
Ztones:tile.crayBlock:1, Cray ②
Ztones:tile.crayBlock:2, Cray ③
Ztones:tile.crayBlock:3, Cray ④
Ztones:tile.crayBlock:4, Cray ⑤
Ztones:tile.crayBlock:5, Cray ⑥
Ztones:tile.crayBlock:6, Cray ⑦
Ztones:tile.crayBlock:7, Cray ⑧
Ztones:tile.crayBlock:8, Cray ⑨
Ztones:tile.crayBlock:9, Cray ⑩
Ztones:tile.crayBlock:10, Cray ⑪
Ztones:tile.crayBlock:11, Cray ⑫
Ztones:tile.crayBlock:12, Cray ⑬
Ztones:tile.crayBlock:13, Cray ⑭
Ztones:tile.crayBlock:14, Cray ⑮
Ztones:tile.crayBlock:15, Cray ⑯
Ztones:tile.fortBlock:0, Fort ①
Ztones:tile.fortBlock:1, Fort ②
Ztones:tile.fortBlock:2, Fort ③
Ztones:tile.fortBlock:3, Fort ④
Ztones:tile.fortBlock:4, Fort ⑤
Ztones:tile.fortBlock:5, Fort ⑥
Ztones:tile.fortBlock:6, Fort ⑦
Ztones:tile.fortBlock:7, Fort ⑧
Ztones:tile.fortBlock:8, Fort ⑨
Ztones:tile.fortBlock:9, Fort ⑩
Ztones:tile.fortBlock:10, Fort ⑪
Ztones:tile.fortBlock:11, Fort ⑫
Ztones:tile.fortBlock:12, Fort ⑬
Ztones:tile.fortBlock:13, Fort ⑭
Ztones:tile.fortBlock:14, Fort ⑮
Ztones:tile.fortBlock:15, Fort ⑯
Ztones:tile.glaxx:0, Glaxx ①
Ztones:tile.glaxx:1, Glaxx ②
Ztones:tile.glaxx:2, Glaxx ③
Ztones:tile.glaxx:3, Glaxx ④
Ztones:tile.glaxx:4, Glaxx ⑤
Ztones:tile.glaxx:5, Glaxx ⑥
Ztones:tile.glaxx:6, Glaxx ⑦
Ztones:tile.glaxx:7, Glaxx ⑧
Ztones:tile.glaxx:8, Glaxx ⑨
Ztones:tile.glaxx:9, Glaxx ⑩
Ztones:tile.glaxx:10, Glaxx ⑪
Ztones:tile.glaxx:11, Glaxx ⑫
Ztones:tile.glaxx:12, Glaxx ⑬
Ztones:tile.glaxx:13, Glaxx ⑭
Ztones:tile.glaxx:14, Glaxx ⑮
Ztones:tile.glaxx:15, Glaxx ⑯
Ztones:tile.iszmBlock:0, Iszm ①
Ztones:tile.iszmBlock:1, Iszm ②
Ztones:tile.iszmBlock:2, Iszm ③
Ztones:tile.iszmBlock:3, Iszm ④
Ztones:tile.iszmBlock:4, Iszm ⑤
Ztones:tile.iszmBlock:5, Iszm ⑥
Ztones:tile.iszmBlock:6, Iszm ⑦
Ztones:tile.iszmBlock:7, Iszm ⑧
Ztones:tile.iszmBlock:8, Iszm ⑨
Ztones:tile.iszmBlock:9, Iszm ⑩
Ztones:tile.iszmBlock:10, Iszm ⑪
Ztones:tile.iszmBlock:11, Iszm ⑫
Ztones:tile.iszmBlock:12, Iszm ⑬
Ztones:tile.iszmBlock:13, Iszm ⑭
Ztones:tile.iszmBlock:14, Iszm ⑮
Ztones:tile.iszmBlock:15, Iszm ⑯
Ztones:tile.jeltBlock:0, Jelt ①
Ztones:tile.jeltBlock:1, Jelt ②
Ztones:tile.jeltBlock:2, Jelt ③
Ztones:tile.jeltBlock:3, Jelt ④
Ztones:tile.jeltBlock:4, Jelt ⑤
Ztones:tile.jeltBlock:5, Jelt ⑥
Ztones:tile.jeltBlock:6, Jelt ⑦
Ztones:tile.jeltBlock:7, Jelt ⑧
Ztones:tile.jeltBlock:8, Jelt ⑨
Ztones:tile.jeltBlock:9, Jelt ⑩
Ztones:tile.jeltBlock:10, Jelt ⑪
Ztones:tile.jeltBlock:11, Jelt ⑫
Ztones:tile.jeltBlock:12, Jelt ⑬
Ztones:tile.jeltBlock:13, Jelt ⑭
Ztones:tile.jeltBlock:14, Jelt ⑮
Ztones:tile.jeltBlock:15, Jelt ⑯
Ztones:tile.korpBlock:0, Korp ①
Ztones:tile.korpBlock:1, Korp ②
Ztones:tile.korpBlock:2, Korp ③
Ztones:tile.korpBlock:3, Korp ④
Ztones:tile.korpBlock:4, Korp ⑤
Ztones:tile.korpBlock:5, Korp ⑥
Ztones:tile.korpBlock:6, Korp ⑦
Ztones:tile.korpBlock:7, Korp ⑧
Ztones:tile.korpBlock:8, Korp ⑨
Ztones:tile.korpBlock:9, Korp ⑩
Ztones:tile.korpBlock:10, Korp ⑪
Ztones:tile.korpBlock:11, Korp ⑫
Ztones:tile.korpBlock:12, Korp ⑬
Ztones:tile.korpBlock:13, Korp ⑭
Ztones:tile.korpBlock:14, Korp ⑮
Ztones:tile.korpBlock:15, Korp ⑯
Ztones:tile.krypBlock:0, Kryp ①
Ztones:tile.krypBlock:1, Kryp ②
Ztones:tile.krypBlock:2, Kryp ③
Ztones:tile.krypBlock:3, Kryp ④
Ztones:tile.krypBlock:4, Kryp ⑤
Ztones:tile.krypBlock:5, Kryp ⑥
Ztones:tile.krypBlock:6, Kryp ⑦
Ztones:tile.krypBlock:7, Kryp ⑧
Ztones:tile.krypBlock:8, Kryp ⑨
Ztones:tile.krypBlock:9, Kryp ⑩
Ztones:tile.krypBlock:10, Kryp ⑪
Ztones:tile.krypBlock:11, Kryp ⑫
Ztones:tile.krypBlock:12, Kryp ⑬
Ztones:tile.krypBlock:13, Kryp ⑭
Ztones:tile.krypBlock:14, Kryp ⑮
Ztones:tile.krypBlock:15, Kryp ⑯
Ztones:tile.lairBlock:0, Lair ①
Ztones:tile.lairBlock:1, Lair ②
Ztones:tile.lairBlock:2, Lair ③
Ztones:tile.lairBlock:3, Lair ④
Ztones:tile.lairBlock:4, Lair ⑤
Ztones:tile.lairBlock:5, Lair ⑥
Ztones:tile.lairBlock:6, Lair ⑦
Ztones:tile.lairBlock:7, Lair ⑧
Ztones:tile.lairBlock:8, Lair ⑨
Ztones:tile.lairBlock:9, Lair ⑩
Ztones:tile.lairBlock:10, Lair ⑪
Ztones:tile.lairBlock:11, Lair ⑫
Ztones:tile.lairBlock:12, Lair ⑬
Ztones:tile.lairBlock:13, Lair ⑭
Ztones:tile.lairBlock:14, Lair ⑮
Ztones:tile.lairBlock:15, Lair ⑯
Ztones:tile.laveBlock:0, Lave ①
Ztones:tile.laveBlock:1, Lave ②
Ztones:tile.laveBlock:2, Lave ③
Ztones:tile.laveBlock:3, Lave ④
Ztones:tile.laveBlock:4, Lave ⑤
Ztones:tile.laveBlock:5, Lave ⑥
Ztones:tile.laveBlock:6, Lave ⑦
Ztones:tile.laveBlock:7, Lave ⑧
Ztones:tile.laveBlock:8, Lave ⑨
Ztones:tile.laveBlock:9, Lave ⑩
Ztones:tile.laveBlock:10, Lave ⑪
Ztones:tile.laveBlock:11, Lave ⑫
Ztones:tile.laveBlock:12, Lave ⑬
Ztones:tile.laveBlock:13, Lave ⑭
Ztones:tile.laveBlock:14, Lave ⑮
Ztones:tile.laveBlock:15, Lave ⑯
Ztones:tile.mintBlock:0, Mint ①
Ztones:tile.mintBlock:1, Mint ②
Ztones:tile.mintBlock:2, Mint ③
Ztones:tile.mintBlock:3, Mint ④
Ztones:tile.mintBlock:4, Mint ⑤
Ztones:tile.mintBlock:5, Mint ⑥
Ztones:tile.mintBlock:6, Mint ⑦
Ztones:tile.mintBlock:7, Mint ⑧
Ztones:tile.mintBlock:8, Mint ⑨
Ztones:tile.mintBlock:9, Mint ⑩
Ztones:tile.mintBlock:10, Mint ⑪
Ztones:tile.mintBlock:11, Mint ⑫
Ztones:tile.mintBlock:12, Mint ⑬
Ztones:tile.mintBlock:13, Mint ⑭
Ztones:tile.mintBlock:14, Mint ⑮
Ztones:tile.mintBlock:15, Mint ⑯
Ztones:tile.mystBlock:0, Myst ①
Ztones:tile.mystBlock:1, Myst ②
Ztones:tile.mystBlock:2, Myst ③
Ztones:tile.mystBlock:3, Myst ④
Ztones:tile.mystBlock:4, Myst ⑤
Ztones:tile.mystBlock:5, Myst ⑥
Ztones:tile.mystBlock:6, Myst ⑦
Ztones:tile.mystBlock:7, Myst ⑧
Ztones:tile.mystBlock:8, Myst ⑨
Ztones:tile.mystBlock:9, Myst ⑩
Ztones:tile.mystBlock:10, Myst ⑪
Ztones:tile.mystBlock:11, Myst ⑫
Ztones:tile.mystBlock:12, Myst ⑬
Ztones:tile.mystBlock:13, Myst ⑭
Ztones:tile.mystBlock:14, Myst ⑮
Ztones:tile.mystBlock:15, Myst ⑯
Ztones:tile.redsBlock:0, Reds ①
Ztones:tile.redsBlock:1, Reds ②
Ztones:tile.redsBlock:2, Reds ③
Ztones:tile.redsBlock:3, Reds ④
Ztones:tile.redsBlock:4, Reds ⑤
Ztones:tile.redsBlock:5, Reds ⑥
Ztones:tile.redsBlock:6, Reds ⑦
Ztones:tile.redsBlock:7, Reds ⑧
Ztones:tile.redsBlock:8, Reds ⑨
Ztones:tile.redsBlock:9, Reds ⑩
Ztones:tile.redsBlock:10, Reds ⑪
Ztones:tile.redsBlock:11, Reds ⑫
Ztones:tile.redsBlock:12, Reds ⑬
Ztones:tile.redsBlock:13, Reds ⑭
Ztones:tile.redsBlock:14, Reds ⑮
Ztones:tile.redsBlock:15, Reds ⑯
Ztones:tile.reedBlock:0, Reed ①
Ztones:tile.reedBlock:1, Reed ②
Ztones:tile.reedBlock:2, Reed ③
Ztones:tile.reedBlock:3, Reed ④
Ztones:tile.reedBlock:4, Reed ⑤
Ztones:tile.reedBlock:5, Reed ⑥
Ztones:tile.reedBlock:6, Reed ⑦
Ztones:tile.reedBlock:7, Reed ⑧
Ztones:tile.reedBlock:8, Reed ⑨
Ztones:tile.reedBlock:9, Reed ⑩
Ztones:tile.reedBlock:10, Reed ⑪
Ztones:tile.reedBlock:11, Reed ⑫
Ztones:tile.reedBlock:12, Reed ⑬
Ztones:tile.reedBlock:13, Reed ⑭
Ztones:tile.reedBlock:14, Reed ⑮
Ztones:tile.reedBlock:15, Reed ⑯
Ztones:tile.roenBlock:0, Roen ①
Ztones:tile.roenBlock:1, Roen ②
Ztones:tile.roenBlock:2, Roen ③
Ztones:tile.roenBlock:3, Roen ④
Ztones:tile.roenBlock:4, Roen ⑤
Ztones:tile.roenBlock:5, Roen ⑥
Ztones:tile.roenBlock:6, Roen ⑦
Ztones:tile.roenBlock:7, Roen ⑧
Ztones:tile.roenBlock:8, Roen ⑨
Ztones:tile.roenBlock:9, Roen ⑩
Ztones:tile.roenBlock:10, Roen ⑪
Ztones:tile.roenBlock:11, Roen ⑫
Ztones:tile.roenBlock:12, Roen ⑬
Ztones:tile.roenBlock:13, Roen ⑭
Ztones:tile.roenBlock:14, Roen ⑮
Ztones:tile.roenBlock:15, Roen ⑯
Ztones:tile.solsBlock:0, Sols ①
Ztones:tile.solsBlock:1, Sols ②
Ztones:tile.solsBlock:2, Sols ③
Ztones:tile.solsBlock:3, Sols ④
Ztones:tile.solsBlock:4, Sols ⑤
Ztones:tile.solsBlock:5, Sols ⑥
Ztones:tile.solsBlock:6, Sols ⑦
Ztones:tile.solsBlock:7, Sols ⑧
Ztones:tile.solsBlock:8, Sols ⑨
Ztones:tile.solsBlock:9, Sols ⑩
Ztones:tile.solsBlock:10, Sols ⑪
Ztones:tile.solsBlock:11, Sols ⑫
Ztones:tile.solsBlock:12, Sols ⑬
Ztones:tile.solsBlock:13, Sols ⑭
Ztones:tile.solsBlock:14, Sols ⑮
Ztones:tile.solsBlock:15, Sols ⑯
Ztones:tile.syncBlock:0, Sync ①
Ztones:tile.syncBlock:1, Sync ②
Ztones:tile.syncBlock:2, Sync ③
Ztones:tile.syncBlock:3, Sync ④
Ztones:tile.syncBlock:4, Sync ⑤
Ztones:tile.syncBlock:5, Sync ⑥
Ztones:tile.syncBlock:6, Sync ⑦
Ztones:tile.syncBlock:7, Sync ⑧
Ztones:tile.syncBlock:8, Sync ⑨
Ztones:tile.syncBlock:9, Sync ⑩
Ztones:tile.syncBlock:10, Sync ⑪
Ztones:tile.syncBlock:11, Sync ⑫
Ztones:tile.syncBlock:12, Sync ⑬
Ztones:tile.syncBlock:13, Sync ⑭
Ztones:tile.syncBlock:14, Sync ⑮
Ztones:tile.syncBlock:15, Sync ⑯
Ztones:tile.tankBlock:0, Tank ①
Ztones:tile.tankBlock:1, Tank ②
Ztones:tile.tankBlock:2, Tank ③
Ztones:tile.tankBlock:3, Tank ④
Ztones:tile.tankBlock:4, Tank ⑤
Ztones:tile.tankBlock:5, Tank ⑥
Ztones:tile.tankBlock:6, Tank ⑦
Ztones:tile.tankBlock:7, Tank ⑧
Ztones:tile.tankBlock:8, Tank ⑨
Ztones:tile.tankBlock:9, Tank ⑩
Ztones:tile.tankBlock:10, Tank ⑪
Ztones:tile.tankBlock:11, Tank ⑫
Ztones:tile.tankBlock:12, Tank ⑬
Ztones:tile.tankBlock:13, Tank ⑭
Ztones:tile.tankBlock:14, Tank ⑮
Ztones:tile.tankBlock:15, Tank ⑯
Ztones:tile.testBlock:0, Test ①
Ztones:tile.testBlock:1, Test ②
Ztones:tile.testBlock:2, Test ③
Ztones:tile.testBlock:3, Test ④
Ztones:tile.testBlock:4, Test ⑤
Ztones:tile.testBlock:5, Test ⑥
Ztones:tile.testBlock:6, Test ⑦
Ztones:tile.testBlock:7, Test ⑧
Ztones:tile.testBlock:8, Test ⑨
Ztones:tile.testBlock:9, Test ⑩
Ztones:tile.testBlock:10, Test ⑪
Ztones:tile.testBlock:11, Test ⑫
Ztones:tile.testBlock:12, Test ⑬
Ztones:tile.testBlock:13, Test ⑭
Ztones:tile.testBlock:14, Test ⑮
Ztones:tile.testBlock:15, Test ⑯
Ztones:stoneTile:0, Tile ①
Ztones:stoneTile:1, Tile ②
Ztones:stoneTile:2, Tile ③
Ztones:stoneTile:3, Tile ④
Ztones:stoneTile:4, Tile ⑤
Ztones:stoneTile:5, Tile ⑥
Ztones:stoneTile:6, Tile ⑦
Ztones:stoneTile:7, Tile ⑧
Ztones:stoneTile:8, Tile ⑨
Ztones:stoneTile:9, Tile ⑩
Ztones:stoneTile:10, Tile ⑪
Ztones:stoneTile:11, Tile ⑫
Ztones:stoneTile:12, Tile ⑬
Ztones:stoneTile:13, Tile ⑭
Ztones:stoneTile:14, Tile ⑮
Ztones:stoneTile:15, Tile ⑯
Ztones:tile.vectBlock:0, Vect ①
Ztones:tile.vectBlock:1, Vect ②
Ztones:tile.vectBlock:2, Vect ③
Ztones:tile.vectBlock:3, Vect ④
Ztones:tile.vectBlock:4, Vect ⑤
Ztones:tile.vectBlock:5, Vect ⑥
Ztones:tile.vectBlock:6, Vect ⑦
Ztones:tile.vectBlock:7, Vect ⑧
Ztones:tile.vectBlock:8, Vect ⑨
Ztones:tile.vectBlock:9, Vect ⑩
Ztones:tile.vectBlock:10, Vect ⑪
Ztones:tile.vectBlock:11, Vect ⑫
Ztones:tile.vectBlock:12, Vect ⑬
Ztones:tile.vectBlock:13, Vect ⑭
Ztones:tile.vectBlock:14, Vect ⑮
Ztones:tile.vectBlock:15, Vect ⑯
Ztones:tile.venaBlock:0, Vena ①
Ztones:tile.venaBlock:1, Vena ②
Ztones:tile.venaBlock:2, Vena ③
Ztones:tile.venaBlock:3, Vena ④
Ztones:tile.venaBlock:4, Vena ⑤
Ztones:tile.venaBlock:5, Vena ⑥
Ztones:tile.venaBlock:6, Vena ⑦
Ztones:tile.venaBlock:7, Vena ⑧
Ztones:tile.venaBlock:8, Vena ⑨
Ztones:tile.venaBlock:9, Vena ⑩
Ztones:tile.venaBlock:10, Vena ⑪
Ztones:tile.venaBlock:11, Vena ⑫
Ztones:tile.venaBlock:12, Vena ⑬
Ztones:tile.venaBlock:13, Vena ⑭
Ztones:tile.venaBlock:14, Vena ⑮
Ztones:tile.venaBlock:15, Vena ⑯
Ztones:tile.zaneBlock:0, Zane ①
Ztones:tile.zaneBlock:1, Zane ②
Ztones:tile.zaneBlock:2, Zane ③
Ztones:tile.zaneBlock:3, Zane ④
Ztones:tile.zaneBlock:4, Zane ⑤
Ztones:tile.zaneBlock:5, Zane ⑥
Ztones:tile.zaneBlock:6, Zane ⑦
Ztones:tile.zaneBlock:7, Zane ⑧
Ztones:tile.zaneBlock:8, Zane ⑨
Ztones:tile.zaneBlock:9, Zane ⑩
Ztones:tile.zaneBlock:10, Zane ⑪
Ztones:tile.zaneBlock:11, Zane ⑫
Ztones:tile.zaneBlock:12, Zane ⑬
Ztones:tile.zaneBlock:13, Zane ⑭
Ztones:tile.zaneBlock:14, Zane ⑮
Ztones:tile.zaneBlock:15, Zane ⑯
Ztones:tile.zechBlock:0, Zech ①
Ztones:tile.zechBlock:1, Zech ②
Ztones:tile.zechBlock:2, Zech ③
Ztones:tile.zechBlock:3, Zech ④
Ztones:tile.zechBlock:4, Zech ⑤
Ztones:tile.zechBlock:5, Zech ⑥
Ztones:tile.zechBlock:6, Zech ⑦
Ztones:tile.zechBlock:7, Zech ⑧
Ztones:tile.zechBlock:8, Zech ⑨
Ztones:tile.zechBlock:9, Zech ⑩
Ztones:tile.zechBlock:10, Zech ⑪
Ztones:tile.zechBlock:11, Zech ⑫
Ztones:tile.zechBlock:12, Zech ⑬
Ztones:tile.zechBlock:13, Zech ⑭
Ztones:tile.zechBlock:14, Zech ⑮
Ztones:tile.zechBlock:15, Zech ⑯
Ztones:tile.zestBlock:0, Zest ①
Ztones:tile.zestBlock:1, Zest ②
Ztones:tile.zestBlock:2, Zest ③
Ztones:tile.zestBlock:3, Zest ④
Ztones:tile.zestBlock:4, Zest ⑤
Ztones:tile.zestBlock:5, Zest ⑥
Ztones:tile.zestBlock:6, Zest ⑦
Ztones:tile.zestBlock:7, Zest ⑧
Ztones:tile.zestBlock:8, Zest ⑨
Ztones:tile.zestBlock:9, Zest ⑩
Ztones:tile.zestBlock:10, Zest ⑪
Ztones:tile.zestBlock:11, Zest ⑫
Ztones:tile.zestBlock:12, Zest ⑬
Ztones:tile.zestBlock:13, Zest ⑭
Ztones:tile.zestBlock:14, Zest ⑮
Ztones:tile.zestBlock:15, Zest ⑯
Ztones:tile.zetaBlock:0, Zeta ①
Ztones:tile.zetaBlock:1, Zeta ②
Ztones:tile.zetaBlock:2, Zeta ③
Ztones:tile.zetaBlock:3, Zeta ④
Ztones:tile.zetaBlock:4, Zeta ⑤
Ztones:tile.zetaBlock:5, Zeta ⑥
Ztones:tile.zetaBlock:6, Zeta ⑦
Ztones:tile.zetaBlock:7, Zeta ⑧
Ztones:tile.zetaBlock:8, Zeta ⑨
Ztones:tile.zetaBlock:9, Zeta ⑩
Ztones:tile.zetaBlock:10, Zeta ⑪
Ztones:tile.zetaBlock:11, Zeta ⑫
Ztones:tile.zetaBlock:12, Zeta ⑬
Ztones:tile.zetaBlock:13, Zeta ⑭
Ztones:tile.zetaBlock:14, Zeta ⑮
Ztones:tile.zetaBlock:15, Zeta ⑯
Ztones:tile.zionBlock:0, Zion ①
Ztones:tile.zionBlock:1, Zion ②
Ztones:tile.zionBlock:2, Zion ③
Ztones:tile.zionBlock:3, Zion ④
Ztones:tile.zionBlock:4, Zion ⑤
Ztones:tile.zionBlock:5, Zion ⑥
Ztones:tile.zionBlock:6, Zion ⑦
Ztones:tile.zionBlock:7, Zion ⑧
Ztones:tile.zionBlock:8, Zion ⑨
Ztones:tile.zionBlock:9, Zion ⑩
Ztones:tile.zionBlock:10, Zion ⑪
Ztones:tile.zionBlock:11, Zion ⑫
Ztones:tile.zionBlock:12, Zion ⑬
Ztones:tile.zionBlock:13, Zion ⑭
Ztones:tile.zionBlock:14, Zion ⑮
Ztones:tile.zionBlock:15, Zion ⑯
Ztones:tile.zkulBlock:0, Zkul ①
Ztones:tile.zkulBlock:1, Zkul ②
Ztones:tile.zkulBlock:2, Zkul ③
Ztones:tile.zkulBlock:3, Zkul ④
Ztones:tile.zkulBlock:4, Zkul ⑤
Ztones:tile.zkulBlock:5, Zkul ⑥
Ztones:tile.zkulBlock:6, Zkul ⑦
Ztones:tile.zkulBlock:7, Zkul ⑧
Ztones:tile.zkulBlock:8, Zkul ⑨
Ztones:tile.zkulBlock:9, Zkul ⑩
Ztones:tile.zkulBlock:10, Zkul ⑪
Ztones:tile.zkulBlock:11, Zkul ⑫
Ztones:tile.zkulBlock:12, Zkul ⑬
Ztones:tile.zkulBlock:13, Zkul ⑭
Ztones:tile.zkulBlock:14, Zkul ⑮
Ztones:tile.zkulBlock:15, Zkul ⑯
Ztones:tile.zoeaBlock:0, Zoea ①
Ztones:tile.zoeaBlock:1, Zoea ②
Ztones:tile.zoeaBlock:2, Zoea ③
Ztones:tile.zoeaBlock:3, Zoea ④
Ztones:tile.zoeaBlock:4, Zoea ⑤
Ztones:tile.zoeaBlock:5, Zoea ⑥
Ztones:tile.zoeaBlock:6, Zoea ⑦
Ztones:tile.zoeaBlock:7, Zoea ⑧
Ztones:tile.zoeaBlock:8, Zoea ⑨
Ztones:tile.zoeaBlock:9, Zoea ⑩
Ztones:tile.zoeaBlock:10, Zoea ⑪
Ztones:tile.zoeaBlock:11, Zoea ⑫
Ztones:tile.zoeaBlock:12, Zoea ⑬
Ztones:tile.zoeaBlock:13, Zoea ⑭
Ztones:tile.zoeaBlock:14, Zoea ⑮
Ztones:tile.zoeaBlock:15, Zoea ⑯
Ztones:tile.zomeBlock:0, Zome ①
Ztones:tile.zomeBlock:1, Zome ②
Ztones:tile.zomeBlock:2, Zome ③
Ztones:tile.zomeBlock:3, Zome ④
Ztones:tile.zomeBlock:4, Zome ⑤
Ztones:tile.zomeBlock:5, Zome ⑥
Ztones:tile.zomeBlock:6, Zome ⑦
Ztones:tile.zomeBlock:7, Zome ⑧
Ztones:tile.zomeBlock:8, Zome ⑨
Ztones:tile.zomeBlock:9, Zome ⑩
Ztones:tile.zomeBlock:10, Zome ⑪
Ztones:tile.zomeBlock:11, Zome ⑫
Ztones:tile.zomeBlock:12, Zome ⑬
Ztones:tile.zomeBlock:13, Zome ⑭
Ztones:tile.zomeBlock:14, Zome ⑮
Ztones:tile.zomeBlock:15, Zome ⑯
Ztones:tile.zoneBlock:0, Zone ①
Ztones:tile.zoneBlock:1, Zone ②
Ztones:tile.zoneBlock:2, Zone ③
Ztones:tile.zoneBlock:3, Zone ④
Ztones:tile.zoneBlock:4, Zone ⑤
Ztones:tile.zoneBlock:5, Zone ⑥
Ztones:tile.zoneBlock:6, Zone ⑦
Ztones:tile.zoneBlock:7, Zone ⑧
Ztones:tile.zoneBlock:8, Zone ⑨
Ztones:tile.zoneBlock:9, Zone ⑩
Ztones:tile.zoneBlock:10, Zone ⑪
Ztones:tile.zoneBlock:11, Zone ⑫
Ztones:tile.zoneBlock:12, Zone ⑬
Ztones:tile.zoneBlock:13, Zone ⑭
Ztones:tile.zoneBlock:14, Zone ⑮
Ztones:tile.zoneBlock:15, Zone ⑯
Ztones:tile.zorgBlock:0, Zorg ①
Ztones:tile.zorgBlock:1, Zorg ②
Ztones:tile.zorgBlock:2, Zorg ③
Ztones:tile.zorgBlock:3, Zorg ④
Ztones:tile.zorgBlock:4, Zorg ⑤
Ztones:tile.zorgBlock:5, Zorg ⑥
Ztones:tile.zorgBlock:6, Zorg ⑦
Ztones:tile.zorgBlock:7, Zorg ⑧
Ztones:tile.zorgBlock:8, Zorg ⑨
Ztones:tile.zorgBlock:9, Zorg ⑩
Ztones:tile.zorgBlock:10, Zorg ⑪
Ztones:tile.zorgBlock:11, Zorg ⑫
Ztones:tile.zorgBlock:12, Zorg ⑬
Ztones:tile.zorgBlock:13, Zorg ⑭
Ztones:tile.zorgBlock:14, Zorg ⑮
Ztones:tile.zorgBlock:15, Zorg ⑯
Ztones:tile.ztylBlock:0, Ztyl ①
Ztones:tile.ztylBlock:1, Ztyl ②
Ztones:tile.ztylBlock:2, Ztyl ③
Ztones:tile.ztylBlock:3, Ztyl ④
Ztones:tile.ztylBlock:4, Ztyl ⑤
Ztones:tile.ztylBlock:5, Ztyl ⑥
Ztones:tile.ztylBlock:6, Ztyl ⑦
Ztones:tile.ztylBlock:7, Ztyl ⑧
Ztones:tile.ztylBlock:8, Ztyl ⑨
Ztones:tile.ztylBlock:9, Ztyl ⑩
Ztones:tile.ztylBlock:10, Ztyl ⑪
Ztones:tile.ztylBlock:11, Ztyl ⑫
Ztones:tile.ztylBlock:12, Ztyl ⑬
Ztones:tile.ztylBlock:13, Ztyl ⑭
Ztones:tile.ztylBlock:14, Ztyl ⑮
Ztones:tile.ztylBlock:15, Ztyl ⑯
Ztones:tile.zythBlock:0, Zyth ①
Ztones:tile.zythBlock:1, Zyth ②
Ztones:tile.zythBlock:2, Zyth ③
Ztones:tile.zythBlock:3, Zyth ④
Ztones:tile.zythBlock:4, Zyth ⑤
Ztones:tile.zythBlock:5, Zyth ⑥
Ztones:tile.zythBlock:6, Zyth ⑦
Ztones:tile.zythBlock:7, Zyth ⑧
Ztones:tile.zythBlock:8, Zyth ⑨
Ztones:tile.zythBlock:9, Zyth ⑩
Ztones:tile.zythBlock:10, Zyth ⑪
Ztones:tile.zythBlock:11, Zyth ⑫
Ztones:tile.zythBlock:12, Zyth ⑬
Ztones:tile.zythBlock:13, Zyth ⑭
Ztones:tile.zythBlock:14, Zyth ⑮
Ztones:tile.zythBlock:15, Zyth ⑯
adventurebackpack:machete, Machete
adventurebackpack:clockworkCrossbow, Clockwork Crossbow
adventurebackpack:adventureHat, Adventurer's Fedora
adventurebackpack:adventureSuit, Adventurer's Suit
adventurebackpack:adventurePants, Adventurer's Pants
adventurebackpack:pistonBoots, Piston Boots
adventurebackpack:copterPack, Copter Pack
adventurebackpack:coalJetpack, Coal Jetpack
adventurebackpack:adventureBackpack, Adventure Backpack
adventurebackpack:backpackComponent:1, Sleeping Bag
adventurebackpack:backpackComponent:2, Backpack Tank
adventurebackpack:backpackComponent:3, Hose Nozzle
adventurebackpack:backpackComponent:4, Machete Handle
adventurebackpack:backpackComponent:5, Two-Cylinder Diesel Engine
adventurebackpack:backpackComponent:6, Copter Blades
adventurebackpack:backpackComponent:7, Inflatable Boat
adventurebackpack:backpackComponent:8, Inflatable Boat (Motorized)
adventurebackpack:backpackComponent:9, Hydro Blades
adventurebackpack:backpackHose, Backpack Hose
adventurebackpack:melonJuiceBottle, Melon Juice Bottle
appliedenergistics2:item.ToolCertusQuartzAxe, Certus Quartz Axe
appliedenergistics2:item.ToolCertusQuartzHoe, Certus Quartz Hoe
appliedenergistics2:item.ToolCertusQuartzSpade, Certus Quartz Shovel
appliedenergistics2:item.ToolCertusQuartzPickaxe, Certus Quartz Pickaxe
appliedenergistics2:item.ToolCertusQuartzSword, Certus Quartz Sword
appliedenergistics2:item.ToolCertusQuartzWrench, Certus Quartz Wrench
appliedenergistics2:item.ToolCertusQuartzCuttingKnife, Certus Quartz Cutting Knife
appliedenergistics2:item.ToolNetherQuartzAxe, Nether Quartz Axe
appliedenergistics2:item.ToolNetherQuartzHoe, Nether Quartz Hoe
appliedenergistics2:item.ToolNetherQuartzSpade, Nether Quartz Shovel
appliedenergistics2:item.ToolNetherQuartzPickaxe, Nether Quartz Pickaxe
appliedenergistics2:item.ToolNetherQuartzSword, Nether Quartz Sword
appliedenergistics2:item.ToolNetherQuartzWrench, Nether Quartz Wrench
appliedenergistics2:item.ToolNetherQuartzCuttingKnife, Nether Quartz Cutting Knife
appliedenergistics2:item.ToolEntropyManipulator, Entropy Manipulator
appliedenergistics2:item.ToolWirelessTerminal, Wireless Terminal
appliedenergistics2:item.ToolBiometricCard, Biometric Card
appliedenergistics2:item.ToolChargedStaff, Charged Staff
appliedenergistics2:item.ToolMassCannon, Matter Cannon
appliedenergistics2:item.ToolMemoryCard, Memory Card
appliedenergistics2:item.ToolNetworkTool, Network Tool
appliedenergistics2:item.ToolAdvancedNetworkTool, Advanced Network Tool
appliedenergistics2:item.ToolPriorityCard, Priority Card
appliedenergistics2:item.ToolPortableCell, Portable Cell
appliedenergistics2:item.ItemCreativeStorageCell, Creative ME Storage Cell
appliedenergistics2:item.ItemVoidStorageCell, Void ME Storage Cell
appliedenergistics2:item.ItemViewCell, View Cell
appliedenergistics2:item.ItemBasicStorageCell.1k, §61k§r ME Storage Cell
appliedenergistics2:item.ItemBasicStorageCell.4k, §e4k§r ME Storage Cell
appliedenergistics2:item.ItemBasicStorageCell.16k, §a16k§r ME Storage Cell
appliedenergistics2:item.ItemBasicStorageCell.64k, §b64k§r ME Storage Cell
appliedenergistics2:item.ItemAdvancedStorageCell.256k, §9256k§r ME Storage Cell
appliedenergistics2:item.ItemAdvancedStorageCell.1024k, §d1024k§r ME Storage Cell
appliedenergistics2:item.ItemAdvancedStorageCell.4096k, §c4096k§r ME Storage Cell
appliedenergistics2:item.ItemAdvancedStorageCell.16384k, §516384k§r ME Storage Cell
appliedenergistics2:item.ItemExtremeStorageCell.Container, Block Container ME Storage Cell
appliedenergistics2:item.ItemExtremeStorageCell.Quantum, Quantum ME Storage Cell
appliedenergistics2:item.ItemExtremeStorageCell.Singularity, Digital Singularity ME Storage Cell
appliedenergistics2:item.ItemExtremeStorageCell.Universe, Artificial Universe ME Storage Cell
appliedenergistics2:item.ItemSpatialStorageCell.2Cubed, 2³ Spatial Storage Cell
appliedenergistics2:item.ItemSpatialStorageCell.16Cubed, 16³ Spatial Storage Cell
appliedenergistics2:item.ItemSpatialStorageCell.128Cubed, 128³ Spatial Storage Cell
appliedenergistics2:item.ItemFacade:0, Cable Facade - Stone
appliedenergistics2:item.ItemFacade:0, Cable Facade - Dirt
appliedenergistics2:item.ItemFacade:0, Cable Facade - Podzol
appliedenergistics2:item.ItemFacade:0, Cable Facade - Cobblestone
appliedenergistics2:item.ItemFacade:0, Cable Facade - Oak Wood Planks
appliedenergistics2:item.ItemFacade:0, Cable Facade - Spruce Wood Planks
appliedenergistics2:item.ItemFacade:0, Cable Facade - Birch Wood Planks
appliedenergistics2:item.ItemFacade:0, Cable Facade - Jungle Wood Planks
appliedenergistics2:item.ItemFacade:0, Cable Facade - Acacia Wood Planks
appliedenergistics2:item.ItemFacade:0, Cable Facade - Dark Oak Wood Planks
appliedenergistics2:item.ItemFacade:0, Cable Facade - Bedrock
appliedenergistics2:item.ItemFacade:0, Cable Facade - Sand
appliedenergistics2:item.ItemFacade:0, Cable Facade - Red Sand
appliedenergistics2:item.ItemFacade:0, Cable Facade - Gravel
appliedenergistics2:item.ItemFacade:0, Cable Facade - Gold Ore
appliedenergistics2:item.ItemFacade:0, Cable Facade - Iron Ore
appliedenergistics2:item.ItemFacade:0, Cable Facade - Coal Ore
appliedenergistics2:item.ItemFacade:0, Cable Facade - Oak Wood
appliedenergistics2:item.ItemFacade:0, Cable Facade - Spruce Wood
appliedenergistics2:item.ItemFacade:0, Cable Facade - Birch Wood
appliedenergistics2:item.ItemFacade:0, Cable Facade - Jungle Wood
appliedenergistics2:item.ItemFacade:0, Cable Facade - Sponge
appliedenergistics2:item.ItemFacade:0, Cable Facade - Glass
appliedenergistics2:item.ItemFacade:0, Cable Facade - Lapis Lazuli Ore
appliedenergistics2:item.ItemFacade:0, Cable Facade - Lapis Lazuli Block
appliedenergistics2:item.ItemFacade:0, Cable Facade - Sandstone
appliedenergistics2:item.ItemFacade:0, Cable Facade - Chiseled Sandstone
appliedenergistics2:item.ItemFacade:0, Cable Facade - Smooth Sandstone
appliedenergistics2:item.ItemFacade:0, Cable Facade - Wool
appliedenergistics2:item.ItemFacade:0, Cable Facade - Orange Wool
appliedenergistics2:item.ItemFacade:0, Cable Facade - Magenta Wool
appliedenergistics2:item.ItemFacade:0, Cable Facade - Light Blue Wool
appliedenergistics2:item.ItemFacade:0, Cable Facade - Yellow Wool
appliedenergistics2:item.ItemFacade:0, Cable Facade - Lime Wool
appliedenergistics2:item.ItemFacade:0, Cable Facade - Pink Wool
appliedenergistics2:item.ItemFacade:0, Cable Facade - Gray Wool
appliedenergistics2:item.ItemFacade:0, Cable Facade - Light Gray Wool
appliedenergistics2:item.ItemFacade:0, Cable Facade - Cyan Wool
appliedenergistics2:item.ItemFacade:0, Cable Facade - Purple Wool
appliedenergistics2:item.ItemFacade:0, Cable Facade - Blue Wool
appliedenergistics2:item.ItemFacade:0, Cable Facade - Brown Wool
appliedenergistics2:item.ItemFacade:0, Cable Facade - Green Wool
appliedenergistics2:item.ItemFacade:0, Cable Facade - Red Wool
appliedenergistics2:item.ItemFacade:0, Cable Facade - Black Wool
appliedenergistics2:item.ItemFacade:0, Cable Facade - Block of Gold
appliedenergistics2:item.ItemFacade:0, Cable Facade - Block of Iron
appliedenergistics2:item.ItemFacade:0, Cable Facade - Bricks
appliedenergistics2:item.ItemFacade:0, Cable Facade - TNT
appliedenergistics2:item.ItemFacade:0, Cable Facade - Bookshelf
appliedenergistics2:item.ItemFacade:0, Cable Facade - Moss Stone
appliedenergistics2:item.ItemFacade:0, Cable Facade - Obsidian
appliedenergistics2:item.ItemFacade:0, Cable Facade - Diamond Ore
appliedenergistics2:item.ItemFacade:0, Cable Facade - Block of Diamond
appliedenergistics2:item.ItemFacade:0, Cable Facade - Crafting Table
appliedenergistics2:item.ItemFacade:0, Cable Facade - Redstone Ore
appliedenergistics2:item.ItemFacade:0, Cable Facade - Clay
appliedenergistics2:item.ItemFacade:0, Cable Facade - Netherrack
appliedenergistics2:item.ItemFacade:0, Cable Facade - Soul Sand
appliedenergistics2:item.ItemFacade:0, Cable Facade - Glowstone
appliedenergistics2:item.ItemFacade:0, Cable Facade - White Stained Glass
appliedenergistics2:item.ItemFacade:0, Cable Facade - Orange Stained Glass
appliedenergistics2:item.ItemFacade:0, Cable Facade - Magenta Stained Glass
appliedenergistics2:item.ItemFacade:0, Cable Facade - Light Blue Stained Glass
appliedenergistics2:item.ItemFacade:0, Cable Facade - Yellow Stained Glass
appliedenergistics2:item.ItemFacade:0, Cable Facade - Lime Stained Glass
appliedenergistics2:item.ItemFacade:0, Cable Facade - Pink Stained Glass
appliedenergistics2:item.ItemFacade:0, Cable Facade - Gray Stained Glass
appliedenergistics2:item.ItemFacade:0, Cable Facade - Light Gray Stained Glass
appliedenergistics2:item.ItemFacade:0, Cable Facade - Cyan Stained Glass
appliedenergistics2:item.ItemFacade:0, Cable Facade - Purple Stained Glass
appliedenergistics2:item.ItemFacade:0, Cable Facade - Blue Stained Glass
appliedenergistics2:item.ItemFacade:0, Cable Facade - Brown Stained Glass
appliedenergistics2:item.ItemFacade:0, Cable Facade - Green Stained Glass
appliedenergistics2:item.ItemFacade:0, Cable Facade - Red Stained Glass
appliedenergistics2:item.ItemFacade:0, Cable Facade - Black Stained Glass
appliedenergistics2:item.ItemFacade:0, Cable Facade - Stone Monster Egg
appliedenergistics2:item.ItemFacade:0, Cable Facade - Cobblestone Monster Egg
appliedenergistics2:item.ItemFacade:0, Cable Facade - Stone Brick Monster Egg
appliedenergistics2:item.ItemFacade:0, Cable Facade - Mossy Stone Brick Monster Egg
appliedenergistics2:item.ItemFacade:0, Cable Facade - Cracked Stone Brick Monster Egg
appliedenergistics2:item.ItemFacade:0, Cable Facade - Chiseled Stone Brick Monster Egg
appliedenergistics2:item.ItemFacade:0, Cable Facade - Stone Bricks
appliedenergistics2:item.ItemFacade:0, Cable Facade - Mossy Stone Bricks
appliedenergistics2:item.ItemFacade:0, Cable Facade - Cracked Stone Bricks
appliedenergistics2:item.ItemFacade:0, Cable Facade - Chiseled Stone Bricks
appliedenergistics2:item.ItemFacade:0, Cable Facade - Mushroom
appliedenergistics2:item.ItemFacade:0, Cable Facade - Mushroom
appliedenergistics2:item.ItemFacade:0, Cable Facade - Melon
appliedenergistics2:item.ItemFacade:0, Cable Facade - Nether Brick
appliedenergistics2:item.ItemFacade:0, Cable Facade - End Stone
appliedenergistics2:item.ItemFacade:0, Cable Facade - Redstone Lamp
appliedenergistics2:item.ItemFacade:0, Cable Facade - Emerald Ore
appliedenergistics2:item.ItemFacade:0, Cable Facade - Block of Emerald
appliedenergistics2:item.ItemFacade:0, Cable Facade - Block of Redstone
appliedenergistics2:item.ItemFacade:0, Cable Facade - Nether Quartz Ore
appliedenergistics2:item.ItemFacade:0, Cable Facade - Block of Quartz
appliedenergistics2:item.ItemFacade:0, Cable Facade - Chiseled Quartz Block
appliedenergistics2:item.ItemFacade:0, Cable Facade - Pillar Quartz Block
appliedenergistics2:item.ItemFacade:0, Cable Facade - White Stained Clay
appliedenergistics2:item.ItemFacade:0, Cable Facade - Orange Stained Clay
appliedenergistics2:item.ItemFacade:0, Cable Facade - Magenta Stained Clay
appliedenergistics2:item.ItemFacade:0, Cable Facade - Light Blue Stained Clay
appliedenergistics2:item.ItemFacade:0, Cable Facade - Yellow Stained Clay
appliedenergistics2:item.ItemFacade:0, Cable Facade - Lime Stained Clay
appliedenergistics2:item.ItemFacade:0, Cable Facade - Pink Stained Clay
appliedenergistics2:item.ItemFacade:0, Cable Facade - Gray Stained Clay
appliedenergistics2:item.ItemFacade:0, Cable Facade - Light Gray Stained Clay
appliedenergistics2:item.ItemFacade:0, Cable Facade - Cyan Stained Clay
appliedenergistics2:item.ItemFacade:0, Cable Facade - Purple Stained Clay
appliedenergistics2:item.ItemFacade:0, Cable Facade - Blue Stained Clay
appliedenergistics2:item.ItemFacade:0, Cable Facade - Brown Stained Clay
appliedenergistics2:item.ItemFacade:0, Cable Facade - Green Stained Clay
appliedenergistics2:item.ItemFacade:0, Cable Facade - Red Stained Clay
appliedenergistics2:item.ItemFacade:0, Cable Facade - Black Stained Clay
appliedenergistics2:item.ItemFacade:0, Cable Facade - Acacia Wood
appliedenergistics2:item.ItemFacade:0, Cable Facade - Dark Oak Wood
appliedenergistics2:item.ItemFacade:0, Cable Facade - Hay Bale
appliedenergistics2:item.ItemFacade:0, Cable Facade - Hardened Clay
appliedenergistics2:item.ItemFacade:0, Cable Facade - Block of Coal
appliedenergistics2:item.ItemFacade:0, Cable Facade - Packed Ice
appliedenergistics2:item.ItemFacade:0, Cable Facade - Certus Quartz Block
appliedenergistics2:item.ItemFacade:0, Cable Facade - Certus Quartz Pillar
appliedenergistics2:item.ItemFacade:0, Cable Facade - Chiseled Certus Quartz Block
appliedenergistics2:item.ItemFacade:0, Cable Facade - Fluix Block
appliedenergistics2:item.ItemFacade:0, Cable Facade - Sky Stone
appliedenergistics2:item.ItemFacade:0, Cable Facade - Sky Stone Block
appliedenergistics2:item.ItemFacade:0, Cable Facade - Sky Stone Brick
appliedenergistics2:item.ItemFacade:0, Cable Facade - Sky Stone Small Brick
appliedenergistics2:item.ItemFacade:0, Cable Facade - Sky Stone Slab
appliedenergistics2:item.ItemFacade:0, Cable Facade - Sky Stone Block Slab
appliedenergistics2:item.ItemFacade:0, Cable Facade - Sky Stone Brick Slab
appliedenergistics2:item.ItemFacade:0, Cable Facade - Sky Stone Small Brick Slab
appliedenergistics2:item.ItemFacade:0, Cable Facade - Fluix Slab
appliedenergistics2:item.ItemFacade:0, Cable Facade - Certus Quartz Slab
appliedenergistics2:item.ItemFacade:0, Cable Facade - Chiseled Certus Quartz Slab
appliedenergistics2:item.ItemFacade:0, Cable Facade - Certus Quartz Pillar Slab
appliedenergistics2:item.ItemFacade:0, Cable Facade - Block of Aluminum
appliedenergistics2:item.ItemFacade:0, Cable Facade - Block of Aluminum
appliedenergistics2:item.ItemFacade:0, Cable Facade - Block of Aluminum
appliedenergistics2:item.ItemFacade:0, Cable Facade - Block of Aluminum
appliedenergistics2:item.ItemFacade:0, Cable Facade - Block of Aluminum
appliedenergistics2:item.ItemFacade:0, Cable Facade - Block of Aluminum
appliedenergistics2:item.ItemFacade:0, Cable Facade - Andesite
appliedenergistics2:item.ItemFacade:0, Cable Facade - Andesite
appliedenergistics2:item.ItemFacade:0, Cable Facade - Andesite
appliedenergistics2:item.ItemFacade:0, Cable Facade - Andesite
appliedenergistics2:item.ItemFacade:0, Cable Facade - Andesite
appliedenergistics2:item.ItemFacade:0, Cable Facade - Andesite
appliedenergistics2:item.ItemFacade:0, Cable Facade - Andesite
appliedenergistics2:item.ItemFacade:0, Cable Facade - Andesite
appliedenergistics2:item.ItemFacade:0, Cable Facade - Andesite
appliedenergistics2:item.ItemFacade:0, Cable Facade - Andesite
appliedenergistics2:item.ItemFacade:0, Cable Facade - Andesite
appliedenergistics2:item.ItemFacade:0, Cable Facade - Andesite
appliedenergistics2:item.ItemFacade:0, Cable Facade - Anti Block
appliedenergistics2:item.ItemFacade:0, Cable Facade - Anti Block
appliedenergistics2:item.ItemFacade:0, Cable Facade - Anti Block
appliedenergistics2:item.ItemFacade:0, Cable Facade - Anti Block
appliedenergistics2:item.ItemFacade:0, Cable Facade - Anti Block
appliedenergistics2:item.ItemFacade:0, Cable Facade - Anti Block
appliedenergistics2:item.ItemFacade:0, Cable Facade - Anti Block
appliedenergistics2:item.ItemFacade:0, Cable Facade - Anti Block
appliedenergistics2:item.ItemFacade:0, Cable Facade - Anti Block
appliedenergistics2:item.ItemFacade:0, Cable Facade - Anti Block
appliedenergistics2:item.ItemFacade:0, Cable Facade - Anti Block
appliedenergistics2:item.ItemFacade:0, Cable Facade - Anti Block
appliedenergistics2:item.ItemFacade:0, Cable Facade - Anti Block
appliedenergistics2:item.ItemFacade:0, Cable Facade - Anti Block
appliedenergistics2:item.ItemFacade:0, Cable Facade - Anti Block
appliedenergistics2:item.ItemFacade:0, Cable Facade - Anti Block
appliedenergistics2:item.ItemFacade:0, Cable Facade - Bookshelf
appliedenergistics2:item.ItemFacade:0, Cable Facade - Bookshelf
appliedenergistics2:item.ItemFacade:0, Cable Facade - Bookshelf
appliedenergistics2:item.ItemFacade:0, Cable Facade - Bookshelf
appliedenergistics2:item.ItemFacade:0, Cable Facade - Bookshelf
appliedenergistics2:item.ItemFacade:0, Cable Facade - Bookshelf
appliedenergistics2:item.ItemFacade:0, Cable Facade - Bookshelf
appliedenergistics2:item.ItemFacade:0, Cable Facade - Bookshelf
appliedenergistics2:item.ItemFacade:0, Cable Facade - Brick Block
appliedenergistics2:item.ItemFacade:0, Cable Facade - Brick Block
appliedenergistics2:item.ItemFacade:0, Cable Facade - Brick Block
appliedenergistics2:item.ItemFacade:0, Cable Facade - Brick Block
appliedenergistics2:item.ItemFacade:0, Cable Facade - Brick Block
appliedenergistics2:item.ItemFacade:0, Cable Facade - Brick Block
appliedenergistics2:item.ItemFacade:0, Cable Facade - Brick Block
appliedenergistics2:item.ItemFacade:0, Cable Facade - Brick Block
appliedenergistics2:item.ItemFacade:0, Cable Facade - Brick Block
appliedenergistics2:item.ItemFacade:0, Cable Facade - Brick Block
appliedenergistics2:item.ItemFacade:0, Cable Facade - Brick Block
appliedenergistics2:item.ItemFacade:0, Cable Facade - Brick Block
appliedenergistics2:item.ItemFacade:0, Cable Facade - Brick Block
appliedenergistics2:item.ItemFacade:0, Cable Facade - Brick Block
appliedenergistics2:item.ItemFacade:0, Cable Facade - Brick Block
appliedenergistics2:item.ItemFacade:0, Cable Facade - Brick Block
appliedenergistics2:item.ItemFacade:0, Cable Facade - Brick Block
appliedenergistics2:item.ItemFacade:0, Cable Facade - Block of Bronze
appliedenergistics2:item.ItemFacade:0, Cable Facade - Block of Bronze
appliedenergistics2:item.ItemFacade:0, Cable Facade - Block of Bronze
appliedenergistics2:item.ItemFacade:0, Cable Facade - Block of Bronze
appliedenergistics2:item.ItemFacade:0, Cable Facade - Block of Bronze
appliedenergistics2:item.ItemFacade:0, Cable Facade - Block of Bronze
appliedenergistics2:item.ItemFacade:0, Cable Facade - Carpet
appliedenergistics2:item.ItemFacade:0, Cable Facade - Carpet
appliedenergistics2:item.ItemFacade:0, Cable Facade - Carpet
appliedenergistics2:item.ItemFacade:0, Cable Facade - Carpet
appliedenergistics2:item.ItemFacade:0, Cable Facade - Carpet
appliedenergistics2:item.ItemFacade:0, Cable Facade - Carpet
appliedenergistics2:item.ItemFacade:0, Cable Facade - Carpet
appliedenergistics2:item.ItemFacade:0, Cable Facade - Carpet
appliedenergistics2:item.ItemFacade:0, Cable Facade - Carpet
appliedenergistics2:item.ItemFacade:0, Cable Facade - Carpet
appliedenergistics2:item.ItemFacade:0, Cable Facade - Carpet
appliedenergistics2:item.ItemFacade:0, Cable Facade - Carpet
appliedenergistics2:item.ItemFacade:0, Cable Facade - Carpet
appliedenergistics2:item.ItemFacade:0, Cable Facade - Carpet
appliedenergistics2:item.ItemFacade:0, Cable Facade - Carpet
appliedenergistics2:item.ItemFacade:0, Cable Facade - Carpet
appliedenergistics2:item.ItemFacade:0, Cable Facade - Cobblestone
appliedenergistics2:item.ItemFacade:0, Cable Facade - Cobblestone
appliedenergistics2:item.ItemFacade:0, Cable Facade - Cobblestone
appliedenergistics2:item.ItemFacade:0, Cable Facade - Cobblestone
appliedenergistics2:item.ItemFacade:0, Cable Facade - Cobblestone
appliedenergistics2:item.ItemFacade:0, Cable Facade - Cobblestone
appliedenergistics2:item.ItemFacade:0, Cable Facade - Cobblestone
appliedenergistics2:item.ItemFacade:0, Cable Facade - Cobblestone
appliedenergistics2:item.ItemFacade:0, Cable Facade - Cobblestone
appliedenergistics2:item.ItemFacade:0, Cable Facade - Cobblestone
appliedenergistics2:item.ItemFacade:0, Cable Facade - Cobblestone
appliedenergistics2:item.ItemFacade:0, Cable Facade - Cobblestone
appliedenergistics2:item.ItemFacade:0, Cable Facade - Cobblestone
appliedenergistics2:item.ItemFacade:0, Cable Facade - Cobblestone
appliedenergistics2:item.ItemFacade:0, Cable Facade - Cobblestone
appliedenergistics2:item.ItemFacade:0, Cable Facade - Mossy Cobblestone
appliedenergistics2:item.ItemFacade:0, Cable Facade - Mossy Cobblestone
appliedenergistics2:item.ItemFacade:0, Cable Facade - Mossy Cobblestone
appliedenergistics2:item.ItemFacade:0, Cable Facade - Mossy Cobblestone
appliedenergistics2:item.ItemFacade:0, Cable Facade - Mossy Cobblestone
appliedenergistics2:item.ItemFacade:0, Cable Facade - Mossy Cobblestone
appliedenergistics2:item.ItemFacade:0, Cable Facade - Mossy Cobblestone
appliedenergistics2:item.ItemFacade:0, Cable Facade - Mossy Cobblestone
appliedenergistics2:item.ItemFacade:0, Cable Facade - Mossy Cobblestone
appliedenergistics2:item.ItemFacade:0, Cable Facade - Mossy Cobblestone
appliedenergistics2:item.ItemFacade:0, Cable Facade - Mossy Cobblestone
appliedenergistics2:item.ItemFacade:0, Cable Facade - Mossy Cobblestone
appliedenergistics2:item.ItemFacade:0, Cable Facade - Mossy Cobblestone
appliedenergistics2:item.ItemFacade:0, Cable Facade - Mossy Cobblestone
appliedenergistics2:item.ItemFacade:0, Cable Facade - Mossy Cobblestone
appliedenergistics2:item.ItemFacade:0, Cable Facade - Concrete
appliedenergistics2:item.ItemFacade:0, Cable Facade - Concrete
appliedenergistics2:item.ItemFacade:0, Cable Facade - Concrete
appliedenergistics2:item.ItemFacade:0, Cable Facade - Concrete
appliedenergistics2:item.ItemFacade:0, Cable Facade - Concrete
appliedenergistics2:item.ItemFacade:0, Cable Facade - Concrete
appliedenergistics2:item.ItemFacade:0, Cable Facade - Concrete
appliedenergistics2:item.ItemFacade:0, Cable Facade - Concrete
appliedenergistics2:item.ItemFacade:0, Cable Facade - Concrete
appliedenergistics2:item.ItemFacade:0, Cable Facade - Concrete
appliedenergistics2:item.ItemFacade:0, Cable Facade - Concrete
appliedenergistics2:item.ItemFacade:0, Cable Facade - Block of Copper
appliedenergistics2:item.ItemFacade:0, Cable Facade - Block of Copper
appliedenergistics2:item.ItemFacade:0, Cable Facade - Block of Copper
appliedenergistics2:item.ItemFacade:0, Cable Facade - Block of Copper
appliedenergistics2:item.ItemFacade:0, Cable Facade - Block of Copper
appliedenergistics2:item.ItemFacade:0, Cable Facade - Block of Copper
appliedenergistics2:item.ItemFacade:0, Cable Facade - Cubits
appliedenergistics2:item.ItemFacade:0, Cable Facade - Cubits
appliedenergistics2:item.ItemFacade:0, Cable Facade - Cubits
appliedenergistics2:item.ItemFacade:0, Cable Facade - Cubits
appliedenergistics2:item.ItemFacade:0, Cable Facade - Cubits
appliedenergistics2:item.ItemFacade:0, Cable Facade - Cubits
appliedenergistics2:item.ItemFacade:0, Cable Facade - Cubits
appliedenergistics2:item.ItemFacade:0, Cable Facade - Cubits
appliedenergistics2:item.ItemFacade:0, Cable Facade - Cubits
appliedenergistics2:item.ItemFacade:0, Cable Facade - Cubits
appliedenergistics2:item.ItemFacade:0, Cable Facade - Cubits
appliedenergistics2:item.ItemFacade:0, Cable Facade - Cubits
appliedenergistics2:item.ItemFacade:0, Cable Facade - Cubits
appliedenergistics2:item.ItemFacade:0, Cable Facade - Cubits
appliedenergistics2:item.ItemFacade:0, Cable Facade - Cubits
appliedenergistics2:item.ItemFacade:0, Cable Facade - Cubits
appliedenergistics2:item.ItemFacade:0, Cable Facade - Diamond Block
appliedenergistics2:item.ItemFacade:0, Cable Facade - Diamond Block
appliedenergistics2:item.ItemFacade:0, Cable Facade - Diamond Block
appliedenergistics2:item.ItemFacade:0, Cable Facade - Diamond Block
appliedenergistics2:item.ItemFacade:0, Cable Facade - Diamond Block
appliedenergistics2:item.ItemFacade:0, Cable Facade - Diamond Block
appliedenergistics2:item.ItemFacade:0, Cable Facade - Diamond Block
appliedenergistics2:item.ItemFacade:0, Cable Facade - Diamond Block
appliedenergistics2:item.ItemFacade:0, Cable Facade - Diamond Block
appliedenergistics2:item.ItemFacade:0, Cable Facade - Diamond Block
appliedenergistics2:item.ItemFacade:0, Cable Facade - Diamond Block
appliedenergistics2:item.ItemFacade:0, Cable Facade - Diamond Block
appliedenergistics2:item.ItemFacade:0, Cable Facade - Diamond Block
appliedenergistics2:item.ItemFacade:0, Cable Facade - Diorite
appliedenergistics2:item.ItemFacade:0, Cable Facade - Diorite
appliedenergistics2:item.ItemFacade:0, Cable Facade - Diorite
appliedenergistics2:item.ItemFacade:0, Cable Facade - Diorite
appliedenergistics2:item.ItemFacade:0, Cable Facade - Diorite
appliedenergistics2:item.ItemFacade:0, Cable Facade - Diorite
appliedenergistics2:item.ItemFacade:0, Cable Facade - Diorite
appliedenergistics2:item.ItemFacade:0, Cable Facade - Diorite
appliedenergistics2:item.ItemFacade:0, Cable Facade - Diorite
appliedenergistics2:item.ItemFacade:0, Cable Facade - Diorite
appliedenergistics2:item.ItemFacade:0, Cable Facade - Diorite
appliedenergistics2:item.ItemFacade:0, Cable Facade - Diorite
appliedenergistics2:item.ItemFacade:0, Cable Facade - Diorite
appliedenergistics2:item.ItemFacade:0, Cable Facade - Dirt
appliedenergistics2:item.ItemFacade:0, Cable Facade - Dirt
appliedenergistics2:item.ItemFacade:0, Cable Facade - Dirt
appliedenergistics2:item.ItemFacade:0, Cable Facade - Dirt
appliedenergistics2:item.ItemFacade:0, Cable Facade - Dirt
appliedenergistics2:item.ItemFacade:0, Cable Facade - Dirt
appliedenergistics2:item.ItemFacade:0, Cable Facade - Dirt
appliedenergistics2:item.ItemFacade:0, Cable Facade - Dirt
appliedenergistics2:item.ItemFacade:0, Cable Facade - Dirt
appliedenergistics2:item.ItemFacade:0, Cable Facade - Dirt
appliedenergistics2:item.ItemFacade:0, Cable Facade - Dirt
appliedenergistics2:item.ItemFacade:0, Cable Facade - Dirt
appliedenergistics2:item.ItemFacade:0, Cable Facade - Dirt
appliedenergistics2:item.ItemFacade:0, Cable Facade - Dirt
appliedenergistics2:item.ItemFacade:0, Cable Facade - Dirt
appliedenergistics2:item.ItemFacade:0, Cable Facade - Dirt
appliedenergistics2:item.ItemFacade:0, Cable Facade - Emerald Block
appliedenergistics2:item.ItemFacade:0, Cable Facade - Emerald Block
appliedenergistics2:item.ItemFacade:0, Cable Facade - Emerald Block
appliedenergistics2:item.ItemFacade:0, Cable Facade - Emerald Block
appliedenergistics2:item.ItemFacade:0, Cable Facade - Emerald Block
appliedenergistics2:item.ItemFacade:0, Cable Facade - Emerald Block
appliedenergistics2:item.ItemFacade:0, Cable Facade - Emerald Block
appliedenergistics2:item.ItemFacade:0, Cable Facade - Emerald Block
appliedenergistics2:item.ItemFacade:0, Cable Facade - Emerald Block
appliedenergistics2:item.ItemFacade:0, Cable Facade - Emerald Block
appliedenergistics2:item.ItemFacade:0, Cable Facade - Emerald Block
appliedenergistics2:item.ItemFacade:0, Cable Facade - Emerald Block
appliedenergistics2:item.ItemFacade:0, Cable Facade - End Stone
appliedenergistics2:item.ItemFacade:0, Cable Facade - End Stone
appliedenergistics2:item.ItemFacade:0, Cable Facade - End Stone
appliedenergistics2:item.ItemFacade:0, Cable Facade - End Stone
appliedenergistics2:item.ItemFacade:0, Cable Facade - End Stone
appliedenergistics2:item.ItemFacade:0, Cable Facade - End Stone
appliedenergistics2:item.ItemFacade:0, Cable Facade - End Stone
appliedenergistics2:item.ItemFacade:0, Cable Facade - End Stone
appliedenergistics2:item.ItemFacade:0, Cable Facade - End Stone
appliedenergistics2:item.ItemFacade:0, Cable Facade - End Stone
appliedenergistics2:item.ItemFacade:0, Cable Facade - End Stone
appliedenergistics2:item.ItemFacade:0, Cable Facade - End Stone
appliedenergistics2:item.ItemFacade:0, Cable Facade - End Stone
appliedenergistics2:item.ItemFacade:0, Cable Facade - End Stone
appliedenergistics2:item.ItemFacade:0, Cable Facade - Factory Block
appliedenergistics2:item.ItemFacade:0, Cable Facade - Factory Block
appliedenergistics2:item.ItemFacade:0, Cable Facade - Factory Block
appliedenergistics2:item.ItemFacade:0, Cable Facade - Factory Block
appliedenergistics2:item.ItemFacade:0, Cable Facade - Factory Block
appliedenergistics2:item.ItemFacade:0, Cable Facade - Factory Block
appliedenergistics2:item.ItemFacade:0, Cable Facade - Factory Block
appliedenergistics2:item.ItemFacade:0, Cable Facade - Factory Block
appliedenergistics2:item.ItemFacade:0, Cable Facade - Factory Block
appliedenergistics2:item.ItemFacade:0, Cable Facade - Factory Block
appliedenergistics2:item.ItemFacade:0, Cable Facade - Factory Block
appliedenergistics2:item.ItemFacade:0, Cable Facade - Factory Block
appliedenergistics2:item.ItemFacade:0, Cable Facade - Factory Block
appliedenergistics2:item.ItemFacade:0, Cable Facade - Factory Block
appliedenergistics2:item.ItemFacade:0, Cable Facade - Factory Block
appliedenergistics2:item.ItemFacade:0, Cable Facade - Factory Block
appliedenergistics2:item.ItemFacade:0, Cable Facade - Factory Block
appliedenergistics2:item.ItemFacade:0, Cable Facade - Factory Block
appliedenergistics2:item.ItemFacade:0, Cable Facade - Factory Block
appliedenergistics2:item.ItemFacade:0, Cable Facade - Factory Block
appliedenergistics2:item.ItemFacade:0, Cable Facade - Purpled Fantasy Block
appliedenergistics2:item.ItemFacade:0, Cable Facade - Purpled Fantasy Block
appliedenergistics2:item.ItemFacade:0, Cable Facade - Purpled Fantasy Block
appliedenergistics2:item.ItemFacade:0, Cable Facade - Purpled Fantasy Block
appliedenergistics2:item.ItemFacade:0, Cable Facade - Purpled Fantasy Block
appliedenergistics2:item.ItemFacade:0, Cable Facade - Purpled Fantasy Block
appliedenergistics2:item.ItemFacade:0, Cable Facade - Purpled Fantasy Block
appliedenergistics2:item.ItemFacade:0, Cable Facade - Purpled Fantasy Block
appliedenergistics2:item.ItemFacade:0, Cable Facade - Purpled Fantasy Block
appliedenergistics2:item.ItemFacade:0, Cable Facade - Purpled Fantasy Block
appliedenergistics2:item.ItemFacade:0, Cable Facade - Purpled Fantasy Block
appliedenergistics2:item.ItemFacade:0, Cable Facade - Purpled Fantasy Block
appliedenergistics2:item.ItemFacade:0, Cable Facade - Purpled Fantasy Block
appliedenergistics2:item.ItemFacade:0, Cable Facade - Purpled Fantasy Block
appliedenergistics2:item.ItemFacade:0, Cable Facade - Purpled Fantasy Block
appliedenergistics2:item.ItemFacade:0, Cable Facade - Purpled Fantasy Block
appliedenergistics2:item.ItemFacade:0, Cable Facade - Fantasy Block
appliedenergistics2:item.ItemFacade:0, Cable Facade - Fantasy Block
appliedenergistics2:item.ItemFacade:0, Cable Facade - Fantasy Block
appliedenergistics2:item.ItemFacade:0, Cable Facade - Fantasy Block
appliedenergistics2:item.ItemFacade:0, Cable Facade - Fantasy Block
appliedenergistics2:item.ItemFacade:0, Cable Facade - Fantasy Block
appliedenergistics2:item.ItemFacade:0, Cable Facade - Fantasy Block
appliedenergistics2:item.ItemFacade:0, Cable Facade - Fantasy Block
appliedenergistics2:item.ItemFacade:0, Cable Facade - Fantasy Block
appliedenergistics2:item.ItemFacade:0, Cable Facade - Fantasy Block
appliedenergistics2:item.ItemFacade:0, Cable Facade - Fantasy Block
appliedenergistics2:item.ItemFacade:0, Cable Facade - Fantasy Block
appliedenergistics2:item.ItemFacade:0, Cable Facade - Fantasy Block
appliedenergistics2:item.ItemFacade:0, Cable Facade - Fantasy Block
appliedenergistics2:item.ItemFacade:0, Cable Facade - Fantasy Block
appliedenergistics2:item.ItemFacade:0, Cable Facade - Fantasy Block
appliedenergistics2:item.ItemFacade:0, Cable Facade - Futura Block
appliedenergistics2:item.ItemFacade:0, Cable Facade - Futura Block
appliedenergistics2:item.ItemFacade:0, Cable Facade - Futura Block
appliedenergistics2:item.ItemFacade:0, Cable Facade - Futura Block
appliedenergistics2:item.ItemFacade:0, Cable Facade - Futura Block
appliedenergistics2:item.ItemFacade:0, Cable Facade - Futura Block
appliedenergistics2:item.ItemFacade:0, Cable Facade - Futura Circuit
appliedenergistics2:item.ItemFacade:0, Cable Facade - Futura Circuit
appliedenergistics2:item.ItemFacade:0, Cable Facade - Futura Circuit
appliedenergistics2:item.ItemFacade:0, Cable Facade - Futura Circuit
appliedenergistics2:item.ItemFacade:0, Cable Facade - Futura Circuit
appliedenergistics2:item.ItemFacade:0, Cable Facade - Futura Circuit
appliedenergistics2:item.ItemFacade:0, Cable Facade - Futura Circuit
appliedenergistics2:item.ItemFacade:0, Cable Facade - Futura Circuit
appliedenergistics2:item.ItemFacade:0, Cable Facade - Futura Circuit
appliedenergistics2:item.ItemFacade:0, Cable Facade - Futura Circuit
appliedenergistics2:item.ItemFacade:0, Cable Facade - Futura Circuit
appliedenergistics2:item.ItemFacade:0, Cable Facade - Futura Circuit
appliedenergistics2:item.ItemFacade:0, Cable Facade - Futura Circuit
appliedenergistics2:item.ItemFacade:0, Cable Facade - Futura Circuit
appliedenergistics2:item.ItemFacade:0, Cable Facade - Futura Circuit
appliedenergistics2:item.ItemFacade:0, Cable Facade - Futura Circuit
appliedenergistics2:item.ItemFacade:0, Cable Facade - Glass
appliedenergistics2:item.ItemFacade:0, Cable Facade - Glass
appliedenergistics2:item.ItemFacade:0, Cable Facade - Glass
appliedenergistics2:item.ItemFacade:0, Cable Facade - Glass
appliedenergistics2:item.ItemFacade:0, Cable Facade - Glass
appliedenergistics2:item.ItemFacade:0, Cable Facade - Glass
appliedenergistics2:item.ItemFacade:0, Cable Facade - Glass
appliedenergistics2:item.ItemFacade:0, Cable Facade - Glass
appliedenergistics2:item.ItemFacade:0, Cable Facade - Glass
appliedenergistics2:item.ItemFacade:0, Cable Facade - Glass
appliedenergistics2:item.ItemFacade:0, Cable Facade - Glass
appliedenergistics2:item.ItemFacade:0, Cable Facade - Glass
appliedenergistics2:item.ItemFacade:0, Cable Facade - Glass
appliedenergistics2:item.ItemFacade:0, Cable Facade - Glass
appliedenergistics2:item.ItemFacade:0, Cable Facade - Glass
appliedenergistics2:item.ItemFacade:0, Cable Facade - Glass
appliedenergistics2:item.ItemFacade:0, Cable Facade - Glass
appliedenergistics2:item.ItemFacade:0, Cable Facade - Stained Glass
appliedenergistics2:item.ItemFacade:0, Cable Facade - Stained Glass
appliedenergistics2:item.ItemFacade:0, Cable Facade - Stained Glass
appliedenergistics2:item.ItemFacade:0, Cable Facade - Stained Glass
appliedenergistics2:item.ItemFacade:0, Cable Facade - Stained Glass
appliedenergistics2:item.ItemFacade:0, Cable Facade - Stained Glass
appliedenergistics2:item.ItemFacade:0, Cable Facade - Stained Glass
appliedenergistics2:item.ItemFacade:0, Cable Facade - Stained Glass
appliedenergistics2:item.ItemFacade:0, Cable Facade - Stained Glass
appliedenergistics2:item.ItemFacade:0, Cable Facade - Stained Glass
appliedenergistics2:item.ItemFacade:0, Cable Facade - Stained Glass
appliedenergistics2:item.ItemFacade:0, Cable Facade - Stained Glass
appliedenergistics2:item.ItemFacade:0, Cable Facade - Stained Glass
appliedenergistics2:item.ItemFacade:0, Cable Facade - Stained Glass
appliedenergistics2:item.ItemFacade:0, Cable Facade - Stained Glass
appliedenergistics2:item.ItemFacade:0, Cable Facade - Stained Glass
appliedenergistics2:item.ItemFacade:0, Cable Facade - Stained Glass
appliedenergistics2:item.ItemFacade:0, Cable Facade - Stained Glass
appliedenergistics2:item.ItemFacade:0, Cable Facade - Stained Glass
appliedenergistics2:item.ItemFacade:0, Cable Facade - Stained Glass
appliedenergistics2:item.ItemFacade:0, Cable Facade - Stained Glass
appliedenergistics2:item.ItemFacade:0, Cable Facade - Stained Glass
appliedenergistics2:item.ItemFacade:0, Cable Facade - Stained Glass
appliedenergistics2:item.ItemFacade:0, Cable Facade - Stained Glass
appliedenergistics2:item.ItemFacade:0, Cable Facade - Stained Glass
appliedenergistics2:item.ItemFacade:0, Cable Facade - Stained Glass
appliedenergistics2:item.ItemFacade:0, Cable Facade - Stained Glass
appliedenergistics2:item.ItemFacade:0, Cable Facade - Stained Glass
appliedenergistics2:item.ItemFacade:0, Cable Facade - Stained Glass
appliedenergistics2:item.ItemFacade:0, Cable Facade - Stained Glass
appliedenergistics2:item.ItemFacade:0, Cable Facade - Stained Glass
appliedenergistics2:item.ItemFacade:0, Cable Facade - Stained Glass
appliedenergistics2:item.ItemFacade:0, Cable Facade - Stained Glass
appliedenergistics2:item.ItemFacade:0, Cable Facade - Stained Glass
appliedenergistics2:item.ItemFacade:0, Cable Facade - Stained Glass
appliedenergistics2:item.ItemFacade:0, Cable Facade - Stained Glass
appliedenergistics2:item.ItemFacade:0, Cable Facade - Stained Glass
appliedenergistics2:item.ItemFacade:0, Cable Facade - Stained Glass
appliedenergistics2:item.ItemFacade:0, Cable Facade - Stained Glass
appliedenergistics2:item.ItemFacade:0, Cable Facade - Stained Glass
appliedenergistics2:item.ItemFacade:0, Cable Facade - Stained Glass
appliedenergistics2:item.ItemFacade:0, Cable Facade - Stained Glass
appliedenergistics2:item.ItemFacade:0, Cable Facade - Stained Glass
appliedenergistics2:item.ItemFacade:0, Cable Facade - Stained Glass
appliedenergistics2:item.ItemFacade:0, Cable Facade - Stained Glass
appliedenergistics2:item.ItemFacade:0, Cable Facade - Stained Glass
appliedenergistics2:item.ItemFacade:0, Cable Facade - Stained Glass
appliedenergistics2:item.ItemFacade:0, Cable Facade - Stained Glass
appliedenergistics2:item.ItemFacade:0, Cable Facade - Stained Glass
appliedenergistics2:item.ItemFacade:0, Cable Facade - Stained Glass
appliedenergistics2:item.ItemFacade:0, Cable Facade - Stained Glass
appliedenergistics2:item.ItemFacade:0, Cable Facade - Stained Glass
appliedenergistics2:item.ItemFacade:0, Cable Facade - Stained Glass
appliedenergistics2:item.ItemFacade:0, Cable Facade - Stained Glass
appliedenergistics2:item.ItemFacade:0, Cable Facade - Stained Glass
appliedenergistics2:item.ItemFacade:0, Cable Facade - Stained Glass
appliedenergistics2:item.ItemFacade:0, Cable Facade - Stained Glass
appliedenergistics2:item.ItemFacade:0, Cable Facade - Stained Glass
appliedenergistics2:item.ItemFacade:0, Cable Facade - Stained Glass
appliedenergistics2:item.ItemFacade:0, Cable Facade - Stained Glass
appliedenergistics2:item.ItemFacade:0, Cable Facade - Stained Glass
appliedenergistics2:item.ItemFacade:0, Cable Facade - Stained Glass
appliedenergistics2:item.ItemFacade:0, Cable Facade - Stained Glass
appliedenergistics2:item.ItemFacade:0, Cable Facade - Stained Glass
appliedenergistics2:item.ItemFacade:0, Cable Facade - Stained Glass
appliedenergistics2:item.ItemFacade:0, Cable Facade - Stained Glass
appliedenergistics2:item.ItemFacade:0, Cable Facade - Stained Glass
appliedenergistics2:item.ItemFacade:0, Cable Facade - Stained Glass
appliedenergistics2:item.ItemFacade:0, Cable Facade - Stained Glass
appliedenergistics2:item.ItemFacade:0, Cable Facade - Stained Glass
appliedenergistics2:item.ItemFacade:0, Cable Facade - Stained Glass
appliedenergistics2:item.ItemFacade:0, Cable Facade - Stained Glass
appliedenergistics2:item.ItemFacade:0, Cable Facade - Stained Glass
appliedenergistics2:item.ItemFacade:0, Cable Facade - Stained Glass
appliedenergistics2:item.ItemFacade:0, Cable Facade - Stained Glass
appliedenergistics2:item.ItemFacade:0, Cable Facade - Stained Glass
appliedenergistics2:item.ItemFacade:0, Cable Facade - Stained Glass
appliedenergistics2:item.ItemFacade:0, Cable Facade - Stained Glass
appliedenergistics2:item.ItemFacade:0, Cable Facade - Stained Glass
appliedenergistics2:item.ItemFacade:0, Cable Facade - Stained Glass
appliedenergistics2:item.ItemFacade:0, Cable Facade - GloTek
appliedenergistics2:item.ItemFacade:0, Cable Facade - GloTek
appliedenergistics2:item.ItemFacade:0, Cable Facade - GloTek
appliedenergistics2:item.ItemFacade:0, Cable Facade - GloTek
appliedenergistics2:item.ItemFacade:0, Cable Facade - GloTek
appliedenergistics2:item.ItemFacade:0, Cable Facade - GloTek
appliedenergistics2:item.ItemFacade:0, Cable Facade - GloTek
appliedenergistics2:item.ItemFacade:0, Cable Facade - GloTek
appliedenergistics2:item.ItemFacade:0, Cable Facade - GloTek
appliedenergistics2:item.ItemFacade:0, Cable Facade - GloTek
appliedenergistics2:item.ItemFacade:0, Cable Facade - GloTek
appliedenergistics2:item.ItemFacade:0, Cable Facade - GloTek
appliedenergistics2:item.ItemFacade:0, Cable Facade - GloTek
appliedenergistics2:item.ItemFacade:0, Cable Facade - GloTek
appliedenergistics2:item.ItemFacade:0, Cable Facade - GloTek
appliedenergistics2:item.ItemFacade:0, Cable Facade - GloTek
appliedenergistics2:item.ItemFacade:0, Cable Facade - Glowstone
appliedenergistics2:item.ItemFacade:0, Cable Facade - Glowstone
appliedenergistics2:item.ItemFacade:0, Cable Facade - Glowstone
appliedenergistics2:item.ItemFacade:0, Cable Facade - Glowstone
appliedenergistics2:item.ItemFacade:0, Cable Facade - Glowstone
appliedenergistics2:item.ItemFacade:0, Cable Facade - Glowstone
appliedenergistics2:item.ItemFacade:0, Cable Facade - Glowstone
appliedenergistics2:item.ItemFacade:0, Cable Facade - Glowstone
appliedenergistics2:item.ItemFacade:0, Cable Facade - Glowstone
appliedenergistics2:item.ItemFacade:0, Cable Facade - Glowstone
appliedenergistics2:item.ItemFacade:0, Cable Facade - Glowstone
appliedenergistics2:item.ItemFacade:0, Cable Facade - Glowstone
appliedenergistics2:item.ItemFacade:0, Cable Facade - Glowstone
appliedenergistics2:item.ItemFacade:0, Cable Facade - Glowstone
appliedenergistics2:item.ItemFacade:0, Cable Facade - Glowstone
appliedenergistics2:item.ItemFacade:0, Cable Facade - Block of Gold
appliedenergistics2:item.ItemFacade:0, Cable Facade - Block of Gold
appliedenergistics2:item.ItemFacade:0, Cable Facade - Block of Gold
appliedenergistics2:item.ItemFacade:0, Cable Facade - Block of Gold
appliedenergistics2:item.ItemFacade:0, Cable Facade - Block of Gold
appliedenergistics2:item.ItemFacade:0, Cable Facade - Block of Gold
appliedenergistics2:item.ItemFacade:0, Cable Facade - Gold Block
appliedenergistics2:item.ItemFacade:0, Cable Facade - Gold Block
appliedenergistics2:item.ItemFacade:0, Cable Facade - Gold Block
appliedenergistics2:item.ItemFacade:0, Cable Facade - Gold Block
appliedenergistics2:item.ItemFacade:0, Cable Facade - Gold Block
appliedenergistics2:item.ItemFacade:0, Cable Facade - Gold Block
appliedenergistics2:item.ItemFacade:0, Cable Facade - Gold Block
appliedenergistics2:item.ItemFacade:0, Cable Facade - Gold Block
appliedenergistics2:item.ItemFacade:0, Cable Facade - Gold Block
appliedenergistics2:item.ItemFacade:0, Cable Facade - Gold Block
appliedenergistics2:item.ItemFacade:0, Cable Facade - Gold Block
appliedenergistics2:item.ItemFacade:0, Cable Facade - Gold Block
appliedenergistics2:item.ItemFacade:0, Cable Facade - Gold Block
appliedenergistics2:item.ItemFacade:0, Cable Facade - Gold Block
appliedenergistics2:item.ItemFacade:0, Cable Facade - Gold Block
appliedenergistics2:item.ItemFacade:0, Cable Facade - Granite
appliedenergistics2:item.ItemFacade:0, Cable Facade - Granite
appliedenergistics2:item.ItemFacade:0, Cable Facade - Granite
appliedenergistics2:item.ItemFacade:0, Cable Facade - Granite
appliedenergistics2:item.ItemFacade:0, Cable Facade - Granite
appliedenergistics2:item.ItemFacade:0, Cable Facade - Granite
appliedenergistics2:item.ItemFacade:0, Cable Facade - Granite
appliedenergistics2:item.ItemFacade:0, Cable Facade - Granite
appliedenergistics2:item.ItemFacade:0, Cable Facade - Granite
appliedenergistics2:item.ItemFacade:0, Cable Facade - Granite
appliedenergistics2:item.ItemFacade:0, Cable Facade - Granite
appliedenergistics2:item.ItemFacade:0, Cable Facade - Granite
appliedenergistics2:item.ItemFacade:0, Cable Facade - Grimstone
appliedenergistics2:item.ItemFacade:0, Cable Facade - Grimstone
appliedenergistics2:item.ItemFacade:0, Cable Facade - Grimstone
appliedenergistics2:item.ItemFacade:0, Cable Facade - Grimstone
appliedenergistics2:item.ItemFacade:0, Cable Facade - Grimstone
appliedenergistics2:item.ItemFacade:0, Cable Facade - Grimstone
appliedenergistics2:item.ItemFacade:0, Cable Facade - Grimstone
appliedenergistics2:item.ItemFacade:0, Cable Facade - Grimstone
appliedenergistics2:item.ItemFacade:0, Cable Facade - Grimstone
appliedenergistics2:item.ItemFacade:0, Cable Facade - Grimstone
appliedenergistics2:item.ItemFacade:0, Cable Facade - Grimstone
appliedenergistics2:item.ItemFacade:0, Cable Facade - Grimstone
appliedenergistics2:item.ItemFacade:0, Cable Facade - Grimstone
appliedenergistics2:item.ItemFacade:0, Cable Facade - Grimstone
appliedenergistics2:item.ItemFacade:0, Cable Facade - Grimstone
appliedenergistics2:item.ItemFacade:0, Cable Facade - Terracotta
appliedenergistics2:item.ItemFacade:0, Cable Facade - Terracotta
appliedenergistics2:item.ItemFacade:0, Cable Facade - Terracotta
appliedenergistics2:item.ItemFacade:0, Cable Facade - Terracotta
appliedenergistics2:item.ItemFacade:0, Cable Facade - Terracotta
appliedenergistics2:item.ItemFacade:0, Cable Facade - Terracotta
appliedenergistics2:item.ItemFacade:0, Cable Facade - Terracotta
appliedenergistics2:item.ItemFacade:0, Cable Facade - Terracotta
appliedenergistics2:item.ItemFacade:0, Cable Facade - Terracotta
appliedenergistics2:item.ItemFacade:0, Cable Facade - Terracotta
appliedenergistics2:item.ItemFacade:0, Cable Facade - Terracotta
appliedenergistics2:item.ItemFacade:0, Cable Facade - Terracotta
appliedenergistics2:item.ItemFacade:0, Cable Facade - Terracotta
appliedenergistics2:item.ItemFacade:0, Cable Facade - Terracotta
appliedenergistics2:item.ItemFacade:0, Cable Facade - Terracotta
appliedenergistics2:item.ItemFacade:0, Cable Facade - Terracotta
appliedenergistics2:item.ItemFacade:0, Cable Facade - Terracotta
appliedenergistics2:item.ItemFacade:0, Cable Facade - Terracotta
appliedenergistics2:item.ItemFacade:0, Cable Facade - Terracotta
appliedenergistics2:item.ItemFacade:0, Cable Facade - Terracotta
appliedenergistics2:item.ItemFacade:0, Cable Facade - Terracotta
appliedenergistics2:item.ItemFacade:0, Cable Facade - Terracotta
appliedenergistics2:item.ItemFacade:0, Cable Facade - Terracotta
appliedenergistics2:item.ItemFacade:0, Cable Facade - Terracotta
appliedenergistics2:item.ItemFacade:0, Cable Facade - Terracotta
appliedenergistics2:item.ItemFacade:0, Cable Facade - Terracotta
appliedenergistics2:item.ItemFacade:0, Cable Facade - White Terracotta
appliedenergistics2:item.ItemFacade:0, Cable Facade - White Terracotta
appliedenergistics2:item.ItemFacade:0, Cable Facade - White Terracotta
appliedenergistics2:item.ItemFacade:0, Cable Facade - White Terracotta
appliedenergistics2:item.ItemFacade:0, Cable Facade - White Terracotta
appliedenergistics2:item.ItemFacade:0, Cable Facade - White Terracotta
appliedenergistics2:item.ItemFacade:0, Cable Facade - White Terracotta
appliedenergistics2:item.ItemFacade:0, Cable Facade - White Terracotta
appliedenergistics2:item.ItemFacade:0, Cable Facade - White Terracotta
appliedenergistics2:item.ItemFacade:0, Cable Facade - White Terracotta
appliedenergistics2:item.ItemFacade:0, Cable Facade - White Terracotta
appliedenergistics2:item.ItemFacade:0, Cable Facade - White Terracotta
appliedenergistics2:item.ItemFacade:0, Cable Facade - White Terracotta
appliedenergistics2:item.ItemFacade:0, Cable Facade - White Terracotta
appliedenergistics2:item.ItemFacade:0, Cable Facade - White Terracotta
appliedenergistics2:item.ItemFacade:0, Cable Facade - White Terracotta
appliedenergistics2:item.ItemFacade:0, Cable Facade - White Terracotta
appliedenergistics2:item.ItemFacade:0, Cable Facade - White Terracotta
appliedenergistics2:item.ItemFacade:0, Cable Facade - White Terracotta
appliedenergistics2:item.ItemFacade:0, Cable Facade - White Terracotta
appliedenergistics2:item.ItemFacade:0, Cable Facade - White Terracotta
appliedenergistics2:item.ItemFacade:0, Cable Facade - White Terracotta
appliedenergistics2:item.ItemFacade:0, Cable Facade - White Terracotta
appliedenergistics2:item.ItemFacade:0, Cable Facade - White Terracotta
appliedenergistics2:item.ItemFacade:0, Cable Facade - White Terracotta
appliedenergistics2:item.ItemFacade:0, Cable Facade - White Terracotta
appliedenergistics2:item.ItemFacade:0, Cable Facade - Orange Terracotta
appliedenergistics2:item.ItemFacade:0, Cable Facade - Orange Terracotta
appliedenergistics2:item.ItemFacade:0, Cable Facade - Orange Terracotta
appliedenergistics2:item.ItemFacade:0, Cable Facade - Orange Terracotta
appliedenergistics2:item.ItemFacade:0, Cable Facade - Orange Terracotta
appliedenergistics2:item.ItemFacade:0, Cable Facade - Orange Terracotta
appliedenergistics2:item.ItemFacade:0, Cable Facade - Orange Terracotta
appliedenergistics2:item.ItemFacade:0, Cable Facade - Orange Terracotta
appliedenergistics2:item.ItemFacade:0, Cable Facade - Orange Terracotta
appliedenergistics2:item.ItemFacade:0, Cable Facade - Orange Terracotta
appliedenergistics2:item.ItemFacade:0, Cable Facade - Orange Terracotta
appliedenergistics2:item.ItemFacade:0, Cable Facade - Orange Terracotta
appliedenergistics2:item.ItemFacade:0, Cable Facade - Orange Terracotta
appliedenergistics2:item.ItemFacade:0, Cable Facade - Orange Terracotta
appliedenergistics2:item.ItemFacade:0, Cable Facade - Orange Terracotta
appliedenergistics2:item.ItemFacade:0, Cable Facade - Orange Terracotta
appliedenergistics2:item.ItemFacade:0, Cable Facade - Orange Terracotta
appliedenergistics2:item.ItemFacade:0, Cable Facade - Orange Terracotta
appliedenergistics2:item.ItemFacade:0, Cable Facade - Orange Terracotta
appliedenergistics2:item.ItemFacade:0, Cable Facade - Orange Terracotta
appliedenergistics2:item.ItemFacade:0, Cable Facade - Orange Terracotta
appliedenergistics2:item.ItemFacade:0, Cable Facade - Orange Terracotta
appliedenergistics2:item.ItemFacade:0, Cable Facade - Orange Terracotta
appliedenergistics2:item.ItemFacade:0, Cable Facade - Orange Terracotta
appliedenergistics2:item.ItemFacade:0, Cable Facade - Orange Terracotta
appliedenergistics2:item.ItemFacade:0, Cable Facade - Orange Terracotta
appliedenergistics2:item.ItemFacade:0, Cable Facade - Magenta Terracotta
appliedenergistics2:item.ItemFacade:0, Cable Facade - Magenta Terracotta
appliedenergistics2:item.ItemFacade:0, Cable Facade - Magenta Terracotta
appliedenergistics2:item.ItemFacade:0, Cable Facade - Magenta Terracotta
appliedenergistics2:item.ItemFacade:0, Cable Facade - Magenta Terracotta
appliedenergistics2:item.ItemFacade:0, Cable Facade - Magenta Terracotta
appliedenergistics2:item.ItemFacade:0, Cable Facade - Magenta Terracotta
appliedenergistics2:item.ItemFacade:0, Cable Facade - Magenta Terracotta
appliedenergistics2:item.ItemFacade:0, Cable Facade - Magenta Terracotta
appliedenergistics2:item.ItemFacade:0, Cable Facade - Magenta Terracotta
appliedenergistics2:item.ItemFacade:0, Cable Facade - Magenta Terracotta
appliedenergistics2:item.ItemFacade:0, Cable Facade - Magenta Terracotta
appliedenergistics2:item.ItemFacade:0, Cable Facade - Magenta Terracotta
appliedenergistics2:item.ItemFacade:0, Cable Facade - Magenta Terracotta
appliedenergistics2:item.ItemFacade:0, Cable Facade - Magenta Terracotta
appliedenergistics2:item.ItemFacade:0, Cable Facade - Magenta Terracotta
appliedenergistics2:item.ItemFacade:0, Cable Facade - Magenta Terracotta
appliedenergistics2:item.ItemFacade:0, Cable Facade - Magenta Terracotta
appliedenergistics2:item.ItemFacade:0, Cable Facade - Magenta Terracotta
appliedenergistics2:item.ItemFacade:0, Cable Facade - Magenta Terracotta
appliedenergistics2:item.ItemFacade:0, Cable Facade - Magenta Terracotta
appliedenergistics2:item.ItemFacade:0, Cable Facade - Magenta Terracotta
appliedenergistics2:item.ItemFacade:0, Cable Facade - Magenta Terracotta
appliedenergistics2:item.ItemFacade:0, Cable Facade - Magenta Terracotta
appliedenergistics2:item.ItemFacade:0, Cable Facade - Magenta Terracotta
appliedenergistics2:item.ItemFacade:0, Cable Facade - Magenta Terracotta
appliedenergistics2:item.ItemFacade:0, Cable Facade - Light Blue Terracotta
appliedenergistics2:item.ItemFacade:0, Cable Facade - Light Blue Terracotta
appliedenergistics2:item.ItemFacade:0, Cable Facade - Light Blue Terracotta
appliedenergistics2:item.ItemFacade:0, Cable Facade - Light Blue Terracotta
appliedenergistics2:item.ItemFacade:0, Cable Facade - Light Blue Terracotta
appliedenergistics2:item.ItemFacade:0, Cable Facade - Light Blue Terracotta
appliedenergistics2:item.ItemFacade:0, Cable Facade - Light Blue Terracotta
appliedenergistics2:item.ItemFacade:0, Cable Facade - Light Blue Terracotta
appliedenergistics2:item.ItemFacade:0, Cable Facade - Light Blue Terracotta
appliedenergistics2:item.ItemFacade:0, Cable Facade - Light Blue Terracotta
appliedenergistics2:item.ItemFacade:0, Cable Facade - Light Blue Terracotta
appliedenergistics2:item.ItemFacade:0, Cable Facade - Light Blue Terracotta
appliedenergistics2:item.ItemFacade:0, Cable Facade - Light Blue Terracotta
appliedenergistics2:item.ItemFacade:0, Cable Facade - Light Blue Terracotta
appliedenergistics2:item.ItemFacade:0, Cable Facade - Light Blue Terracotta
appliedenergistics2:item.ItemFacade:0, Cable Facade - Light Blue Terracotta
appliedenergistics2:item.ItemFacade:0, Cable Facade - Light Blue Terracotta
appliedenergistics2:item.ItemFacade:0, Cable Facade - Light Blue Terracotta
appliedenergistics2:item.ItemFacade:0, Cable Facade - Light Blue Terracotta
appliedenergistics2:item.ItemFacade:0, Cable Facade - Light Blue Terracotta
appliedenergistics2:item.ItemFacade:0, Cable Facade - Light Blue Terracotta
appliedenergistics2:item.ItemFacade:0, Cable Facade - Light Blue Terracotta
appliedenergistics2:item.ItemFacade:0, Cable Facade - Light Blue Terracotta
appliedenergistics2:item.ItemFacade:0, Cable Facade - Light Blue Terracotta
appliedenergistics2:item.ItemFacade:0, Cable Facade - Light Blue Terracotta
appliedenergistics2:item.ItemFacade:0, Cable Facade - Light Blue Terracotta
appliedenergistics2:item.ItemFacade:0, Cable Facade - Yellow Terracotta
appliedenergistics2:item.ItemFacade:0, Cable Facade - Yellow Terracotta
appliedenergistics2:item.ItemFacade:0, Cable Facade - Yellow Terracotta
appliedenergistics2:item.ItemFacade:0, Cable Facade - Yellow Terracotta
appliedenergistics2:item.ItemFacade:0, Cable Facade - Yellow Terracotta
appliedenergistics2:item.ItemFacade:0, Cable Facade - Yellow Terracotta
appliedenergistics2:item.ItemFacade:0, Cable Facade - Yellow Terracotta
appliedenergistics2:item.ItemFacade:0, Cable Facade - Yellow Terracotta
appliedenergistics2:item.ItemFacade:0, Cable Facade - Yellow Terracotta
appliedenergistics2:item.ItemFacade:0, Cable Facade - Yellow Terracotta
appliedenergistics2:item.ItemFacade:0, Cable Facade - Yellow Terracotta
appliedenergistics2:item.ItemFacade:0, Cable Facade - Yellow Terracotta
appliedenergistics2:item.ItemFacade:0, Cable Facade - Yellow Terracotta
appliedenergistics2:item.ItemFacade:0, Cable Facade - Yellow Terracotta
appliedenergistics2:item.ItemFacade:0, Cable Facade - Yellow Terracotta
appliedenergistics2:item.ItemFacade:0, Cable Facade - Yellow Terracotta
appliedenergistics2:item.ItemFacade:0, Cable Facade - Yellow Terracotta
appliedenergistics2:item.ItemFacade:0, Cable Facade - Yellow Terracotta
appliedenergistics2:item.ItemFacade:0, Cable Facade - Yellow Terracotta
appliedenergistics2:item.ItemFacade:0, Cable Facade - Yellow Terracotta
appliedenergistics2:item.ItemFacade:0, Cable Facade - Yellow Terracotta
appliedenergistics2:item.ItemFacade:0, Cable Facade - Yellow Terracotta
appliedenergistics2:item.ItemFacade:0, Cable Facade - Yellow Terracotta
appliedenergistics2:item.ItemFacade:0, Cable Facade - Yellow Terracotta
appliedenergistics2:item.ItemFacade:0, Cable Facade - Yellow Terracotta
appliedenergistics2:item.ItemFacade:0, Cable Facade - Yellow Terracotta
appliedenergistics2:item.ItemFacade:0, Cable Facade - Lime Terracotta
appliedenergistics2:item.ItemFacade:0, Cable Facade - Lime Terracotta
appliedenergistics2:item.ItemFacade:0, Cable Facade - Lime Terracotta
appliedenergistics2:item.ItemFacade:0, Cable Facade - Lime Terracotta
appliedenergistics2:item.ItemFacade:0, Cable Facade - Lime Terracotta
appliedenergistics2:item.ItemFacade:0, Cable Facade - Lime Terracotta
appliedenergistics2:item.ItemFacade:0, Cable Facade - Lime Terracotta
appliedenergistics2:item.ItemFacade:0, Cable Facade - Lime Terracotta
appliedenergistics2:item.ItemFacade:0, Cable Facade - Lime Terracotta
appliedenergistics2:item.ItemFacade:0, Cable Facade - Lime Terracotta
appliedenergistics2:item.ItemFacade:0, Cable Facade - Lime Terracotta
appliedenergistics2:item.ItemFacade:0, Cable Facade - Lime Terracotta
appliedenergistics2:item.ItemFacade:0, Cable Facade - Lime Terracotta
appliedenergistics2:item.ItemFacade:0, Cable Facade - Lime Terracotta
appliedenergistics2:item.ItemFacade:0, Cable Facade - Lime Terracotta
appliedenergistics2:item.ItemFacade:0, Cable Facade - Lime Terracotta
appliedenergistics2:item.ItemFacade:0, Cable Facade - Lime Terracotta
appliedenergistics2:item.ItemFacade:0, Cable Facade - Lime Terracotta
appliedenergistics2:item.ItemFacade:0, Cable Facade - Lime Terracotta
appliedenergistics2:item.ItemFacade:0, Cable Facade - Lime Terracotta
appliedenergistics2:item.ItemFacade:0, Cable Facade - Lime Terracotta
appliedenergistics2:item.ItemFacade:0, Cable Facade - Lime Terracotta
appliedenergistics2:item.ItemFacade:0, Cable Facade - Lime Terracotta
appliedenergistics2:item.ItemFacade:0, Cable Facade - Lime Terracotta
appliedenergistics2:item.ItemFacade:0, Cable Facade - Lime Terracotta
appliedenergistics2:item.ItemFacade:0, Cable Facade - Lime Terracotta
appliedenergistics2:item.ItemFacade:0, Cable Facade - Pink Terracotta
appliedenergistics2:item.ItemFacade:0, Cable Facade - Pink Terracotta
appliedenergistics2:item.ItemFacade:0, Cable Facade - Pink Terracotta
appliedenergistics2:item.ItemFacade:0, Cable Facade - Pink Terracotta
appliedenergistics2:item.ItemFacade:0, Cable Facade - Pink Terracotta
appliedenergistics2:item.ItemFacade:0, Cable Facade - Pink Terracotta
appliedenergistics2:item.ItemFacade:0, Cable Facade - Pink Terracotta
appliedenergistics2:item.ItemFacade:0, Cable Facade - Pink Terracotta
appliedenergistics2:item.ItemFacade:0, Cable Facade - Pink Terracotta
appliedenergistics2:item.ItemFacade:0, Cable Facade - Pink Terracotta
appliedenergistics2:item.ItemFacade:0, Cable Facade - Pink Terracotta
appliedenergistics2:item.ItemFacade:0, Cable Facade - Pink Terracotta
appliedenergistics2:item.ItemFacade:0, Cable Facade - Pink Terracotta
appliedenergistics2:item.ItemFacade:0, Cable Facade - Pink Terracotta
appliedenergistics2:item.ItemFacade:0, Cable Facade - Pink Terracotta
appliedenergistics2:item.ItemFacade:0, Cable Facade - Pink Terracotta
appliedenergistics2:item.ItemFacade:0, Cable Facade - Pink Terracotta
appliedenergistics2:item.ItemFacade:0, Cable Facade - Pink Terracotta
appliedenergistics2:item.ItemFacade:0, Cable Facade - Pink Terracotta
appliedenergistics2:item.ItemFacade:0, Cable Facade - Pink Terracotta
appliedenergistics2:item.ItemFacade:0, Cable Facade - Pink Terracotta
appliedenergistics2:item.ItemFacade:0, Cable Facade - Pink Terracotta
appliedenergistics2:item.ItemFacade:0, Cable Facade - Pink Terracotta
appliedenergistics2:item.ItemFacade:0, Cable Facade - Pink Terracotta
appliedenergistics2:item.ItemFacade:0, Cable Facade - Pink Terracotta
appliedenergistics2:item.ItemFacade:0, Cable Facade - Pink Terracotta
appliedenergistics2:item.ItemFacade:0, Cable Facade - Gray Terracotta
appliedenergistics2:item.ItemFacade:0, Cable Facade - Gray Terracotta
appliedenergistics2:item.ItemFacade:0, Cable Facade - Gray Terracotta
appliedenergistics2:item.ItemFacade:0, Cable Facade - Gray Terracotta
appliedenergistics2:item.ItemFacade:0, Cable Facade - Gray Terracotta
appliedenergistics2:item.ItemFacade:0, Cable Facade - Gray Terracotta
appliedenergistics2:item.ItemFacade:0, Cable Facade - Gray Terracotta
appliedenergistics2:item.ItemFacade:0, Cable Facade - Gray Terracotta
appliedenergistics2:item.ItemFacade:0, Cable Facade - Gray Terracotta
appliedenergistics2:item.ItemFacade:0, Cable Facade - Gray Terracotta
appliedenergistics2:item.ItemFacade:0, Cable Facade - Gray Terracotta
appliedenergistics2:item.ItemFacade:0, Cable Facade - Gray Terracotta
appliedenergistics2:item.ItemFacade:0, Cable Facade - Gray Terracotta
appliedenergistics2:item.ItemFacade:0, Cable Facade - Gray Terracotta
appliedenergistics2:item.ItemFacade:0, Cable Facade - Gray Terracotta
appliedenergistics2:item.ItemFacade:0, Cable Facade - Gray Terracotta
appliedenergistics2:item.ItemFacade:0, Cable Facade - Gray Terracotta
appliedenergistics2:item.ItemFacade:0, Cable Facade - Gray Terracotta
appliedenergistics2:item.ItemFacade:0, Cable Facade - Gray Terracotta
appliedenergistics2:item.ItemFacade:0, Cable Facade - Gray Terracotta
appliedenergistics2:item.ItemFacade:0, Cable Facade - Gray Terracotta
appliedenergistics2:item.ItemFacade:0, Cable Facade - Gray Terracotta
appliedenergistics2:item.ItemFacade:0, Cable Facade - Gray Terracotta
appliedenergistics2:item.ItemFacade:0, Cable Facade - Gray Terracotta
appliedenergistics2:item.ItemFacade:0, Cable Facade - Gray Terracotta
appliedenergistics2:item.ItemFacade:0, Cable Facade - Gray Terracotta
appliedenergistics2:item.ItemFacade:0, Cable Facade - Light Gray Terracotta
appliedenergistics2:item.ItemFacade:0, Cable Facade - Light Gray Terracotta
appliedenergistics2:item.ItemFacade:0, Cable Facade - Light Gray Terracotta
appliedenergistics2:item.ItemFacade:0, Cable Facade - Light Gray Terracotta
appliedenergistics2:item.ItemFacade:0, Cable Facade - Light Gray Terracotta
appliedenergistics2:item.ItemFacade:0, Cable Facade - Light Gray Terracotta
appliedenergistics2:item.ItemFacade:0, Cable Facade - Light Gray Terracotta
appliedenergistics2:item.ItemFacade:0, Cable Facade - Light Gray Terracotta
appliedenergistics2:item.ItemFacade:0, Cable Facade - Light Gray Terracotta
appliedenergistics2:item.ItemFacade:0, Cable Facade - Light Gray Terracotta
appliedenergistics2:item.ItemFacade:0, Cable Facade - Light Gray Terracotta
appliedenergistics2:item.ItemFacade:0, Cable Facade - Light Gray Terracotta
appliedenergistics2:item.ItemFacade:0, Cable Facade - Light Gray Terracotta
appliedenergistics2:item.ItemFacade:0, Cable Facade - Light Gray Terracotta
appliedenergistics2:item.ItemFacade:0, Cable Facade - Light Gray Terracotta
appliedenergistics2:item.ItemFacade:0, Cable Facade - Light Gray Terracotta
appliedenergistics2:item.ItemFacade:0, Cable Facade - Light Gray Terracotta
appliedenergistics2:item.ItemFacade:0, Cable Facade - Light Gray Terracotta
appliedenergistics2:item.ItemFacade:0, Cable Facade - Light Gray Terracotta
appliedenergistics2:item.ItemFacade:0, Cable Facade - Light Gray Terracotta
appliedenergistics2:item.ItemFacade:0, Cable Facade - Light Gray Terracotta
appliedenergistics2:item.ItemFacade:0, Cable Facade - Light Gray Terracotta
appliedenergistics2:item.ItemFacade:0, Cable Facade - Light Gray Terracotta
appliedenergistics2:item.ItemFacade:0, Cable Facade - Light Gray Terracotta
appliedenergistics2:item.ItemFacade:0, Cable Facade - Light Gray Terracotta
appliedenergistics2:item.ItemFacade:0, Cable Facade - Light Gray Terracotta
appliedenergistics2:item.ItemFacade:0, Cable Facade - Cyan Terracotta
appliedenergistics2:item.ItemFacade:0, Cable Facade - Cyan Terracotta
appliedenergistics2:item.ItemFacade:0, Cable Facade - Cyan Terracotta
appliedenergistics2:item.ItemFacade:0, Cable Facade - Cyan Terracotta
appliedenergistics2:item.ItemFacade:0, Cable Facade - Cyan Terracotta
appliedenergistics2:item.ItemFacade:0, Cable Facade - Cyan Terracotta
appliedenergistics2:item.ItemFacade:0, Cable Facade - Cyan Terracotta
appliedenergistics2:item.ItemFacade:0, Cable Facade - Cyan Terracotta
appliedenergistics2:item.ItemFacade:0, Cable Facade - Cyan Terracotta
appliedenergistics2:item.ItemFacade:0, Cable Facade - Cyan Terracotta
appliedenergistics2:item.ItemFacade:0, Cable Facade - Cyan Terracotta
appliedenergistics2:item.ItemFacade:0, Cable Facade - Cyan Terracotta
appliedenergistics2:item.ItemFacade:0, Cable Facade - Cyan Terracotta
appliedenergistics2:item.ItemFacade:0, Cable Facade - Cyan Terracotta
appliedenergistics2:item.ItemFacade:0, Cable Facade - Cyan Terracotta
appliedenergistics2:item.ItemFacade:0, Cable Facade - Cyan Terracotta
appliedenergistics2:item.ItemFacade:0, Cable Facade - Cyan Terracotta
appliedenergistics2:item.ItemFacade:0, Cable Facade - Cyan Terracotta
appliedenergistics2:item.ItemFacade:0, Cable Facade - Cyan Terracotta
appliedenergistics2:item.ItemFacade:0, Cable Facade - Cyan Terracotta
appliedenergistics2:item.ItemFacade:0, Cable Facade - Cyan Terracotta
appliedenergistics2:item.ItemFacade:0, Cable Facade - Cyan Terracotta
appliedenergistics2:item.ItemFacade:0, Cable Facade - Cyan Terracotta
appliedenergistics2:item.ItemFacade:0, Cable Facade - Cyan Terracotta
appliedenergistics2:item.ItemFacade:0, Cable Facade - Cyan Terracotta
appliedenergistics2:item.ItemFacade:0, Cable Facade - Cyan Terracotta
appliedenergistics2:item.ItemFacade:0, Cable Facade - Purple Terracotta
appliedenergistics2:item.ItemFacade:0, Cable Facade - Purple Terracotta
appliedenergistics2:item.ItemFacade:0, Cable Facade - Purple Terracotta
appliedenergistics2:item.ItemFacade:0, Cable Facade - Purple Terracotta
appliedenergistics2:item.ItemFacade:0, Cable Facade - Purple Terracotta
appliedenergistics2:item.ItemFacade:0, Cable Facade - Purple Terracotta
appliedenergistics2:item.ItemFacade:0, Cable Facade - Purple Terracotta
appliedenergistics2:item.ItemFacade:0, Cable Facade - Purple Terracotta
appliedenergistics2:item.ItemFacade:0, Cable Facade - Purple Terracotta
appliedenergistics2:item.ItemFacade:0, Cable Facade - Purple Terracotta
appliedenergistics2:item.ItemFacade:0, Cable Facade - Purple Terracotta
appliedenergistics2:item.ItemFacade:0, Cable Facade - Purple Terracotta
appliedenergistics2:item.ItemFacade:0, Cable Facade - Purple Terracotta
appliedenergistics2:item.ItemFacade:0, Cable Facade - Purple Terracotta
appliedenergistics2:item.ItemFacade:0, Cable Facade - Purple Terracotta
appliedenergistics2:item.ItemFacade:0, Cable Facade - Purple Terracotta
appliedenergistics2:item.ItemFacade:0, Cable Facade - Purple Terracotta
appliedenergistics2:item.ItemFacade:0, Cable Facade - Purple Terracotta
appliedenergistics2:item.ItemFacade:0, Cable Facade - Purple Terracotta
appliedenergistics2:item.ItemFacade:0, Cable Facade - Purple Terracotta
appliedenergistics2:item.ItemFacade:0, Cable Facade - Purple Terracotta
appliedenergistics2:item.ItemFacade:0, Cable Facade - Purple Terracotta
appliedenergistics2:item.ItemFacade:0, Cable Facade - Purple Terracotta
appliedenergistics2:item.ItemFacade:0, Cable Facade - Purple Terracotta
appliedenergistics2:item.ItemFacade:0, Cable Facade - Purple Terracotta
appliedenergistics2:item.ItemFacade:0, Cable Facade - Purple Terracotta
appliedenergistics2:item.ItemFacade:0, Cable Facade - Blue Terracotta
appliedenergistics2:item.ItemFacade:0, Cable Facade - Blue Terracotta
appliedenergistics2:item.ItemFacade:0, Cable Facade - Blue Terracotta
appliedenergistics2:item.ItemFacade:0, Cable Facade - Blue Terracotta
appliedenergistics2:item.ItemFacade:0, Cable Facade - Blue Terracotta
appliedenergistics2:item.ItemFacade:0, Cable Facade - Blue Terracotta
appliedenergistics2:item.ItemFacade:0, Cable Facade - Blue Terracotta
appliedenergistics2:item.ItemFacade:0, Cable Facade - Blue Terracotta
appliedenergistics2:item.ItemFacade:0, Cable Facade - Blue Terracotta
appliedenergistics2:item.ItemFacade:0, Cable Facade - Blue Terracotta
appliedenergistics2:item.ItemFacade:0, Cable Facade - Blue Terracotta
appliedenergistics2:item.ItemFacade:0, Cable Facade - Blue Terracotta
appliedenergistics2:item.ItemFacade:0, Cable Facade - Blue Terracotta
appliedenergistics2:item.ItemFacade:0, Cable Facade - Blue Terracotta
appliedenergistics2:item.ItemFacade:0, Cable Facade - Blue Terracotta
appliedenergistics2:item.ItemFacade:0, Cable Facade - Blue Terracotta
appliedenergistics2:item.ItemFacade:0, Cable Facade - Blue Terracotta
appliedenergistics2:item.ItemFacade:0, Cable Facade - Blue Terracotta
appliedenergistics2:item.ItemFacade:0, Cable Facade - Blue Terracotta
appliedenergistics2:item.ItemFacade:0, Cable Facade - Blue Terracotta
appliedenergistics2:item.ItemFacade:0, Cable Facade - Blue Terracotta
appliedenergistics2:item.ItemFacade:0, Cable Facade - Blue Terracotta
appliedenergistics2:item.ItemFacade:0, Cable Facade - Blue Terracotta
appliedenergistics2:item.ItemFacade:0, Cable Facade - Blue Terracotta
appliedenergistics2:item.ItemFacade:0, Cable Facade - Blue Terracotta
appliedenergistics2:item.ItemFacade:0, Cable Facade - Blue Terracotta
appliedenergistics2:item.ItemFacade:0, Cable Facade - Brown Terracotta
appliedenergistics2:item.ItemFacade:0, Cable Facade - Brown Terracotta
appliedenergistics2:item.ItemFacade:0, Cable Facade - Brown Terracotta
appliedenergistics2:item.ItemFacade:0, Cable Facade - Brown Terracotta
appliedenergistics2:item.ItemFacade:0, Cable Facade - Brown Terracotta
appliedenergistics2:item.ItemFacade:0, Cable Facade - Brown Terracotta
appliedenergistics2:item.ItemFacade:0, Cable Facade - Brown Terracotta
appliedenergistics2:item.ItemFacade:0, Cable Facade - Brown Terracotta
appliedenergistics2:item.ItemFacade:0, Cable Facade - Brown Terracotta
appliedenergistics2:item.ItemFacade:0, Cable Facade - Brown Terracotta
appliedenergistics2:item.ItemFacade:0, Cable Facade - Brown Terracotta
appliedenergistics2:item.ItemFacade:0, Cable Facade - Brown Terracotta
appliedenergistics2:item.ItemFacade:0, Cable Facade - Brown Terracotta
appliedenergistics2:item.ItemFacade:0, Cable Facade - Brown Terracotta
appliedenergistics2:item.ItemFacade:0, Cable Facade - Brown Terracotta
appliedenergistics2:item.ItemFacade:0, Cable Facade - Brown Terracotta
appliedenergistics2:item.ItemFacade:0, Cable Facade - Brown Terracotta
appliedenergistics2:item.ItemFacade:0, Cable Facade - Brown Terracotta
appliedenergistics2:item.ItemFacade:0, Cable Facade - Brown Terracotta
appliedenergistics2:item.ItemFacade:0, Cable Facade - Brown Terracotta
appliedenergistics2:item.ItemFacade:0, Cable Facade - Brown Terracotta
appliedenergistics2:item.ItemFacade:0, Cable Facade - Brown Terracotta
appliedenergistics2:item.ItemFacade:0, Cable Facade - Brown Terracotta
appliedenergistics2:item.ItemFacade:0, Cable Facade - Brown Terracotta
appliedenergistics2:item.ItemFacade:0, Cable Facade - Brown Terracotta
appliedenergistics2:item.ItemFacade:0, Cable Facade - Brown Terracotta
appliedenergistics2:item.ItemFacade:0, Cable Facade - Green Terracotta
appliedenergistics2:item.ItemFacade:0, Cable Facade - Green Terracotta
appliedenergistics2:item.ItemFacade:0, Cable Facade - Green Terracotta
appliedenergistics2:item.ItemFacade:0, Cable Facade - Green Terracotta
appliedenergistics2:item.ItemFacade:0, Cable Facade - Green Terracotta
appliedenergistics2:item.ItemFacade:0, Cable Facade - Green Terracotta
appliedenergistics2:item.ItemFacade:0, Cable Facade - Green Terracotta
appliedenergistics2:item.ItemFacade:0, Cable Facade - Green Terracotta
appliedenergistics2:item.ItemFacade:0, Cable Facade - Green Terracotta
appliedenergistics2:item.ItemFacade:0, Cable Facade - Green Terracotta
appliedenergistics2:item.ItemFacade:0, Cable Facade - Green Terracotta
appliedenergistics2:item.ItemFacade:0, Cable Facade - Green Terracotta
appliedenergistics2:item.ItemFacade:0, Cable Facade - Green Terracotta
appliedenergistics2:item.ItemFacade:0, Cable Facade - Green Terracotta
appliedenergistics2:item.ItemFacade:0, Cable Facade - Green Terracotta
appliedenergistics2:item.ItemFacade:0, Cable Facade - Green Terracotta
appliedenergistics2:item.ItemFacade:0, Cable Facade - Green Terracotta
appliedenergistics2:item.ItemFacade:0, Cable Facade - Green Terracotta
appliedenergistics2:item.ItemFacade:0, Cable Facade - Green Terracotta
appliedenergistics2:item.ItemFacade:0, Cable Facade - Green Terracotta
appliedenergistics2:item.ItemFacade:0, Cable Facade - Green Terracotta
appliedenergistics2:item.ItemFacade:0, Cable Facade - Green Terracotta
appliedenergistics2:item.ItemFacade:0, Cable Facade - Green Terracotta
appliedenergistics2:item.ItemFacade:0, Cable Facade - Green Terracotta
appliedenergistics2:item.ItemFacade:0, Cable Facade - Green Terracotta
appliedenergistics2:item.ItemFacade:0, Cable Facade - Green Terracotta
appliedenergistics2:item.ItemFacade:0, Cable Facade - Red Terracotta
appliedenergistics2:item.ItemFacade:0, Cable Facade - Red Terracotta
appliedenergistics2:item.ItemFacade:0, Cable Facade - Red Terracotta
appliedenergistics2:item.ItemFacade:0, Cable Facade - Red Terracotta
appliedenergistics2:item.ItemFacade:0, Cable Facade - Red Terracotta
appliedenergistics2:item.ItemFacade:0, Cable Facade - Red Terracotta
appliedenergistics2:item.ItemFacade:0, Cable Facade - Red Terracotta
appliedenergistics2:item.ItemFacade:0, Cable Facade - Red Terracotta
appliedenergistics2:item.ItemFacade:0, Cable Facade - Red Terracotta
appliedenergistics2:item.ItemFacade:0, Cable Facade - Red Terracotta
appliedenergistics2:item.ItemFacade:0, Cable Facade - Red Terracotta
appliedenergistics2:item.ItemFacade:0, Cable Facade - Red Terracotta
appliedenergistics2:item.ItemFacade:0, Cable Facade - Red Terracotta
appliedenergistics2:item.ItemFacade:0, Cable Facade - Red Terracotta
appliedenergistics2:item.ItemFacade:0, Cable Facade - Red Terracotta
appliedenergistics2:item.ItemFacade:0, Cable Facade - Red Terracotta
appliedenergistics2:item.ItemFacade:0, Cable Facade - Red Terracotta
appliedenergistics2:item.ItemFacade:0, Cable Facade - Red Terracotta
appliedenergistics2:item.ItemFacade:0, Cable Facade - Red Terracotta
appliedenergistics2:item.ItemFacade:0, Cable Facade - Red Terracotta
appliedenergistics2:item.ItemFacade:0, Cable Facade - Red Terracotta
appliedenergistics2:item.ItemFacade:0, Cable Facade - Red Terracotta
appliedenergistics2:item.ItemFacade:0, Cable Facade - Red Terracotta
appliedenergistics2:item.ItemFacade:0, Cable Facade - Red Terracotta
appliedenergistics2:item.ItemFacade:0, Cable Facade - Red Terracotta
appliedenergistics2:item.ItemFacade:0, Cable Facade - Red Terracotta
appliedenergistics2:item.ItemFacade:0, Cable Facade - Black Terracotta
appliedenergistics2:item.ItemFacade:0, Cable Facade - Black Terracotta
appliedenergistics2:item.ItemFacade:0, Cable Facade - Black Terracotta
appliedenergistics2:item.ItemFacade:0, Cable Facade - Black Terracotta
appliedenergistics2:item.ItemFacade:0, Cable Facade - Black Terracotta
appliedenergistics2:item.ItemFacade:0, Cable Facade - Black Terracotta
appliedenergistics2:item.ItemFacade:0, Cable Facade - Black Terracotta
appliedenergistics2:item.ItemFacade:0, Cable Facade - Black Terracotta
appliedenergistics2:item.ItemFacade:0, Cable Facade - Black Terracotta
appliedenergistics2:item.ItemFacade:0, Cable Facade - Black Terracotta
appliedenergistics2:item.ItemFacade:0, Cable Facade - Black Terracotta
appliedenergistics2:item.ItemFacade:0, Cable Facade - Black Terracotta
appliedenergistics2:item.ItemFacade:0, Cable Facade - Black Terracotta
appliedenergistics2:item.ItemFacade:0, Cable Facade - Black Terracotta
appliedenergistics2:item.ItemFacade:0, Cable Facade - Black Terracotta
appliedenergistics2:item.ItemFacade:0, Cable Facade - Black Terracotta
appliedenergistics2:item.ItemFacade:0, Cable Facade - Black Terracotta
appliedenergistics2:item.ItemFacade:0, Cable Facade - Black Terracotta
appliedenergistics2:item.ItemFacade:0, Cable Facade - Black Terracotta
appliedenergistics2:item.ItemFacade:0, Cable Facade - Black Terracotta
appliedenergistics2:item.ItemFacade:0, Cable Facade - Black Terracotta
appliedenergistics2:item.ItemFacade:0, Cable Facade - Black Terracotta
appliedenergistics2:item.ItemFacade:0, Cable Facade - Black Terracotta
appliedenergistics2:item.ItemFacade:0, Cable Facade - Black Terracotta
appliedenergistics2:item.ItemFacade:0, Cable Facade - Black Terracotta
appliedenergistics2:item.ItemFacade:0, Cable Facade - Black Terracotta
appliedenergistics2:item.ItemFacade:0, Cable Facade - Hex Plating
appliedenergistics2:item.ItemFacade:0, Cable Facade - Hex Plating
appliedenergistics2:item.ItemFacade:0, Cable Facade - Hex Plating
appliedenergistics2:item.ItemFacade:0, Cable Facade - Hex Plating
appliedenergistics2:item.ItemFacade:0, Cable Facade - Hex Plating
appliedenergistics2:item.ItemFacade:0, Cable Facade - Hex Plating
appliedenergistics2:item.ItemFacade:0, Cable Facade - Hex Plating
appliedenergistics2:item.ItemFacade:0, Cable Facade - Hex Plating
appliedenergistics2:item.ItemFacade:0, Cable Facade - Hex Plating
appliedenergistics2:item.ItemFacade:0, Cable Facade - Hex Plating
appliedenergistics2:item.ItemFacade:0, Cable Facade - Hex Plating
appliedenergistics2:item.ItemFacade:0, Cable Facade - Hex Plating
appliedenergistics2:item.ItemFacade:0, Cable Facade - Hex Plating
appliedenergistics2:item.ItemFacade:0, Cable Facade - Hex Plating
appliedenergistics2:item.ItemFacade:0, Cable Facade - Hex Plating
appliedenergistics2:item.ItemFacade:0, Cable Facade - Hex Plating
appliedenergistics2:item.ItemFacade:0, Cable Facade - Large Hex Plating
appliedenergistics2:item.ItemFacade:0, Cable Facade - Large Hex Plating
appliedenergistics2:item.ItemFacade:0, Cable Facade - Large Hex Plating
appliedenergistics2:item.ItemFacade:0, Cable Facade - Large Hex Plating
appliedenergistics2:item.ItemFacade:0, Cable Facade - Large Hex Plating
appliedenergistics2:item.ItemFacade:0, Cable Facade - Large Hex Plating
appliedenergistics2:item.ItemFacade:0, Cable Facade - Large Hex Plating
appliedenergistics2:item.ItemFacade:0, Cable Facade - Large Hex Plating
appliedenergistics2:item.ItemFacade:0, Cable Facade - Large Hex Plating
appliedenergistics2:item.ItemFacade:0, Cable Facade - Large Hex Plating
appliedenergistics2:item.ItemFacade:0, Cable Facade - Large Hex Plating
appliedenergistics2:item.ItemFacade:0, Cable Facade - Large Hex Plating
appliedenergistics2:item.ItemFacade:0, Cable Facade - Large Hex Plating
appliedenergistics2:item.ItemFacade:0, Cable Facade - Large Hex Plating
appliedenergistics2:item.ItemFacade:0, Cable Facade - Large Hex Plating
appliedenergistics2:item.ItemFacade:0, Cable Facade - Large Hex Plating
appliedenergistics2:item.ItemFacade:0, Cable Facade - Holystone
appliedenergistics2:item.ItemFacade:0, Cable Facade - Holystone
appliedenergistics2:item.ItemFacade:0, Cable Facade - Holystone
appliedenergistics2:item.ItemFacade:0, Cable Facade - Holystone
appliedenergistics2:item.ItemFacade:0, Cable Facade - Holystone
appliedenergistics2:item.ItemFacade:0, Cable Facade - Holystone
appliedenergistics2:item.ItemFacade:0, Cable Facade - Holystone
appliedenergistics2:item.ItemFacade:0, Cable Facade - Holystone
appliedenergistics2:item.ItemFacade:0, Cable Facade - Holystone
appliedenergistics2:item.ItemFacade:0, Cable Facade - Holystone
appliedenergistics2:item.ItemFacade:0, Cable Facade - Holystone
appliedenergistics2:item.ItemFacade:0, Cable Facade - Holystone
appliedenergistics2:item.ItemFacade:0, Cable Facade - Holystone
appliedenergistics2:item.ItemFacade:0, Cable Facade - Holystone
appliedenergistics2:item.ItemFacade:0, Cable Facade - Hempcrete
appliedenergistics2:item.ItemFacade:0, Cable Facade - Hempcrete
appliedenergistics2:item.ItemFacade:0, Cable Facade - Hempcrete
appliedenergistics2:item.ItemFacade:0, Cable Facade - Hempcrete
appliedenergistics2:item.ItemFacade:0, Cable Facade - Hempcrete
appliedenergistics2:item.ItemFacade:0, Cable Facade - Hempcrete
appliedenergistics2:item.ItemFacade:0, Cable Facade - Hempcrete
appliedenergistics2:item.ItemFacade:0, Cable Facade - Hempcrete
appliedenergistics2:item.ItemFacade:0, Cable Facade - Hempcrete
appliedenergistics2:item.ItemFacade:0, Cable Facade - Hempcrete
appliedenergistics2:item.ItemFacade:0, Cable Facade - Hempcrete
appliedenergistics2:item.ItemFacade:0, Cable Facade - Hempcrete
appliedenergistics2:item.ItemFacade:0, Cable Facade - Hempcrete
appliedenergistics2:item.ItemFacade:0, Cable Facade - Hempcrete
appliedenergistics2:item.ItemFacade:0, Cable Facade - Hempcrete
appliedenergistics2:item.ItemFacade:0, Cable Facade - Hempcrete
appliedenergistics2:item.ItemFacade:0, Cable Facade - Hempcrete powder
appliedenergistics2:item.ItemFacade:0, Cable Facade - Hempcrete powder
appliedenergistics2:item.ItemFacade:0, Cable Facade - Hempcrete powder
appliedenergistics2:item.ItemFacade:0, Cable Facade - Hempcrete powder
appliedenergistics2:item.ItemFacade:0, Cable Facade - Hempcrete powder
appliedenergistics2:item.ItemFacade:0, Cable Facade - Hempcrete powder
appliedenergistics2:item.ItemFacade:0, Cable Facade - Hempcrete powder
appliedenergistics2:item.ItemFacade:0, Cable Facade - Hempcrete powder
appliedenergistics2:item.ItemFacade:0, Cable Facade - Hempcrete powder
appliedenergistics2:item.ItemFacade:0, Cable Facade - Hempcrete powder
appliedenergistics2:item.ItemFacade:0, Cable Facade - Hempcrete powder
appliedenergistics2:item.ItemFacade:0, Cable Facade - Hempcrete powder
appliedenergistics2:item.ItemFacade:0, Cable Facade - Hempcrete powder
appliedenergistics2:item.ItemFacade:0, Cable Facade - Hempcrete powder
appliedenergistics2:item.ItemFacade:0, Cable Facade - Hempcrete powder
appliedenergistics2:item.ItemFacade:0, Cable Facade - Hempcrete powder
appliedenergistics2:item.ItemFacade:0, Cable Facade - Block of Iron
appliedenergistics2:item.ItemFacade:0, Cable Facade - Block of Iron
appliedenergistics2:item.ItemFacade:0, Cable Facade - Block of Iron
appliedenergistics2:item.ItemFacade:0, Cable Facade - Block of Iron
appliedenergistics2:item.ItemFacade:0, Cable Facade - Block of Iron
appliedenergistics2:item.ItemFacade:0, Cable Facade - Block of Iron
appliedenergistics2:item.ItemFacade:0, Cable Facade - Iron Block
appliedenergistics2:item.ItemFacade:0, Cable Facade - Iron Block
appliedenergistics2:item.ItemFacade:0, Cable Facade - Iron Block
appliedenergistics2:item.ItemFacade:0, Cable Facade - Iron Block
appliedenergistics2:item.ItemFacade:0, Cable Facade - Iron Block
appliedenergistics2:item.ItemFacade:0, Cable Facade - Iron Block
appliedenergistics2:item.ItemFacade:0, Cable Facade - Iron Block
appliedenergistics2:item.ItemFacade:0, Cable Facade - Iron Block
appliedenergistics2:item.ItemFacade:0, Cable Facade - Iron Block
appliedenergistics2:item.ItemFacade:0, Cable Facade - Iron Block
appliedenergistics2:item.ItemFacade:0, Cable Facade - Iron Block
appliedenergistics2:item.ItemFacade:0, Cable Facade - Iron Block
appliedenergistics2:item.ItemFacade:0, Cable Facade - Iron Block
appliedenergistics2:item.ItemFacade:0, Cable Facade - Iron Block
appliedenergistics2:item.ItemFacade:0, Cable Facade - Iron Block
appliedenergistics2:item.ItemFacade:0, Cable Facade - Iron Block
appliedenergistics2:item.ItemFacade:0, Cable Facade - Laboratory Block
appliedenergistics2:item.ItemFacade:0, Cable Facade - Laboratory Block
appliedenergistics2:item.ItemFacade:0, Cable Facade - Laboratory Block
appliedenergistics2:item.ItemFacade:0, Cable Facade - Laboratory Block
appliedenergistics2:item.ItemFacade:0, Cable Facade - Laboratory Block
appliedenergistics2:item.ItemFacade:0, Cable Facade - Laboratory Block
appliedenergistics2:item.ItemFacade:0, Cable Facade - Laboratory Block
appliedenergistics2:item.ItemFacade:0, Cable Facade - Laboratory Block
appliedenergistics2:item.ItemFacade:0, Cable Facade - Laboratory Block
appliedenergistics2:item.ItemFacade:0, Cable Facade - Laboratory Block
appliedenergistics2:item.ItemFacade:0, Cable Facade - Laboratory Block
appliedenergistics2:item.ItemFacade:0, Cable Facade - Laboratory Block
appliedenergistics2:item.ItemFacade:0, Cable Facade - Laboratory Block
appliedenergistics2:item.ItemFacade:0, Cable Facade - Laboratory Block
appliedenergistics2:item.ItemFacade:0, Cable Facade - Laboratory Block
appliedenergistics2:item.ItemFacade:0, Cable Facade - Laboratory Block
appliedenergistics2:item.ItemFacade:0, Cable Facade - Lapis Block
appliedenergistics2:item.ItemFacade:0, Cable Facade - Lapis Block
appliedenergistics2:item.ItemFacade:0, Cable Facade - Lapis Block
appliedenergistics2:item.ItemFacade:0, Cable Facade - Lapis Block
appliedenergistics2:item.ItemFacade:0, Cable Facade - Lapis Block
appliedenergistics2:item.ItemFacade:0, Cable Facade - Lapis Block
appliedenergistics2:item.ItemFacade:0, Cable Facade - Lapis Block
appliedenergistics2:item.ItemFacade:0, Cable Facade - Lapis Block
appliedenergistics2:item.ItemFacade:0, Cable Facade - Lapis Block
appliedenergistics2:item.ItemFacade:0, Cable Facade - Lavastone
appliedenergistics2:item.ItemFacade:0, Cable Facade - Lavastone
appliedenergistics2:item.ItemFacade:0, Cable Facade - Lavastone
appliedenergistics2:item.ItemFacade:0, Cable Facade - Lavastone
appliedenergistics2:item.ItemFacade:0, Cable Facade - Lavastone
appliedenergistics2:item.ItemFacade:0, Cable Facade - Lavastone
appliedenergistics2:item.ItemFacade:0, Cable Facade - Lavastone
appliedenergistics2:item.ItemFacade:0, Cable Facade - Lavastone
appliedenergistics2:item.ItemFacade:0, Cable Facade - Block of Lead
appliedenergistics2:item.ItemFacade:0, Cable Facade - Block of Lead
appliedenergistics2:item.ItemFacade:0, Cable Facade - Block of Lead
appliedenergistics2:item.ItemFacade:0, Cable Facade - Block of Lead
appliedenergistics2:item.ItemFacade:0, Cable Facade - Block of Lead
appliedenergistics2:item.ItemFacade:0, Cable Facade - Block of Lead
appliedenergistics2:item.ItemFacade:0, Cable Facade - Limestone
appliedenergistics2:item.ItemFacade:0, Cable Facade - Limestone
appliedenergistics2:item.ItemFacade:0, Cable Facade - Limestone
appliedenergistics2:item.ItemFacade:0, Cable Facade - Limestone
appliedenergistics2:item.ItemFacade:0, Cable Facade - Limestone
appliedenergistics2:item.ItemFacade:0, Cable Facade - Limestone
appliedenergistics2:item.ItemFacade:0, Cable Facade - Limestone
appliedenergistics2:item.ItemFacade:0, Cable Facade - Limestone
appliedenergistics2:item.ItemFacade:0, Cable Facade - Limestone
appliedenergistics2:item.ItemFacade:0, Cable Facade - Limestone
appliedenergistics2:item.ItemFacade:0, Cable Facade - Limestone
appliedenergistics2:item.ItemFacade:0, Cable Facade - Limestone
appliedenergistics2:item.ItemFacade:0, Cable Facade - Limestone
appliedenergistics2:item.ItemFacade:0, Cable Facade - Limestone
appliedenergistics2:item.ItemFacade:0, Cable Facade - Limestone
appliedenergistics2:item.ItemFacade:0, Cable Facade - Limestone
appliedenergistics2:item.ItemFacade:0, Cable Facade - Marble
appliedenergistics2:item.ItemFacade:0, Cable Facade - Marble
appliedenergistics2:item.ItemFacade:0, Cable Facade - Marble
appliedenergistics2:item.ItemFacade:0, Cable Facade - Marble
appliedenergistics2:item.ItemFacade:0, Cable Facade - Marble
appliedenergistics2:item.ItemFacade:0, Cable Facade - Marble
appliedenergistics2:item.ItemFacade:0, Cable Facade - Marble
appliedenergistics2:item.ItemFacade:0, Cable Facade - Marble
appliedenergistics2:item.ItemFacade:0, Cable Facade - Marble
appliedenergistics2:item.ItemFacade:0, Cable Facade - Marble
appliedenergistics2:item.ItemFacade:0, Cable Facade - Marble
appliedenergistics2:item.ItemFacade:0, Cable Facade - Marble
appliedenergistics2:item.ItemFacade:0, Cable Facade - Marble
appliedenergistics2:item.ItemFacade:0, Cable Facade - Marble
appliedenergistics2:item.ItemFacade:0, Cable Facade - Marble
appliedenergistics2:item.ItemFacade:0, Cable Facade - Marble
appliedenergistics2:item.ItemFacade:0, Cable Facade - Marble Pillar
appliedenergistics2:item.ItemFacade:0, Cable Facade - Marble Pillar
appliedenergistics2:item.ItemFacade:0, Cable Facade - Marble Pillar
appliedenergistics2:item.ItemFacade:0, Cable Facade - Marble Pillar
appliedenergistics2:item.ItemFacade:0, Cable Facade - Marble Pillar
appliedenergistics2:item.ItemFacade:0, Cable Facade - Marble Pillar
appliedenergistics2:item.ItemFacade:0, Cable Facade - Marble Pillar
appliedenergistics2:item.ItemFacade:0, Cable Facade - Marble Pillar
appliedenergistics2:item.ItemFacade:0, Cable Facade - Marble Pillar
appliedenergistics2:item.ItemFacade:0, Cable Facade - Marble Pillar
appliedenergistics2:item.ItemFacade:0, Cable Facade - Marble Pillar
appliedenergistics2:item.ItemFacade:0, Cable Facade - Marble Pillar
appliedenergistics2:item.ItemFacade:0, Cable Facade - Marble Pillar
appliedenergistics2:item.ItemFacade:0, Cable Facade - Marble Pillar
appliedenergistics2:item.ItemFacade:0, Cable Facade - Marble Pillar
appliedenergistics2:item.ItemFacade:0, Cable Facade - Marble Pillar
appliedenergistics2:item.ItemFacade:0, Cable Facade - Imperialistic Block
appliedenergistics2:item.ItemFacade:0, Cable Facade - Imperialistic Block
appliedenergistics2:item.ItemFacade:0, Cable Facade - Imperialistic Block
appliedenergistics2:item.ItemFacade:0, Cable Facade - Imperialistic Block
appliedenergistics2:item.ItemFacade:0, Cable Facade - Imperialistic Block
appliedenergistics2:item.ItemFacade:0, Cable Facade - Rebellious Block
appliedenergistics2:item.ItemFacade:0, Cable Facade - Rebellious Block
appliedenergistics2:item.ItemFacade:0, Cable Facade - Rebellious Block
appliedenergistics2:item.ItemFacade:0, Cable Facade - Rebellious Block
appliedenergistics2:item.ItemFacade:0, Cable Facade - Rebellious Block
appliedenergistics2:item.ItemFacade:0, Cable Facade - Neonite
appliedenergistics2:item.ItemFacade:0, Cable Facade - Neonite
appliedenergistics2:item.ItemFacade:0, Cable Facade - Neonite
appliedenergistics2:item.ItemFacade:0, Cable Facade - Neonite
appliedenergistics2:item.ItemFacade:0, Cable Facade - Neonite
appliedenergistics2:item.ItemFacade:0, Cable Facade - Neonite
appliedenergistics2:item.ItemFacade:0, Cable Facade - Neonite
appliedenergistics2:item.ItemFacade:0, Cable Facade - Neonite
appliedenergistics2:item.ItemFacade:0, Cable Facade - Neonite
appliedenergistics2:item.ItemFacade:0, Cable Facade - Neonite
appliedenergistics2:item.ItemFacade:0, Cable Facade - Neonite
appliedenergistics2:item.ItemFacade:0, Cable Facade - Neonite
appliedenergistics2:item.ItemFacade:0, Cable Facade - Neonite
appliedenergistics2:item.ItemFacade:0, Cable Facade - Neonite
appliedenergistics2:item.ItemFacade:0, Cable Facade - Neonite
appliedenergistics2:item.ItemFacade:0, Cable Facade - Neonite
appliedenergistics2:item.ItemFacade:0, Cable Facade - Nether Brick
appliedenergistics2:item.ItemFacade:0, Cable Facade - Nether Brick
appliedenergistics2:item.ItemFacade:0, Cable Facade - Nether Brick
appliedenergistics2:item.ItemFacade:0, Cable Facade - Nether Brick
appliedenergistics2:item.ItemFacade:0, Cable Facade - Nether Brick
appliedenergistics2:item.ItemFacade:0, Cable Facade - Nether Brick
appliedenergistics2:item.ItemFacade:0, Cable Facade - Nether Brick
appliedenergistics2:item.ItemFacade:0, Cable Facade - Nether Brick
appliedenergistics2:item.ItemFacade:0, Cable Facade - Nether Brick
appliedenergistics2:item.ItemFacade:0, Cable Facade - Nether Brick
appliedenergistics2:item.ItemFacade:0, Cable Facade - Nether Brick
appliedenergistics2:item.ItemFacade:0, Cable Facade - Nether Brick
appliedenergistics2:item.ItemFacade:0, Cable Facade - Nether Brick
appliedenergistics2:item.ItemFacade:0, Cable Facade - Nether Brick
appliedenergistics2:item.ItemFacade:0, Cable Facade - Nether Brick
appliedenergistics2:item.ItemFacade:0, Cable Facade - Netherrack
appliedenergistics2:item.ItemFacade:0, Cable Facade - Netherrack
appliedenergistics2:item.ItemFacade:0, Cable Facade - Netherrack
appliedenergistics2:item.ItemFacade:0, Cable Facade - Netherrack
appliedenergistics2:item.ItemFacade:0, Cable Facade - Netherrack
appliedenergistics2:item.ItemFacade:0, Cable Facade - Netherrack
appliedenergistics2:item.ItemFacade:0, Cable Facade - Netherrack
appliedenergistics2:item.ItemFacade:0, Cable Facade - Netherrack
appliedenergistics2:item.ItemFacade:0, Cable Facade - Netherrack
appliedenergistics2:item.ItemFacade:0, Cable Facade - Netherrack
appliedenergistics2:item.ItemFacade:0, Cable Facade - Netherrack
appliedenergistics2:item.ItemFacade:0, Cable Facade - Netherrack
appliedenergistics2:item.ItemFacade:0, Cable Facade - Netherrack
appliedenergistics2:item.ItemFacade:0, Cable Facade - Netherrack
appliedenergistics2:item.ItemFacade:0, Cable Facade - Structural Concrete
appliedenergistics2:item.ItemFacade:0, Cable Facade - Structural Concrete
appliedenergistics2:item.ItemFacade:0, Cable Facade - Structural Concrete
appliedenergistics2:item.ItemFacade:0, Cable Facade - Structural Concrete
appliedenergistics2:item.ItemFacade:0, Cable Facade - Structural Concrete
appliedenergistics2:item.ItemFacade:0, Cable Facade - Structural Concrete
appliedenergistics2:item.ItemFacade:0, Cable Facade - Structural Concrete
appliedenergistics2:item.ItemFacade:0, Cable Facade - Structural Concrete
appliedenergistics2:item.ItemFacade:0, Cable Facade - Structural Concrete
appliedenergistics2:item.ItemFacade:0, Cable Facade - Structural Concrete
appliedenergistics2:item.ItemFacade:0, Cable Facade - Structural Concrete
appliedenergistics2:item.ItemFacade:0, Cable Facade - Structural Concrete
appliedenergistics2:item.ItemFacade:0, Cable Facade - Structural Concrete
appliedenergistics2:item.ItemFacade:0, Cable Facade - Structural Concrete
appliedenergistics2:item.ItemFacade:0, Cable Facade - Structural Concrete
appliedenergistics2:item.ItemFacade:0, Cable Facade - Structural Concrete
appliedenergistics2:item.ItemFacade:0, Cable Facade - Obsidian
appliedenergistics2:item.ItemFacade:0, Cable Facade - Obsidian
appliedenergistics2:item.ItemFacade:0, Cable Facade - Obsidian
appliedenergistics2:item.ItemFacade:0, Cable Facade - Obsidian
appliedenergistics2:item.ItemFacade:0, Cable Facade - Obsidian
appliedenergistics2:item.ItemFacade:0, Cable Facade - Obsidian
appliedenergistics2:item.ItemFacade:0, Cable Facade - Obsidian
appliedenergistics2:item.ItemFacade:0, Cable Facade - Obsidian
appliedenergistics2:item.ItemFacade:0, Cable Facade - Obsidian
appliedenergistics2:item.ItemFacade:0, Cable Facade - Obsidian
appliedenergistics2:item.ItemFacade:0, Cable Facade - Obsidian
appliedenergistics2:item.ItemFacade:0, Cable Facade - Obsidian
appliedenergistics2:item.ItemFacade:0, Cable Facade - Obsidian
appliedenergistics2:item.ItemFacade:0, Cable Facade - Obsidian
appliedenergistics2:item.ItemFacade:0, Cable Facade - Obsidian
appliedenergistics2:item.ItemFacade:0, Cable Facade - Packed Ice
appliedenergistics2:item.ItemFacade:0, Cable Facade - Packed Ice
appliedenergistics2:item.ItemFacade:0, Cable Facade - Packed Ice
appliedenergistics2:item.ItemFacade:0, Cable Facade - Packed Ice
appliedenergistics2:item.ItemFacade:0, Cable Facade - Packed Ice
appliedenergistics2:item.ItemFacade:0, Cable Facade - Packed Ice
appliedenergistics2:item.ItemFacade:0, Cable Facade - Packed Ice
appliedenergistics2:item.ItemFacade:0, Cable Facade - Packed Ice
appliedenergistics2:item.ItemFacade:0, Cable Facade - Packed Ice
appliedenergistics2:item.ItemFacade:0, Cable Facade - Packed Ice
appliedenergistics2:item.ItemFacade:0, Cable Facade - Packed Ice
appliedenergistics2:item.ItemFacade:0, Cable Facade - Packed Ice
appliedenergistics2:item.ItemFacade:0, Cable Facade - Packed Ice
appliedenergistics2:item.ItemFacade:0, Cable Facade - Packed Ice
appliedenergistics2:item.ItemFacade:0, Cable Facade - Packed Ice
appliedenergistics2:item.ItemFacade:0, Cable Facade - Packed Ice Pillar
appliedenergistics2:item.ItemFacade:0, Cable Facade - Packed Ice Pillar
appliedenergistics2:item.ItemFacade:0, Cable Facade - Packed Ice Pillar
appliedenergistics2:item.ItemFacade:0, Cable Facade - Packed Ice Pillar
appliedenergistics2:item.ItemFacade:0, Cable Facade - Packed Ice Pillar
appliedenergistics2:item.ItemFacade:0, Cable Facade - Packed Ice Pillar
appliedenergistics2:item.ItemFacade:0, Cable Facade - Packed Ice Pillar
appliedenergistics2:item.ItemFacade:0, Cable Facade - Paperwall Block
appliedenergistics2:item.ItemFacade:0, Cable Facade - Paperwall Block
appliedenergistics2:item.ItemFacade:0, Cable Facade - Paperwall Block
appliedenergistics2:item.ItemFacade:0, Cable Facade - Paperwall Block
appliedenergistics2:item.ItemFacade:0, Cable Facade - Paperwall Block
appliedenergistics2:item.ItemFacade:0, Cable Facade - Paperwall Block
appliedenergistics2:item.ItemFacade:0, Cable Facade - Paperwall Block
appliedenergistics2:item.ItemFacade:0, Cable Facade - Paperwall Block
appliedenergistics2:item.ItemFacade:0, Cable Facade - Paperwall Block
appliedenergistics2:item.ItemFacade:0, Cable Facade - Purpur Block
appliedenergistics2:item.ItemFacade:0, Cable Facade - Purpur Block
appliedenergistics2:item.ItemFacade:0, Cable Facade - Purpur Block
appliedenergistics2:item.ItemFacade:0, Cable Facade - Purpur Block
appliedenergistics2:item.ItemFacade:0, Cable Facade - Purpur Block
appliedenergistics2:item.ItemFacade:0, Cable Facade - Purpur Block
appliedenergistics2:item.ItemFacade:0, Cable Facade - Purpur Block
appliedenergistics2:item.ItemFacade:0, Cable Facade - Purpur Block
appliedenergistics2:item.ItemFacade:0, Cable Facade - Purpur Block
appliedenergistics2:item.ItemFacade:0, Cable Facade - Purpur Block
appliedenergistics2:item.ItemFacade:0, Cable Facade - Purpur Block
appliedenergistics2:item.ItemFacade:0, Cable Facade - Redstone Block
appliedenergistics2:item.ItemFacade:0, Cable Facade - Redstone Block
appliedenergistics2:item.ItemFacade:0, Cable Facade - Redstone Block
appliedenergistics2:item.ItemFacade:0, Cable Facade - Redstone Block
appliedenergistics2:item.ItemFacade:0, Cable Facade - Redstone Block
appliedenergistics2:item.ItemFacade:0, Cable Facade - Redstone Block
appliedenergistics2:item.ItemFacade:0, Cable Facade - Redstone Block
appliedenergistics2:item.ItemFacade:0, Cable Facade - Redstone Block
appliedenergistics2:item.ItemFacade:0, Cable Facade - Redstone Block
appliedenergistics2:item.ItemFacade:0, Cable Facade - Redstone Block
appliedenergistics2:item.ItemFacade:0, Cable Facade - Redstone Block
appliedenergistics2:item.ItemFacade:0, Cable Facade - Redstone Block
appliedenergistics2:item.ItemFacade:0, Cable Facade - Redstone Block
appliedenergistics2:item.ItemFacade:0, Cable Facade - Redstone Block
appliedenergistics2:item.ItemFacade:0, Cable Facade - Redstone Block
appliedenergistics2:item.ItemFacade:0, Cable Facade - Sandstone
appliedenergistics2:item.ItemFacade:0, Cable Facade - Sandstone
appliedenergistics2:item.ItemFacade:0, Cable Facade - Sandstone
appliedenergistics2:item.ItemFacade:0, Cable Facade - Sandstone
appliedenergistics2:item.ItemFacade:0, Cable Facade - Sandstone
appliedenergistics2:item.ItemFacade:0, Cable Facade - Sandstone
appliedenergistics2:item.ItemFacade:0, Cable Facade - Sandstone
appliedenergistics2:item.ItemFacade:0, Cable Facade - Sandstone
appliedenergistics2:item.ItemFacade:0, Cable Facade - Sandstone
appliedenergistics2:item.ItemFacade:0, Cable Facade - Sandstone
appliedenergistics2:item.ItemFacade:0, Cable Facade - Sandstone
appliedenergistics2:item.ItemFacade:0, Cable Facade - Sandstone
appliedenergistics2:item.ItemFacade:0, Cable Facade - Sandstone
appliedenergistics2:item.ItemFacade:0, Cable Facade - Sandstone
appliedenergistics2:item.ItemFacade:0, Cable Facade - Sandstone
appliedenergistics2:item.ItemFacade:0, Cable Facade - Sandstone
appliedenergistics2:item.ItemFacade:0, Cable Facade - Sandstone
appliedenergistics2:item.ItemFacade:0, Cable Facade - Sandstone
appliedenergistics2:item.ItemFacade:0, Cable Facade - Sandstone Scribbles
appliedenergistics2:item.ItemFacade:0, Cable Facade - Sandstone Scribbles
appliedenergistics2:item.ItemFacade:0, Cable Facade - Sandstone Scribbles
appliedenergistics2:item.ItemFacade:0, Cable Facade - Sandstone Scribbles
appliedenergistics2:item.ItemFacade:0, Cable Facade - Sandstone Scribbles
appliedenergistics2:item.ItemFacade:0, Cable Facade - Sandstone Scribbles
appliedenergistics2:item.ItemFacade:0, Cable Facade - Sandstone Scribbles
appliedenergistics2:item.ItemFacade:0, Cable Facade - Sandstone Scribbles
appliedenergistics2:item.ItemFacade:0, Cable Facade - Sandstone Scribbles
appliedenergistics2:item.ItemFacade:0, Cable Facade - Sandstone Scribbles
appliedenergistics2:item.ItemFacade:0, Cable Facade - Sandstone Scribbles
appliedenergistics2:item.ItemFacade:0, Cable Facade - Sandstone Scribbles
appliedenergistics2:item.ItemFacade:0, Cable Facade - Sandstone Scribbles
appliedenergistics2:item.ItemFacade:0, Cable Facade - Sandstone Scribbles
appliedenergistics2:item.ItemFacade:0, Cable Facade - Sandstone Scribbles
appliedenergistics2:item.ItemFacade:0, Cable Facade - Sandstone Scribbles
appliedenergistics2:item.ItemFacade:0, Cable Facade - Block of Silver
appliedenergistics2:item.ItemFacade:0, Cable Facade - Block of Silver
appliedenergistics2:item.ItemFacade:0, Cable Facade - Block of Silver
appliedenergistics2:item.ItemFacade:0, Cable Facade - Block of Silver
appliedenergistics2:item.ItemFacade:0, Cable Facade - Block of Silver
appliedenergistics2:item.ItemFacade:0, Cable Facade - Block of Silver
appliedenergistics2:item.ItemFacade:0, Cable Facade - Sand Snakestone
appliedenergistics2:item.ItemFacade:0, Cable Facade - Sand Snakestone
appliedenergistics2:item.ItemFacade:0, Cable Facade - Stone Snakestone
appliedenergistics2:item.ItemFacade:0, Cable Facade - Stone Snakestone
appliedenergistics2:item.ItemFacade:0, Cable Facade - Obsidian Snakestone
appliedenergistics2:item.ItemFacade:0, Cable Facade - Obsidian Snakestone
appliedenergistics2:item.ItemFacade:0, Cable Facade - Block of Steel
appliedenergistics2:item.ItemFacade:0, Cable Facade - Block of Steel
appliedenergistics2:item.ItemFacade:0, Cable Facade - Block of Steel
appliedenergistics2:item.ItemFacade:0, Cable Facade - Block of Steel
appliedenergistics2:item.ItemFacade:0, Cable Facade - Block of Steel
appliedenergistics2:item.ItemFacade:0, Cable Facade - Block of Steel
appliedenergistics2:item.ItemFacade:0, Cable Facade - Stone Bricks
appliedenergistics2:item.ItemFacade:0, Cable Facade - Stone Bricks
appliedenergistics2:item.ItemFacade:0, Cable Facade - Stone Bricks
appliedenergistics2:item.ItemFacade:0, Cable Facade - Stone Bricks
appliedenergistics2:item.ItemFacade:0, Cable Facade - Stone Bricks
appliedenergistics2:item.ItemFacade:0, Cable Facade - Stone Bricks
appliedenergistics2:item.ItemFacade:0, Cable Facade - Stone Bricks
appliedenergistics2:item.ItemFacade:0, Cable Facade - Stone Bricks
appliedenergistics2:item.ItemFacade:0, Cable Facade - Stone Bricks
appliedenergistics2:item.ItemFacade:0, Cable Facade - Stone Bricks
appliedenergistics2:item.ItemFacade:0, Cable Facade - Stone Bricks
appliedenergistics2:item.ItemFacade:0, Cable Facade - Stone Bricks
appliedenergistics2:item.ItemFacade:0, Cable Facade - Stone Bricks
appliedenergistics2:item.ItemFacade:0, Cable Facade - Stone Bricks
appliedenergistics2:item.ItemFacade:0, Cable Facade - Stone Bricks
appliedenergistics2:item.ItemFacade:0, Cable Facade - Stone Bricks
appliedenergistics2:item.ItemFacade:0, Cable Facade - Svelstone block
appliedenergistics2:item.ItemFacade:0, Cable Facade - Svelstone block
appliedenergistics2:item.ItemFacade:0, Cable Facade - Svelstone block
appliedenergistics2:item.ItemFacade:0, Cable Facade - Svelstone block
appliedenergistics2:item.ItemFacade:0, Cable Facade - Svelstone block
appliedenergistics2:item.ItemFacade:0, Cable Facade - Svelstone block
appliedenergistics2:item.ItemFacade:0, Cable Facade - Svelstone block
appliedenergistics2:item.ItemFacade:0, Cable Facade - Svelstone block
appliedenergistics2:item.ItemFacade:0, Cable Facade - Svelstone block
appliedenergistics2:item.ItemFacade:0, Cable Facade - Svelstone block
appliedenergistics2:item.ItemFacade:0, Cable Facade - Svelstone block
appliedenergistics2:item.ItemFacade:0, Cable Facade - Svelstone block
appliedenergistics2:item.ItemFacade:0, Cable Facade - Svelstone block
appliedenergistics2:item.ItemFacade:0, Cable Facade - Svelstone block
appliedenergistics2:item.ItemFacade:0, Cable Facade - Svelstone block
appliedenergistics2:item.ItemFacade:0, Cable Facade - Svelstone block
appliedenergistics2:item.ItemFacade:0, Cable Facade - Technical Block
appliedenergistics2:item.ItemFacade:0, Cable Facade - Technical Block
appliedenergistics2:item.ItemFacade:0, Cable Facade - Technical Block
appliedenergistics2:item.ItemFacade:0, Cable Facade - Technical Block
appliedenergistics2:item.ItemFacade:0, Cable Facade - Technical Block
appliedenergistics2:item.ItemFacade:0, Cable Facade - Technical Block
appliedenergistics2:item.ItemFacade:0, Cable Facade - Technical Block
appliedenergistics2:item.ItemFacade:0, Cable Facade - Technical Block
appliedenergistics2:item.ItemFacade:0, Cable Facade - Technical Block
appliedenergistics2:item.ItemFacade:0, Cable Facade - Technical Block
appliedenergistics2:item.ItemFacade:0, Cable Facade - Technical Block
appliedenergistics2:item.ItemFacade:0, Cable Facade - Technical Block
appliedenergistics2:item.ItemFacade:0, Cable Facade - Technical Block
appliedenergistics2:item.ItemFacade:0, Cable Facade - Technical Block
appliedenergistics2:item.ItemFacade:0, Cable Facade - Technical Block
appliedenergistics2:item.ItemFacade:0, Cable Facade - Technical Block
appliedenergistics2:item.ItemFacade:0, Cable Facade - Transparent Technical Block
appliedenergistics2:item.ItemFacade:0, Cable Facade - Transparent Technical Block
appliedenergistics2:item.ItemFacade:0, Cable Facade - Transparent Technical Block
appliedenergistics2:item.ItemFacade:0, Cable Facade - Transparent Technical Block
appliedenergistics2:item.ItemFacade:0, Cable Facade - Industrial Technical Block
appliedenergistics2:item.ItemFacade:0, Cable Facade - Industrial Technical Block
appliedenergistics2:item.ItemFacade:0, Cable Facade - Technical Block
appliedenergistics2:item.ItemFacade:0, Cable Facade - Technical Block
appliedenergistics2:item.ItemFacade:0, Cable Facade - Technical Block
appliedenergistics2:item.ItemFacade:0, Cable Facade - Technical Block
appliedenergistics2:item.ItemFacade:0, Cable Facade - Technical Block
appliedenergistics2:item.ItemFacade:0, Cable Facade - Technical Block
appliedenergistics2:item.ItemFacade:0, Cable Facade - Technical Block
appliedenergistics2:item.ItemFacade:0, Cable Facade - Technical Block
appliedenergistics2:item.ItemFacade:0, Cable Facade - Technical Block
appliedenergistics2:item.ItemFacade:0, Cable Facade - Technical Block
appliedenergistics2:item.ItemFacade:0, Cable Facade - Technical Block
appliedenergistics2:item.ItemFacade:0, Cable Facade - Technical Block
appliedenergistics2:item.ItemFacade:0, Cable Facade - Technical Block
appliedenergistics2:item.ItemFacade:0, Cable Facade - Technical Block
appliedenergistics2:item.ItemFacade:0, Cable Facade - Temple Block
appliedenergistics2:item.ItemFacade:0, Cable Facade - Temple Block
appliedenergistics2:item.ItemFacade:0, Cable Facade - Temple Block
appliedenergistics2:item.ItemFacade:0, Cable Facade - Temple Block
appliedenergistics2:item.ItemFacade:0, Cable Facade - Temple Block
appliedenergistics2:item.ItemFacade:0, Cable Facade - Temple Block
appliedenergistics2:item.ItemFacade:0, Cable Facade - Temple Block
appliedenergistics2:item.ItemFacade:0, Cable Facade - Temple Block
appliedenergistics2:item.ItemFacade:0, Cable Facade - Temple Block
appliedenergistics2:item.ItemFacade:0, Cable Facade - Temple Block
appliedenergistics2:item.ItemFacade:0, Cable Facade - Temple Block
appliedenergistics2:item.ItemFacade:0, Cable Facade - Temple Block
appliedenergistics2:item.ItemFacade:0, Cable Facade - Temple Block
appliedenergistics2:item.ItemFacade:0, Cable Facade - Temple Block
appliedenergistics2:item.ItemFacade:0, Cable Facade - Temple Block
appliedenergistics2:item.ItemFacade:0, Cable Facade - Temple Block
appliedenergistics2:item.ItemFacade:0, Cable Facade - Mossy Temple Block
appliedenergistics2:item.ItemFacade:0, Cable Facade - Mossy Temple Block
appliedenergistics2:item.ItemFacade:0, Cable Facade - Mossy Temple Block
appliedenergistics2:item.ItemFacade:0, Cable Facade - Mossy Temple Block
appliedenergistics2:item.ItemFacade:0, Cable Facade - Mossy Temple Block
appliedenergistics2:item.ItemFacade:0, Cable Facade - Mossy Temple Block
appliedenergistics2:item.ItemFacade:0, Cable Facade - Mossy Temple Block
appliedenergistics2:item.ItemFacade:0, Cable Facade - Mossy Temple Block
appliedenergistics2:item.ItemFacade:0, Cable Facade - Mossy Temple Block
appliedenergistics2:item.ItemFacade:0, Cable Facade - Mossy Temple Block
appliedenergistics2:item.ItemFacade:0, Cable Facade - Mossy Temple Block
appliedenergistics2:item.ItemFacade:0, Cable Facade - Mossy Temple Block
appliedenergistics2:item.ItemFacade:0, Cable Facade - Mossy Temple Block
appliedenergistics2:item.ItemFacade:0, Cable Facade - Mossy Temple Block
appliedenergistics2:item.ItemFacade:0, Cable Facade - Mossy Temple Block
appliedenergistics2:item.ItemFacade:0, Cable Facade - Mossy Temple Block
appliedenergistics2:item.ItemFacade:0, Cable Facade - Block of Tin
appliedenergistics2:item.ItemFacade:0, Cable Facade - Block of Tin
appliedenergistics2:item.ItemFacade:0, Cable Facade - Block of Tin
appliedenergistics2:item.ItemFacade:0, Cable Facade - Block of Tin
appliedenergistics2:item.ItemFacade:0, Cable Facade - Block of Tin
appliedenergistics2:item.ItemFacade:0, Cable Facade - Block of Tin
appliedenergistics2:item.ItemFacade:0, Cable Facade - Tyrian
appliedenergistics2:item.ItemFacade:0, Cable Facade - Tyrian
appliedenergistics2:item.ItemFacade:0, Cable Facade - Tyrian
appliedenergistics2:item.ItemFacade:0, Cable Facade - Tyrian
appliedenergistics2:item.ItemFacade:0, Cable Facade - Tyrian
appliedenergistics2:item.ItemFacade:0, Cable Facade - Tyrian
appliedenergistics2:item.ItemFacade:0, Cable Facade - Tyrian
appliedenergistics2:item.ItemFacade:0, Cable Facade - Tyrian
appliedenergistics2:item.ItemFacade:0, Cable Facade - Tyrian
appliedenergistics2:item.ItemFacade:0, Cable Facade - Tyrian
appliedenergistics2:item.ItemFacade:0, Cable Facade - Tyrian
appliedenergistics2:item.ItemFacade:0, Cable Facade - Tyrian
appliedenergistics2:item.ItemFacade:0, Cable Facade - Tyrian
appliedenergistics2:item.ItemFacade:0, Cable Facade - Tyrian
appliedenergistics2:item.ItemFacade:0, Cable Facade - Tyrian
appliedenergistics2:item.ItemFacade:0, Cable Facade - Tyrian
appliedenergistics2:item.ItemFacade:0, Cable Facade - Block of Uranium
appliedenergistics2:item.ItemFacade:0, Cable Facade - Block of Uranium
appliedenergistics2:item.ItemFacade:0, Cable Facade - Block of Uranium
appliedenergistics2:item.ItemFacade:0, Cable Facade - Block of Uranium
appliedenergistics2:item.ItemFacade:0, Cable Facade - Block of Uranium
appliedenergistics2:item.ItemFacade:0, Cable Facade - Block of Uranium
appliedenergistics2:item.ItemFacade:0, Cable Facade - Valentines Block
appliedenergistics2:item.ItemFacade:0, Cable Facade - Valentines Block
appliedenergistics2:item.ItemFacade:0, Cable Facade - Valentines Block
appliedenergistics2:item.ItemFacade:0, Cable Facade - Valentines Block
appliedenergistics2:item.ItemFacade:0, Cable Facade - Valentines Block
appliedenergistics2:item.ItemFacade:0, Cable Facade - Valentines Block
appliedenergistics2:item.ItemFacade:0, Cable Facade - Valentines Block
appliedenergistics2:item.ItemFacade:0, Cable Facade - Valentines Block
appliedenergistics2:item.ItemFacade:0, Cable Facade - Valentines Block
appliedenergistics2:item.ItemFacade:0, Cable Facade - Valentines Block
appliedenergistics2:item.ItemFacade:0, Cable Facade - Voidstone
appliedenergistics2:item.ItemFacade:0, Cable Facade - Voidstone
appliedenergistics2:item.ItemFacade:0, Cable Facade - Voidstone
appliedenergistics2:item.ItemFacade:0, Cable Facade - Voidstone
appliedenergistics2:item.ItemFacade:0, Cable Facade - Voidstone
appliedenergistics2:item.ItemFacade:0, Cable Facade - Voidstone
appliedenergistics2:item.ItemFacade:0, Cable Facade - Voidstone
appliedenergistics2:item.ItemFacade:0, Cable Facade - Voidstone
appliedenergistics2:item.ItemFacade:0, Cable Facade - Energised Voidstone
appliedenergistics2:item.ItemFacade:0, Cable Facade - Energised Voidstone
appliedenergistics2:item.ItemFacade:0, Cable Facade - Energised Voidstone
appliedenergistics2:item.ItemFacade:0, Cable Facade - Energised Voidstone
appliedenergistics2:item.ItemFacade:0, Cable Facade - Energised Voidstone
appliedenergistics2:item.ItemFacade:0, Cable Facade - Energised Voidstone
appliedenergistics2:item.ItemFacade:0, Cable Facade - Energised Voidstone
appliedenergistics2:item.ItemFacade:0, Cable Facade - Energised Voidstone
appliedenergistics2:item.ItemFacade:0, Cable Facade - Runic Voidstone
appliedenergistics2:item.ItemFacade:0, Cable Facade - Runic Voidstone
appliedenergistics2:item.ItemFacade:0, Cable Facade - Runic Voidstone
appliedenergistics2:item.ItemFacade:0, Cable Facade - Runic Voidstone
appliedenergistics2:item.ItemFacade:0, Cable Facade - Runic Voidstone
appliedenergistics2:item.ItemFacade:0, Cable Facade - Runic Voidstone
appliedenergistics2:item.ItemFacade:0, Cable Facade - Runic Voidstone
appliedenergistics2:item.ItemFacade:0, Cable Facade - Runic Voidstone
appliedenergistics2:item.ItemFacade:0, Cable Facade - Runic Voidstone
appliedenergistics2:item.ItemFacade:0, Cable Facade - Runic Voidstone
appliedenergistics2:item.ItemFacade:0, Cable Facade - Runic Voidstone
appliedenergistics2:item.ItemFacade:0, Cable Facade - Runic Voidstone
appliedenergistics2:item.ItemFacade:0, Cable Facade - Runic Voidstone
appliedenergistics2:item.ItemFacade:0, Cable Facade - Runic Voidstone
appliedenergistics2:item.ItemFacade:0, Cable Facade - Runic Voidstone
appliedenergistics2:item.ItemFacade:0, Cable Facade - Voidstone Pillar
appliedenergistics2:item.ItemFacade:0, Cable Facade - Energised Voidstone Pillar
appliedenergistics2:item.ItemFacade:0, Cable Facade - Warning Sign
appliedenergistics2:item.ItemFacade:0, Cable Facade - Warning Sign
appliedenergistics2:item.ItemFacade:0, Cable Facade - Warning Sign
appliedenergistics2:item.ItemFacade:0, Cable Facade - Warning Sign
appliedenergistics2:item.ItemFacade:0, Cable Facade - Warning Sign
appliedenergistics2:item.ItemFacade:0, Cable Facade - Warning Sign
appliedenergistics2:item.ItemFacade:0, Cable Facade - Warning Sign
appliedenergistics2:item.ItemFacade:0, Cable Facade - Warning Sign
appliedenergistics2:item.ItemFacade:0, Cable Facade - Warning Sign
appliedenergistics2:item.ItemFacade:0, Cable Facade - Warning Sign
appliedenergistics2:item.ItemFacade:0, Cable Facade - Warning Sign
appliedenergistics2:item.ItemFacade:0, Cable Facade - Warning Sign
appliedenergistics2:item.ItemFacade:0, Cable Facade - Warning Sign
appliedenergistics2:item.ItemFacade:0, Cable Facade - Warning Sign
appliedenergistics2:item.ItemFacade:0, Cable Facade - Warning Sign
appliedenergistics2:item.ItemFacade:0, Cable Facade - Waterstone
appliedenergistics2:item.ItemFacade:0, Cable Facade - Waterstone
appliedenergistics2:item.ItemFacade:0, Cable Facade - Waterstone
appliedenergistics2:item.ItemFacade:0, Cable Facade - Waterstone
appliedenergistics2:item.ItemFacade:0, Cable Facade - Waterstone
appliedenergistics2:item.ItemFacade:0, Cable Facade - Waterstone
appliedenergistics2:item.ItemFacade:0, Cable Facade - Waterstone
appliedenergistics2:item.ItemFacade:0, Cable Facade - Oak Wood Planks
appliedenergistics2:item.ItemFacade:0, Cable Facade - Oak Wood Planks
appliedenergistics2:item.ItemFacade:0, Cable Facade - Oak Wood Planks
appliedenergistics2:item.ItemFacade:0, Cable Facade - Oak Wood Planks
appliedenergistics2:item.ItemFacade:0, Cable Facade - Oak Wood Planks
appliedenergistics2:item.ItemFacade:0, Cable Facade - Oak Wood Planks
appliedenergistics2:item.ItemFacade:0, Cable Facade - Oak Wood Planks
appliedenergistics2:item.ItemFacade:0, Cable Facade - Oak Wood Planks
appliedenergistics2:item.ItemFacade:0, Cable Facade - Oak Wood Planks
appliedenergistics2:item.ItemFacade:0, Cable Facade - Oak Wood Planks
appliedenergistics2:item.ItemFacade:0, Cable Facade - Oak Wood Planks
appliedenergistics2:item.ItemFacade:0, Cable Facade - Oak Wood Planks
appliedenergistics2:item.ItemFacade:0, Cable Facade - Oak Wood Planks
appliedenergistics2:item.ItemFacade:0, Cable Facade - Oak Wood Planks
appliedenergistics2:item.ItemFacade:0, Cable Facade - Oak Wood Planks
appliedenergistics2:item.ItemFacade:0, Cable Facade - Spruce Wood Planks
appliedenergistics2:item.ItemFacade:0, Cable Facade - Spruce Wood Planks
appliedenergistics2:item.ItemFacade:0, Cable Facade - Spruce Wood Planks
appliedenergistics2:item.ItemFacade:0, Cable Facade - Spruce Wood Planks
appliedenergistics2:item.ItemFacade:0, Cable Facade - Spruce Wood Planks
appliedenergistics2:item.ItemFacade:0, Cable Facade - Spruce Wood Planks
appliedenergistics2:item.ItemFacade:0, Cable Facade - Spruce Wood Planks
appliedenergistics2:item.ItemFacade:0, Cable Facade - Spruce Wood Planks
appliedenergistics2:item.ItemFacade:0, Cable Facade - Spruce Wood Planks
appliedenergistics2:item.ItemFacade:0, Cable Facade - Spruce Wood Planks
appliedenergistics2:item.ItemFacade:0, Cable Facade - Spruce Wood Planks
appliedenergistics2:item.ItemFacade:0, Cable Facade - Spruce Wood Planks
appliedenergistics2:item.ItemFacade:0, Cable Facade - Spruce Wood Planks
appliedenergistics2:item.ItemFacade:0, Cable Facade - Spruce Wood Planks
appliedenergistics2:item.ItemFacade:0, Cable Facade - Spruce Wood Planks
appliedenergistics2:item.ItemFacade:0, Cable Facade - Birch Wood Planks
appliedenergistics2:item.ItemFacade:0, Cable Facade - Birch Wood Planks
appliedenergistics2:item.ItemFacade:0, Cable Facade - Birch Wood Planks
appliedenergistics2:item.ItemFacade:0, Cable Facade - Birch Wood Planks
appliedenergistics2:item.ItemFacade:0, Cable Facade - Birch Wood Planks
appliedenergistics2:item.ItemFacade:0, Cable Facade - Birch Wood Planks
appliedenergistics2:item.ItemFacade:0, Cable Facade - Birch Wood Planks
appliedenergistics2:item.ItemFacade:0, Cable Facade - Birch Wood Planks
appliedenergistics2:item.ItemFacade:0, Cable Facade - Birch Wood Planks
appliedenergistics2:item.ItemFacade:0, Cable Facade - Birch Wood Planks
appliedenergistics2:item.ItemFacade:0, Cable Facade - Birch Wood Planks
appliedenergistics2:item.ItemFacade:0, Cable Facade - Birch Wood Planks
appliedenergistics2:item.ItemFacade:0, Cable Facade - Birch Wood Planks
appliedenergistics2:item.ItemFacade:0, Cable Facade - Birch Wood Planks
appliedenergistics2:item.ItemFacade:0, Cable Facade - Birch Wood Planks
appliedenergistics2:item.ItemFacade:0, Cable Facade - Jungle Wood Planks
appliedenergistics2:item.ItemFacade:0, Cable Facade - Jungle Wood Planks
appliedenergistics2:item.ItemFacade:0, Cable Facade - Jungle Wood Planks
appliedenergistics2:item.ItemFacade:0, Cable Facade - Jungle Wood Planks
appliedenergistics2:item.ItemFacade:0, Cable Facade - Jungle Wood Planks
appliedenergistics2:item.ItemFacade:0, Cable Facade - Jungle Wood Planks
appliedenergistics2:item.ItemFacade:0, Cable Facade - Jungle Wood Planks
appliedenergistics2:item.ItemFacade:0, Cable Facade - Jungle Wood Planks
appliedenergistics2:item.ItemFacade:0, Cable Facade - Jungle Wood Planks
appliedenergistics2:item.ItemFacade:0, Cable Facade - Jungle Wood Planks
appliedenergistics2:item.ItemFacade:0, Cable Facade - Jungle Wood Planks
appliedenergistics2:item.ItemFacade:0, Cable Facade - Jungle Wood Planks
appliedenergistics2:item.ItemFacade:0, Cable Facade - Jungle Wood Planks
appliedenergistics2:item.ItemFacade:0, Cable Facade - Jungle Wood Planks
appliedenergistics2:item.ItemFacade:0, Cable Facade - Jungle Wood Planks
appliedenergistics2:item.ItemFacade:0, Cable Facade - Acacia Wood Planks
appliedenergistics2:item.ItemFacade:0, Cable Facade - Acacia Wood Planks
appliedenergistics2:item.ItemFacade:0, Cable Facade - Acacia Wood Planks
appliedenergistics2:item.ItemFacade:0, Cable Facade - Acacia Wood Planks
appliedenergistics2:item.ItemFacade:0, Cable Facade - Acacia Wood Planks
appliedenergistics2:item.ItemFacade:0, Cable Facade - Acacia Wood Planks
appliedenergistics2:item.ItemFacade:0, Cable Facade - Acacia Wood Planks
appliedenergistics2:item.ItemFacade:0, Cable Facade - Acacia Wood Planks
appliedenergistics2:item.ItemFacade:0, Cable Facade - Acacia Wood Planks
appliedenergistics2:item.ItemFacade:0, Cable Facade - Acacia Wood Planks
appliedenergistics2:item.ItemFacade:0, Cable Facade - Acacia Wood Planks
appliedenergistics2:item.ItemFacade:0, Cable Facade - Acacia Wood Planks
appliedenergistics2:item.ItemFacade:0, Cable Facade - Acacia Wood Planks
appliedenergistics2:item.ItemFacade:0, Cable Facade - Acacia Wood Planks
appliedenergistics2:item.ItemFacade:0, Cable Facade - Acacia Wood Planks
appliedenergistics2:item.ItemFacade:0, Cable Facade - Dark Oak Wood Planks
appliedenergistics2:item.ItemFacade:0, Cable Facade - Dark Oak Wood Planks
appliedenergistics2:item.ItemFacade:0, Cable Facade - Dark Oak Wood Planks
appliedenergistics2:item.ItemFacade:0, Cable Facade - Dark Oak Wood Planks
appliedenergistics2:item.ItemFacade:0, Cable Facade - Dark Oak Wood Planks
appliedenergistics2:item.ItemFacade:0, Cable Facade - Dark Oak Wood Planks
appliedenergistics2:item.ItemFacade:0, Cable Facade - Dark Oak Wood Planks
appliedenergistics2:item.ItemFacade:0, Cable Facade - Dark Oak Wood Planks
appliedenergistics2:item.ItemFacade:0, Cable Facade - Dark Oak Wood Planks
appliedenergistics2:item.ItemFacade:0, Cable Facade - Dark Oak Wood Planks
appliedenergistics2:item.ItemFacade:0, Cable Facade - Dark Oak Wood Planks
appliedenergistics2:item.ItemFacade:0, Cable Facade - Dark Oak Wood Planks
appliedenergistics2:item.ItemFacade:0, Cable Facade - Dark Oak Wood Planks
appliedenergistics2:item.ItemFacade:0, Cable Facade - Dark Oak Wood Planks
appliedenergistics2:item.ItemFacade:0, Cable Facade - Dark Oak Wood Planks
appliedenergistics2:item.ItemFacade:0, Cable Facade - Woolen Clay
appliedenergistics2:item.ItemFacade:0, Cable Facade - Woolen Clay
appliedenergistics2:item.ItemFacade:0, Cable Facade - Woolen Clay
appliedenergistics2:item.ItemFacade:0, Cable Facade - Woolen Clay
appliedenergistics2:item.ItemFacade:0, Cable Facade - Woolen Clay
appliedenergistics2:item.ItemFacade:0, Cable Facade - Woolen Clay
appliedenergistics2:item.ItemFacade:0, Cable Facade - Woolen Clay
appliedenergistics2:item.ItemFacade:0, Cable Facade - Woolen Clay
appliedenergistics2:item.ItemFacade:0, Cable Facade - Woolen Clay
appliedenergistics2:item.ItemFacade:0, Cable Facade - Woolen Clay
appliedenergistics2:item.ItemFacade:0, Cable Facade - Woolen Clay
appliedenergistics2:item.ItemFacade:0, Cable Facade - Woolen Clay
appliedenergistics2:item.ItemFacade:0, Cable Facade - Woolen Clay
appliedenergistics2:item.ItemFacade:0, Cable Facade - Woolen Clay
appliedenergistics2:item.ItemFacade:0, Cable Facade - Woolen Clay
appliedenergistics2:item.ItemFacade:0, Cable Facade - Woolen Clay
appliedenergistics2:item.ItemFacade:0, Cable Facade - Froglight
appliedenergistics2:item.ItemFacade:0, Cable Facade - Froglight
appliedenergistics2:item.ItemFacade:0, Cable Facade - Froglight
appliedenergistics2:item.ItemFacade:0, Cable Facade - Froglight
appliedenergistics2:item.ItemFacade:0, Cable Facade - Froglight
appliedenergistics2:item.ItemFacade:0, Cable Facade - Froglight
appliedenergistics2:item.ItemFacade:0, Cable Facade - Froglight
appliedenergistics2:item.ItemFacade:0, Cable Facade - Froglight
appliedenergistics2:item.ItemFacade:0, Cable Facade - Froglight
appliedenergistics2:item.ItemFacade:0, Cable Facade - Froglight
appliedenergistics2:item.ItemFacade:0, Cable Facade - Lantern
appliedenergistics2:item.ItemFacade:0, Cable Facade - Lantern
appliedenergistics2:item.ItemFacade:0, Cable Facade - Lantern
appliedenergistics2:item.ItemFacade:0, Cable Facade - Lantern
appliedenergistics2:item.ItemFacade:0, Cable Facade - Lantern
appliedenergistics2:item.ItemFacade:0, Cable Facade - Lantern
appliedenergistics2:item.ItemFacade:0, Cable Facade - Sheetmetal
appliedenergistics2:item.ItemFacade:0, Cable Facade - Sheetmetal
appliedenergistics2:item.ItemFacade:0, Cable Facade - Sheetmetal
appliedenergistics2:item.ItemFacade:0, Cable Facade - Sheetmetal
appliedenergistics2:item.ItemFacade:0, Cable Facade - Sheetmetal
appliedenergistics2:item.ItemFacade:0, Cable Facade - Sheetmetal
appliedenergistics2:item.ItemFacade:0, Cable Facade - Sheetmetal
appliedenergistics2:item.ItemFacade:0, Cable Facade - Sheetmetal
appliedenergistics2:item.ItemFacade:0, Cable Facade - Sheetmetal
appliedenergistics2:item.ItemFacade:0, Cable Facade - Sheetmetal
appliedenergistics2:item.ItemFacade:0, Cable Facade - Moss
appliedenergistics2:item.ItemFacade:0, Cable Facade - Moss
appliedenergistics2:item.ItemFacade:0, Cable Facade - Moss
appliedenergistics2:item.ItemFacade:0, Cable Facade - Moss
appliedenergistics2:item.ItemFacade:0, Cable Facade - Moss
appliedenergistics2:item.ItemFacade:0, Cable Facade - Moss
appliedenergistics2:item.ItemFacade:0, Cable Facade - Moss
appliedenergistics2:item.ItemFacade:0, Cable Facade - Moss
appliedenergistics2:item.ItemFacade:0, Cable Facade - Moss
appliedenergistics2:item.ItemFacade:0, Cable Facade - Moss
appliedenergistics2:item.ItemFacade:0, Cable Facade - Moss
appliedenergistics2:item.ItemFacade:0, Cable Facade - Block of Electrum
appliedenergistics2:item.ItemFacade:0, Cable Facade - Block of Electrum
appliedenergistics2:item.ItemFacade:0, Cable Facade - Block of Electrum
appliedenergistics2:item.ItemFacade:0, Cable Facade - Block of Electrum
appliedenergistics2:item.ItemFacade:0, Cable Facade - Block of Electrum
appliedenergistics2:item.ItemFacade:0, Cable Facade - Block of Electrum
appliedenergistics2:item.ItemFacade:0, Cable Facade - Block of Electrum
appliedenergistics2:item.ItemFacade:0, Cable Facade - Block of Invar
appliedenergistics2:item.ItemFacade:0, Cable Facade - Block of Invar
appliedenergistics2:item.ItemFacade:0, Cable Facade - Block of Invar
appliedenergistics2:item.ItemFacade:0, Cable Facade - Block of Invar
appliedenergistics2:item.ItemFacade:0, Cable Facade - Block of Invar
appliedenergistics2:item.ItemFacade:0, Cable Facade - Block of Invar
appliedenergistics2:item.ItemFacade:0, Cable Facade - Block of Invar
appliedenergistics2:item.ItemFacade:0, Cable Facade - Block of Nickel
appliedenergistics2:item.ItemFacade:0, Cable Facade - Block of Nickel
appliedenergistics2:item.ItemFacade:0, Cable Facade - Block of Nickel
appliedenergistics2:item.ItemFacade:0, Cable Facade - Block of Nickel
appliedenergistics2:item.ItemFacade:0, Cable Facade - Block of Nickel
appliedenergistics2:item.ItemFacade:0, Cable Facade - Block of Nickel
appliedenergistics2:item.ItemFacade:0, Cable Facade - Block of Nickel
appliedenergistics2:item.ItemFacade:0, Cable Facade - Block of Platinum
appliedenergistics2:item.ItemFacade:0, Cable Facade - Block of Platinum
appliedenergistics2:item.ItemFacade:0, Cable Facade - Block of Platinum
appliedenergistics2:item.ItemFacade:0, Cable Facade - Block of Platinum
appliedenergistics2:item.ItemFacade:0, Cable Facade - Block of Platinum
appliedenergistics2:item.ItemFacade:0, Cable Facade - Block of Platinum
appliedenergistics2:item.ItemFacade:0, Cable Facade - Block of Platinum
appliedenergistics2:item.ItemFacade:0, Cable Facade - Block of Cast Iron
appliedenergistics2:item.ItemFacade:0, Cable Facade - Block of Cast Iron
appliedenergistics2:item.ItemFacade:0, Cable Facade - Block of Cast Iron
appliedenergistics2:item.ItemFacade:0, Cable Facade - Block of Cast Iron
appliedenergistics2:item.ItemFacade:0, Cable Facade - Block of Cast Iron
appliedenergistics2:item.ItemFacade:0, Cable Facade - Block of Cast Iron
appliedenergistics2:item.ItemFacade:0, Cable Facade - Block of Cast Iron
appliedenergistics2:item.ItemFacade:0, Cable Facade - Block of Cast Iron
appliedenergistics2:item.ItemFacade:0, Cable Facade - Block of Titanium
appliedenergistics2:item.ItemFacade:0, Cable Facade - Block of Titanium
appliedenergistics2:item.ItemFacade:0, Cable Facade - Block of Titanium
appliedenergistics2:item.ItemFacade:0, Cable Facade - Block of Titanium
appliedenergistics2:item.ItemFacade:0, Cable Facade - Block of Titanium
appliedenergistics2:item.ItemFacade:0, Cable Facade - Block of Titanium
appliedenergistics2:item.ItemFacade:0, Cable Facade - Block of Titanium
appliedenergistics2:item.ItemFacade:0, Cable Facade - Block of Titanium
appliedenergistics2:item.ItemFacade:0, Cable Facade - Block of Stainless Steel
appliedenergistics2:item.ItemFacade:0, Cable Facade - Block of Stainless Steel
appliedenergistics2:item.ItemFacade:0, Cable Facade - Block of Stainless Steel
appliedenergistics2:item.ItemFacade:0, Cable Facade - Block of Stainless Steel
appliedenergistics2:item.ItemFacade:0, Cable Facade - Block of Stainless Steel
appliedenergistics2:item.ItemFacade:0, Cable Facade - Block of Stainless Steel
appliedenergistics2:item.ItemFacade:0, Cable Facade - Block of Stainless Steel
appliedenergistics2:item.ItemFacade:0, Cable Facade - Block of Stainless Steel
appliedenergistics2:item.ItemFacade:0, Cable Facade - Block of Tungstensteel
appliedenergistics2:item.ItemFacade:0, Cable Facade - Block of Tungstensteel
appliedenergistics2:item.ItemFacade:0, Cable Facade - Block of Tungstensteel
appliedenergistics2:item.ItemFacade:0, Cable Facade - Block of Tungstensteel
appliedenergistics2:item.ItemFacade:0, Cable Facade - Block of Tungstensteel
appliedenergistics2:item.ItemFacade:0, Cable Facade - Block of Tungstensteel
appliedenergistics2:item.ItemFacade:0, Cable Facade - Block of Tungstensteel
appliedenergistics2:item.ItemFacade:0, Cable Facade - Block of Tungstensteel
appliedenergistics2:item.ItemFacade:0, Cable Facade - Block of Rhodium-Plated Palladium
appliedenergistics2:item.ItemFacade:0, Cable Facade - Block of Rhodium-Plated Palladium
appliedenergistics2:item.ItemFacade:0, Cable Facade - Block of Rhodium-Plated Palladium
appliedenergistics2:item.ItemFacade:0, Cable Facade - Block of Rhodium-Plated Palladium
appliedenergistics2:item.ItemFacade:0, Cable Facade - Block of Rhodium-Plated Palladium
appliedenergistics2:item.ItemFacade:0, Cable Facade - Block of Rhodium-Plated Palladium
appliedenergistics2:item.ItemFacade:0, Cable Facade - Block of Rhodium-Plated Palladium
appliedenergistics2:item.ItemFacade:0, Cable Facade - Block of Rhodium-Plated Palladium
appliedenergistics2:item.ItemFacade:0, Cable Facade - Block of Iridium
appliedenergistics2:item.ItemFacade:0, Cable Facade - Block of Iridium
appliedenergistics2:item.ItemFacade:0, Cable Facade - Block of Iridium
appliedenergistics2:item.ItemFacade:0, Cable Facade - Block of Iridium
appliedenergistics2:item.ItemFacade:0, Cable Facade - Block of Iridium
appliedenergistics2:item.ItemFacade:0, Cable Facade - Block of Iridium
appliedenergistics2:item.ItemFacade:0, Cable Facade - Block of Iridium
appliedenergistics2:item.ItemFacade:0, Cable Facade - Block of Iridium
appliedenergistics2:item.ItemFacade:0, Cable Facade - Block of Osmium
appliedenergistics2:item.ItemFacade:0, Cable Facade - Block of Osmium
appliedenergistics2:item.ItemFacade:0, Cable Facade - Block of Osmium
appliedenergistics2:item.ItemFacade:0, Cable Facade - Block of Osmium
appliedenergistics2:item.ItemFacade:0, Cable Facade - Block of Osmium
appliedenergistics2:item.ItemFacade:0, Cable Facade - Block of Osmium
appliedenergistics2:item.ItemFacade:0, Cable Facade - Block of Osmium
appliedenergistics2:item.ItemFacade:0, Cable Facade - Block of Osmium
appliedenergistics2:item.ItemFacade:0, Cable Facade - Block of Cobalt
appliedenergistics2:item.ItemFacade:0, Cable Facade - Block of Cobalt
appliedenergistics2:item.ItemFacade:0, Cable Facade - Block of Cobalt
appliedenergistics2:item.ItemFacade:0, Cable Facade - Block of Cobalt
appliedenergistics2:item.ItemFacade:0, Cable Facade - Block of Cobalt
appliedenergistics2:item.ItemFacade:0, Cable Facade - Block of Cobalt
appliedenergistics2:item.ItemFacade:0, Cable Facade - Block of Cobalt
appliedenergistics2:item.ItemFacade:0, Cable Facade - Coral
appliedenergistics2:item.ItemFacade:0, Cable Facade - Coral
appliedenergistics2:item.ItemFacade:0, Cable Facade - Coral
appliedenergistics2:item.ItemFacade:0, Cable Facade - Coral
appliedenergistics2:item.ItemFacade:0, Cable Facade - Coral
appliedenergistics2:item.ItemFacade:0, Cable Facade - Coral
appliedenergistics2:item.ItemFacade:0, Cable Facade - Coral
appliedenergistics2:item.ItemFacade:0, Cable Facade - Coral
appliedenergistics2:item.ItemFacade:0, Cable Facade - Coral
appliedenergistics2:item.ItemFacade:0, Cable Facade - Coral
appliedenergistics2:item.ItemFacade:0, Cable Facade - Coral
appliedenergistics2:item.ItemFacade:0, Cable Facade - Coral
appliedenergistics2:item.ItemFacade:0, Cable Facade - Coral
appliedenergistics2:item.ItemFacade:0, Cable Facade - Coral
appliedenergistics2:item.ItemFacade:0, Cable Facade - Coral
appliedenergistics2:item.ItemFacade:0, Cable Facade - Coral
appliedenergistics2:item.ItemFacade:0, Cable Facade - Mud
appliedenergistics2:item.ItemFacade:0, Cable Facade - Mud
appliedenergistics2:item.ItemFacade:0, Cable Facade - Mud
appliedenergistics2:item.ItemFacade:0, Cable Facade - Mud
appliedenergistics2:item.ItemFacade:0, Cable Facade - Mud
appliedenergistics2:item.ItemFacade:0, Cable Facade - Mud
appliedenergistics2:item.ItemFacade:0, Cable Facade - Mud
appliedenergistics2:item.ItemFacade:0, Cable Facade - Musical Block
appliedenergistics2:item.ItemFacade:0, Cable Facade - Musical Block
appliedenergistics2:item.ItemFacade:0, Cable Facade - Musical Block
appliedenergistics2:item.ItemFacade:0, Cable Facade - Musical Block
appliedenergistics2:item.ItemFacade:0, Cable Facade - Musical Block
appliedenergistics2:item.ItemFacade:0, Cable Facade - Musical Block
appliedenergistics2:item.ItemFacade:0, Cable Facade - Musical Block
appliedenergistics2:item.ItemFacade:0, Cable Facade - Musical Block
appliedenergistics2:item.ItemFacade:0, Cable Facade - Musical Block
appliedenergistics2:item.ItemFacade:0, Cable Facade - Musical Block
appliedenergistics2:item.ItemFacade:0, Cable Facade - Musical Block
appliedenergistics2:item.ItemFacade:0, Cable Facade - Musical Block
appliedenergistics2:item.ItemFacade:0, Cable Facade - Musical Block
appliedenergistics2:item.ItemFacade:0, Cable Facade - Musical Block
appliedenergistics2:item.ItemFacade:0, Cable Facade - Musical Block
appliedenergistics2:item.ItemFacade:0, Cable Facade - Musical Block
appliedenergistics2:item.ItemFacade:0, Cable Facade - Musical Block
appliedenergistics2:item.ItemFacade:0, Cable Facade - Musical Block
appliedenergistics2:item.ItemFacade:0, Cable Facade - Musical Block
appliedenergistics2:item.ItemFacade:0, Cable Facade - Brutalist Block
appliedenergistics2:item.ItemFacade:0, Cable Facade - Brutalist Block
appliedenergistics2:item.ItemFacade:0, Cable Facade - Brutalist Block
appliedenergistics2:item.ItemFacade:0, Cable Facade - Brutalist Block
appliedenergistics2:item.ItemFacade:0, Cable Facade - Brutalist Block
appliedenergistics2:item.ItemFacade:0, Cable Facade - Brutalist Block
appliedenergistics2:item.ItemFacade:0, Cable Facade - Brutalist Block
appliedenergistics2:item.ItemFacade:0, Cable Facade - Brutalist Block
appliedenergistics2:item.ItemFacade:0, Cable Facade - Brutalist Block
appliedenergistics2:item.ItemFacade:0, Cable Facade - Brutalist Block
appliedenergistics2:item.ItemFacade:0, Cable Facade - Porcelain Block
appliedenergistics2:item.ItemFacade:0, Cable Facade - Porcelain Block
appliedenergistics2:item.ItemFacade:0, Cable Facade - Porcelain Block
appliedenergistics2:item.ItemFacade:0, Cable Facade - Porcelain Block
appliedenergistics2:item.ItemFacade:0, Cable Facade - Porcelain Block
appliedenergistics2:item.ItemFacade:0, Cable Facade - Porcelain Block
appliedenergistics2:item.ItemFacade:0, Cable Facade - Porcelain Block
appliedenergistics2:item.ItemFacade:0, Cable Facade - Porcelain Block
appliedenergistics2:item.ItemFacade:0, Cable Facade - Porcelain Block
appliedenergistics2:item.ItemFacade:0, Cable Facade - Porcelain Block
appliedenergistics2:item.ItemFacade:0, Cable Facade - Porcelain Block
appliedenergistics2:item.ItemFacade:0, Cable Facade - Porcelain Block
appliedenergistics2:item.ItemFacade:0, Cable Facade - Porcelain Block
appliedenergistics2:item.ItemFacade:0, Cable Facade - Alabaster Block
appliedenergistics2:item.ItemFacade:0, Cable Facade - Alabaster Block
appliedenergistics2:item.ItemFacade:0, Cable Facade - Alabaster Block
appliedenergistics2:item.ItemFacade:0, Cable Facade - Alabaster Block
appliedenergistics2:item.ItemFacade:0, Cable Facade - Alabaster Block
appliedenergistics2:item.ItemFacade:0, Cable Facade - Alabaster Block
appliedenergistics2:item.ItemFacade:0, Cable Facade - Alabaster Block
appliedenergistics2:item.ItemFacade:0, Cable Facade - Alabaster Block
appliedenergistics2:item.ItemFacade:0, Cable Facade - Alabaster Block
appliedenergistics2:item.ItemFacade:0, Cable Facade - Alabaster Block
appliedenergistics2:item.ItemFacade:0, Cable Facade - Alabaster Block
appliedenergistics2:item.ItemFacade:0, Cable Facade - Road Block
appliedenergistics2:item.ItemFacade:0, Cable Facade - Road Block
appliedenergistics2:item.ItemFacade:0, Cable Facade - Road Block
appliedenergistics2:item.ItemFacade:0, Cable Facade - Road Block
appliedenergistics2:item.ItemFacade:0, Cable Facade - Road Block
appliedenergistics2:item.ItemFacade:0, Cable Facade - Road Block
appliedenergistics2:item.ItemFacade:0, Cable Facade - Road Block
appliedenergistics2:item.ItemFacade:0, Cable Facade - Road Block
appliedenergistics2:item.ItemFacade:0, Cable Facade - Road Block
appliedenergistics2:item.ItemFacade:0, Cable Facade - Road Block
appliedenergistics2:item.ItemFacade:0, Cable Facade - Road Block
appliedenergistics2:item.ItemFacade:0, Cable Facade - Road Block
appliedenergistics2:item.ItemFacade:0, Cable Facade - Road Block
appliedenergistics2:item.ItemFacade:0, Cable Facade - Road Block
appliedenergistics2:item.ItemFacade:0, Cable Facade - Road Block
appliedenergistics2:item.ItemFacade:0, Cable Facade - Road Block
appliedenergistics2:item.ItemFacade:0, Cable Facade - Road Block
appliedenergistics2:item.ItemFacade:0, Cable Facade - Road Block
appliedenergistics2:item.ItemFacade:0, Cable Facade - Road Block
appliedenergistics2:item.ItemFacade:0, Cable Facade - Road Block
appliedenergistics2:item.ItemFacade:0, Cable Facade - Road Block
appliedenergistics2:item.ItemFacade:0, Cable Facade - Road Block
appliedenergistics2:item.ItemFacade:0, Cable Facade - Road Block
appliedenergistics2:item.ItemFacade:0, Cable Facade - Road Block
appliedenergistics2:item.ItemFacade:0, Cable Facade - Road Block
appliedenergistics2:item.ItemFacade:0, Cable Facade - Road Block
appliedenergistics2:item.ItemFacade:0, Cable Facade - Road Block
appliedenergistics2:item.ItemFacade:0, Cable Facade - Road Block
appliedenergistics2:item.ItemFacade:0, Cable Facade - Road Block
appliedenergistics2:item.ItemFacade:0, Cable Facade - Road Block
appliedenergistics2:item.ItemFacade:0, Cable Facade - Road Block
appliedenergistics2:item.ItemFacade:0, Cable Facade - Road Block
appliedenergistics2:item.ItemFacade:0, Cable Facade - Block of Chamelium
appliedenergistics2:item.ItemFacade:0, Cable Facade - End Stone
appliedenergistics2:item.ItemFacade:0, Cable Facade - Prismarine
appliedenergistics2:item.ItemFacade:0, Cable Facade - Prismarine Bricks
appliedenergistics2:item.ItemFacade:0, Cable Facade - Dark Prismarine
appliedenergistics2:item.ItemFacade:0, Cable Facade - Sea Lantern
appliedenergistics2:item.ItemFacade:0, Cable Facade - Red Sandstone
appliedenergistics2:item.ItemFacade:0, Cable Facade - Chiseled Red Sandstone
appliedenergistics2:item.ItemFacade:0, Cable Facade - Cut Red Sandstone
appliedenergistics2:item.ItemFacade:0, Cable Facade - Mushroom
appliedenergistics2:item.ItemFacade:0, Cable Facade - Mushroom
appliedenergistics2:item.ItemFacade:0, Cable Facade - Coarse Dirt
appliedenergistics2:item.ItemFacade:0, Cable Facade - Wet Sponge
appliedenergistics2:item.ItemFacade:0, Cable Facade - Purpur Block
appliedenergistics2:item.ItemFacade:0, Cable Facade - Purpur Pillar
appliedenergistics2:item.ItemFacade:0, Cable Facade - End Stone Bricks
appliedenergistics2:item.ItemFacade:0, Cable Facade - Bone Block
appliedenergistics2:item.ItemFacade:0, Cable Facade - Red Nether Bricks
appliedenergistics2:item.ItemFacade:0, Cable Facade - Cracked Nether Bricks
appliedenergistics2:item.ItemFacade:0, Cable Facade - Chiseled Nether Bricks
appliedenergistics2:item.ItemFacade:0, Cable Facade - Ancient Debris
appliedenergistics2:item.ItemFacade:0, Cable Facade - Block of Netherite
appliedenergistics2:item.ItemFacade:0, Cable Facade - Nether Gold Ore
appliedenergistics2:item.ItemFacade:0, Cable Facade - Blue Ice
appliedenergistics2:item.ItemFacade:0, Cable Facade - Smooth Stone
appliedenergistics2:item.ItemFacade:0, Cable Facade - Smooth Sandstone
appliedenergistics2:item.ItemFacade:0, Cable Facade - Smooth Red Sandstone
appliedenergistics2:item.ItemFacade:0, Cable Facade - Smooth Quartz
appliedenergistics2:item.ItemFacade:0, Cable Facade - Quartz Bricks
appliedenergistics2:item.ItemFacade:0, Cable Facade - Stripped Oak Log
appliedenergistics2:item.ItemFacade:0, Cable Facade - Stripped Spruce Log
appliedenergistics2:item.ItemFacade:0, Cable Facade - Stripped Birch Log
appliedenergistics2:item.ItemFacade:0, Cable Facade - Stripped Jungle Log
appliedenergistics2:item.ItemFacade:0, Cable Facade - Stripped Acacia Log
appliedenergistics2:item.ItemFacade:0, Cable Facade - Stripped Dark Oak Log
appliedenergistics2:item.ItemFacade:0, Cable Facade - Oak Wood
appliedenergistics2:item.ItemFacade:0, Cable Facade - Spruce Wood
appliedenergistics2:item.ItemFacade:0, Cable Facade - Birch Wood
appliedenergistics2:item.ItemFacade:0, Cable Facade - Jungle Wood
appliedenergistics2:item.ItemFacade:0, Cable Facade - Acacia Wood
appliedenergistics2:item.ItemFacade:0, Cable Facade - Dark Oak Wood
appliedenergistics2:item.ItemFacade:0, Cable Facade - Stripped Oak Wood
appliedenergistics2:item.ItemFacade:0, Cable Facade - Stripped Spruce Wood
appliedenergistics2:item.ItemFacade:0, Cable Facade - Stripped Birch Wood
appliedenergistics2:item.ItemFacade:0, Cable Facade - Stripped Jungle Wood
appliedenergistics2:item.ItemFacade:0, Cable Facade - Stripped Acacia Wood
appliedenergistics2:item.ItemFacade:0, Cable Facade - Stripped Dark Oak Wood
appliedenergistics2:item.ItemFacade:0, Cable Facade - White Glazed Terracotta
appliedenergistics2:item.ItemFacade:0, Cable Facade - Orange Glazed Terracotta
appliedenergistics2:item.ItemFacade:0, Cable Facade - Magenta Glazed Terracotta
appliedenergistics2:item.ItemFacade:0, Cable Facade - Light Blue Glazed Terracotta
appliedenergistics2:item.ItemFacade:0, Cable Facade - Yellow Glazed Terracotta
appliedenergistics2:item.ItemFacade:0, Cable Facade - Lime Glazed Terracotta
appliedenergistics2:item.ItemFacade:0, Cable Facade - Pink Glazed Terracotta
appliedenergistics2:item.ItemFacade:0, Cable Facade - Gray Glazed Terracotta
appliedenergistics2:item.ItemFacade:0, Cable Facade - Light Gray Glazed Terracotta
appliedenergistics2:item.ItemFacade:0, Cable Facade - Cyan Glazed Terracotta
appliedenergistics2:item.ItemFacade:0, Cable Facade - Purple Glazed Terracotta
appliedenergistics2:item.ItemFacade:0, Cable Facade - Blue Glazed Terracotta
appliedenergistics2:item.ItemFacade:0, Cable Facade - Brown Glazed Terracotta
appliedenergistics2:item.ItemFacade:0, Cable Facade - Green Glazed Terracotta
appliedenergistics2:item.ItemFacade:0, Cable Facade - Red Glazed Terracotta
appliedenergistics2:item.ItemFacade:0, Cable Facade - Black Glazed Terracotta
appliedenergistics2:item.ItemFacade:0, Cable Facade - Deepslate
appliedenergistics2:item.ItemFacade:0, Cable Facade - Cobbled Deepslate
appliedenergistics2:item.ItemFacade:0, Cable Facade - Polished Deepslate
appliedenergistics2:item.ItemFacade:0, Cable Facade - Deepslate Bricks
appliedenergistics2:item.ItemFacade:0, Cable Facade - Cracked Deepslate Bricks
appliedenergistics2:item.ItemFacade:0, Cable Facade - Deepslate Tiles
appliedenergistics2:item.ItemFacade:0, Cable Facade - Cracked Deepslate Tiles
appliedenergistics2:item.ItemFacade:0, Cable Facade - Chiseled Deepslate
appliedenergistics2:item.ItemFacade:0, Cable Facade - Basalt
appliedenergistics2:item.ItemFacade:0, Cable Facade - Polished Basalt
appliedenergistics2:item.ItemFacade:0, Cable Facade - Smooth Basalt
appliedenergistics2:item.ItemFacade:0, Cable Facade - Calcite
appliedenergistics2:item.ItemFacade:0, Cable Facade - Amethyst Block
appliedenergistics2:item.ItemFacade:0, Cable Facade - Tinted Glass
appliedenergistics2:item.ItemFacade:0, Cable Facade - Mud
appliedenergistics2:item.ItemFacade:0, Cable Facade - Packed Mud
appliedenergistics2:item.ItemFacade:0, Cable Facade - Mud Bricks
appliedenergistics2:item.ItemFacade:0, Cable Facade - Observer
appliedenergistics2:item.ItemFacade:0, Cable Facade - Target
appliedenergistics2:item.ItemFacade:0, Cable Facade - Magma Block
appliedenergistics2:item.ItemFacade:0, Cable Facade - Smithing Table
appliedenergistics2:item.ItemFacade:0, Cable Facade - Fletching Table
appliedenergistics2:item.ItemFacade:0, Cable Facade - Cartography Table
appliedenergistics2:item.ItemFacade:0, Cable Facade - Loom
appliedenergistics2:item.ItemFacade:0, Cable Facade - Honeycomb Block
appliedenergistics2:item.ItemFacade:0, Cable Facade - Blackstone
appliedenergistics2:item.ItemFacade:0, Cable Facade - Polished Blackstone
appliedenergistics2:item.ItemFacade:0, Cable Facade - Polished Blackstone Bricks
appliedenergistics2:item.ItemFacade:0, Cable Facade - Cracked Polished Blackstone Bricks
appliedenergistics2:item.ItemFacade:0, Cable Facade - Chiseled Polished Blackstone
appliedenergistics2:item.ItemFacade:0, Cable Facade - Gilded Blackstone
appliedenergistics2:item.ItemFacade:0, Cable Facade - Soul Soil
appliedenergistics2:item.ItemFacade:0, Cable Facade - Nether Wart Block
appliedenergistics2:item.ItemFacade:0, Cable Facade - Cherry Planks
appliedenergistics2:item.ItemFacade:0, Cable Facade - Bamboo Planks
appliedenergistics2:item.ItemFacade:0, Cable Facade - Cherry Slab
appliedenergistics2:item.ItemFacade:0, Cable Facade - Bamboo Slab
appliedenergistics2:item.ItemFacade:0, Cable Facade - Cherry Log
appliedenergistics2:item.ItemFacade:0, Cable Facade - Cherry Wood
appliedenergistics2:item.ItemFacade:0, Cable Facade - Stripped Cherry Log
appliedenergistics2:item.ItemFacade:0, Cable Facade - Stripped Cherry Wood
appliedenergistics2:item.ItemFacade:0, Cable Facade - Bamboo Block
appliedenergistics2:item.ItemFacade:0, Cable Facade - Stripped Bamboo Block
appliedenergistics2:item.ItemFacade:0, Cable Facade - Bamboo Mosaic
appliedenergistics2:item.ItemFacade:0, Cable Facade - Coarse Gravel
appliedenergistics2:item.ItemFacade:0, Cable Facade - tile.structure_anchor.name
appliedenergistics2:item.ItemFacade:0, Cable Facade - Iron Ore
appliedenergistics2:item.ItemFacade:0, Cable Facade - Iron Ore
appliedenergistics2:item.ItemFacade:0, Cable Facade - Iron Ore
appliedenergistics2:item.ItemFacade:0, Cable Facade - Iron Ore
appliedenergistics2:item.ItemFacade:0, Cable Facade - Iron Ore
appliedenergistics2:item.ItemFacade:0, Cable Facade - Iron Ore
appliedenergistics2:item.ItemFacade:0, Cable Facade - Iron Ore
appliedenergistics2:item.ItemFacade:0, Cable Facade - Iron Ore
appliedenergistics2:item.ItemFacade:0, Cable Facade - Iron Ore
appliedenergistics2:item.ItemFacade:0, Cable Facade - Iron Ore
appliedenergistics2:item.ItemFacade:0, Cable Facade - Iron Ore
appliedenergistics2:item.ItemFacade:0, Cable Facade - Iron Ore
appliedenergistics2:item.ItemFacade:0, Cable Facade - Iron Ore
appliedenergistics2:item.ItemFacade:0, Cable Facade - Gold Ore
appliedenergistics2:item.ItemFacade:0, Cable Facade - Gold Ore
appliedenergistics2:item.ItemFacade:0, Cable Facade - Gold Ore
appliedenergistics2:item.ItemFacade:0, Cable Facade - Gold Ore
appliedenergistics2:item.ItemFacade:0, Cable Facade - Gold Ore
appliedenergistics2:item.ItemFacade:0, Cable Facade - Gold Ore
appliedenergistics2:item.ItemFacade:0, Cable Facade - Gold Ore
appliedenergistics2:item.ItemFacade:0, Cable Facade - Gold Ore
appliedenergistics2:item.ItemFacade:0, Cable Facade - Gold Ore
appliedenergistics2:item.ItemFacade:0, Cable Facade - Gold Ore
appliedenergistics2:item.ItemFacade:0, Cable Facade - Gold Ore
appliedenergistics2:item.ItemFacade:0, Cable Facade - Gold Ore
appliedenergistics2:item.ItemFacade:0, Cable Facade - Gold Ore
appliedenergistics2:item.ItemFacade:0, Cable Facade - Redstone Ore
appliedenergistics2:item.ItemFacade:0, Cable Facade - Redstone Ore
appliedenergistics2:item.ItemFacade:0, Cable Facade - Redstone Ore
appliedenergistics2:item.ItemFacade:0, Cable Facade - Redstone Ore
appliedenergistics2:item.ItemFacade:0, Cable Facade - Redstone Ore
appliedenergistics2:item.ItemFacade:0, Cable Facade - Redstone Ore
appliedenergistics2:item.ItemFacade:0, Cable Facade - Redstone Ore
appliedenergistics2:item.ItemFacade:0, Cable Facade - Redstone Ore
appliedenergistics2:item.ItemFacade:0, Cable Facade - Redstone Ore
appliedenergistics2:item.ItemFacade:0, Cable Facade - Redstone Ore
appliedenergistics2:item.ItemFacade:0, Cable Facade - Redstone Ore
appliedenergistics2:item.ItemFacade:0, Cable Facade - Redstone Ore
appliedenergistics2:item.ItemFacade:0, Cable Facade - Redstone Ore
appliedenergistics2:item.ItemFacade:0, Cable Facade - Lapis Lazuli Ore
appliedenergistics2:item.ItemFacade:0, Cable Facade - Lapis Lazuli Ore
appliedenergistics2:item.ItemFacade:0, Cable Facade - Lapis Lazuli Ore
appliedenergistics2:item.ItemFacade:0, Cable Facade - Lapis Lazuli Ore
appliedenergistics2:item.ItemFacade:0, Cable Facade - Lapis Lazuli Ore
appliedenergistics2:item.ItemFacade:0, Cable Facade - Lapis Lazuli Ore
appliedenergistics2:item.ItemFacade:0, Cable Facade - Lapis Lazuli Ore
appliedenergistics2:item.ItemFacade:0, Cable Facade - Lapis Lazuli Ore
appliedenergistics2:item.ItemFacade:0, Cable Facade - Lapis Lazuli Ore
appliedenergistics2:item.ItemFacade:0, Cable Facade - Lapis Lazuli Ore
appliedenergistics2:item.ItemFacade:0, Cable Facade - Lapis Lazuli Ore
appliedenergistics2:item.ItemFacade:0, Cable Facade - Lapis Lazuli Ore
appliedenergistics2:item.ItemFacade:0, Cable Facade - Lapis Lazuli Ore
appliedenergistics2:item.ItemFacade:0, Cable Facade - Emerald Ore
appliedenergistics2:item.ItemFacade:0, Cable Facade - Emerald Ore
appliedenergistics2:item.ItemFacade:0, Cable Facade - Emerald Ore
appliedenergistics2:item.ItemFacade:0, Cable Facade - Emerald Ore
appliedenergistics2:item.ItemFacade:0, Cable Facade - Emerald Ore
appliedenergistics2:item.ItemFacade:0, Cable Facade - Emerald Ore
appliedenergistics2:item.ItemFacade:0, Cable Facade - Emerald Ore
appliedenergistics2:item.ItemFacade:0, Cable Facade - Emerald Ore
appliedenergistics2:item.ItemFacade:0, Cable Facade - Emerald Ore
appliedenergistics2:item.ItemFacade:0, Cable Facade - Emerald Ore
appliedenergistics2:item.ItemFacade:0, Cable Facade - Emerald Ore
appliedenergistics2:item.ItemFacade:0, Cable Facade - Emerald Ore
appliedenergistics2:item.ItemFacade:0, Cable Facade - Emerald Ore
appliedenergistics2:item.ItemFacade:0, Cable Facade - Quartz Ore
appliedenergistics2:item.ItemFacade:0, Cable Facade - Quartz Ore
appliedenergistics2:item.ItemFacade:0, Cable Facade - Quartz Ore
appliedenergistics2:item.ItemFacade:0, Cable Facade - Quartz Ore
appliedenergistics2:item.ItemFacade:0, Cable Facade - Quartz Ore
appliedenergistics2:item.ItemFacade:0, Cable Facade - Quartz Ore
appliedenergistics2:item.ItemFacade:0, Cable Facade - Quartz Ore
appliedenergistics2:item.ItemFacade:0, Cable Facade - Quartz Ore
appliedenergistics2:item.ItemFacade:0, Cable Facade - Quartz Ore
appliedenergistics2:item.ItemFacade:0, Cable Facade - Quartz Ore
appliedenergistics2:item.ItemFacade:0, Cable Facade - Quartz Ore
appliedenergistics2:item.ItemFacade:0, Cable Facade - Quartz Ore
appliedenergistics2:item.ItemFacade:0, Cable Facade - Quartz Ore
appliedenergistics2:item.ItemFacade:0, Cable Facade - Diamond Ore
appliedenergistics2:item.ItemFacade:0, Cable Facade - Diamond Ore
appliedenergistics2:item.ItemFacade:0, Cable Facade - Diamond Ore
appliedenergistics2:item.ItemFacade:0, Cable Facade - Diamond Ore
appliedenergistics2:item.ItemFacade:0, Cable Facade - Diamond Ore
appliedenergistics2:item.ItemFacade:0, Cable Facade - Diamond Ore
appliedenergistics2:item.ItemFacade:0, Cable Facade - Diamond Ore
appliedenergistics2:item.ItemFacade:0, Cable Facade - Diamond Ore
appliedenergistics2:item.ItemFacade:0, Cable Facade - Diamond Ore
appliedenergistics2:item.ItemFacade:0, Cable Facade - Diamond Ore
appliedenergistics2:item.ItemFacade:0, Cable Facade - Diamond Ore
appliedenergistics2:item.ItemFacade:0, Cable Facade - Diamond Ore
appliedenergistics2:item.ItemFacade:0, Cable Facade - Diamond Ore
appliedenergistics2:item.ItemFacade:0, Cable Facade - Thorium Ore
appliedenergistics2:item.ItemFacade:0, Cable Facade - Thorium Ore
appliedenergistics2:item.ItemFacade:0, Cable Facade - Thorium Ore
appliedenergistics2:item.ItemFacade:0, Cable Facade - Thorium Ore
appliedenergistics2:item.ItemFacade:0, Cable Facade - Thorium Ore
appliedenergistics2:item.ItemFacade:0, Cable Facade - Thorium Ore
appliedenergistics2:item.ItemFacade:0, Cable Facade - Thorium Ore
appliedenergistics2:item.ItemFacade:0, Cable Facade - Thorium Ore
appliedenergistics2:item.ItemFacade:0, Cable Facade - Thorium Ore
appliedenergistics2:item.ItemFacade:0, Cable Facade - Thorium Ore
appliedenergistics2:item.ItemFacade:0, Cable Facade - Thorium Ore
appliedenergistics2:item.ItemFacade:0, Cable Facade - Thorium Ore
appliedenergistics2:item.ItemFacade:0, Cable Facade - Thorium Ore
appliedenergistics2:item.ItemFacade:0, Cable Facade - Morkite Ore
appliedenergistics2:item.ItemFacade:0, Cable Facade - Morkite Ore
appliedenergistics2:item.ItemFacade:0, Cable Facade - Morkite Ore
appliedenergistics2:item.ItemFacade:0, Cable Facade - Morkite Ore
appliedenergistics2:item.ItemFacade:0, Cable Facade - Morkite Ore
appliedenergistics2:item.ItemFacade:0, Cable Facade - Morkite Ore
appliedenergistics2:item.ItemFacade:0, Cable Facade - Morkite Ore
appliedenergistics2:item.ItemFacade:0, Cable Facade - Morkite Ore
appliedenergistics2:item.ItemFacade:0, Cable Facade - Morkite Ore
appliedenergistics2:item.ItemFacade:0, Cable Facade - Morkite Ore
appliedenergistics2:item.ItemFacade:0, Cable Facade - Morkite Ore
appliedenergistics2:item.ItemFacade:0, Cable Facade - Morkite Ore
appliedenergistics2:item.ItemFacade:0, Cable Facade - Morkite Ore
appliedenergistics2:item.ItemFacade:0, Cable Facade - Titanium Ore
appliedenergistics2:item.ItemFacade:0, Cable Facade - Titanium Ore
appliedenergistics2:item.ItemFacade:0, Cable Facade - Titanium Ore
appliedenergistics2:item.ItemFacade:0, Cable Facade - Titanium Ore
appliedenergistics2:item.ItemFacade:0, Cable Facade - Titanium Ore
appliedenergistics2:item.ItemFacade:0, Cable Facade - Titanium Ore
appliedenergistics2:item.ItemFacade:0, Cable Facade - Titanium Ore
appliedenergistics2:item.ItemFacade:0, Cable Facade - Titanium Ore
appliedenergistics2:item.ItemFacade:0, Cable Facade - Titanium Ore
appliedenergistics2:item.ItemFacade:0, Cable Facade - Titanium Ore
appliedenergistics2:item.ItemFacade:0, Cable Facade - Titanium Ore
appliedenergistics2:item.ItemFacade:0, Cable Facade - Titanium Ore
appliedenergistics2:item.ItemFacade:0, Cable Facade - Titanium Ore
appliedenergistics2:item.ItemFacade:0, Cable Facade - Sulfur Ore
appliedenergistics2:item.ItemFacade:0, Cable Facade - Sulfur Ore
appliedenergistics2:item.ItemFacade:0, Cable Facade - Sulfur Ore
appliedenergistics2:item.ItemFacade:0, Cable Facade - Sulfur Ore
appliedenergistics2:item.ItemFacade:0, Cable Facade - Sulfur Ore
appliedenergistics2:item.ItemFacade:0, Cable Facade - Sulfur Ore
appliedenergistics2:item.ItemFacade:0, Cable Facade - Sulfur Ore
appliedenergistics2:item.ItemFacade:0, Cable Facade - Sulfur Ore
appliedenergistics2:item.ItemFacade:0, Cable Facade - Sulfur Ore
appliedenergistics2:item.ItemFacade:0, Cable Facade - Sulfur Ore
appliedenergistics2:item.ItemFacade:0, Cable Facade - Sulfur Ore
appliedenergistics2:item.ItemFacade:0, Cable Facade - Sulfur Ore
appliedenergistics2:item.ItemFacade:0, Cable Facade - Sulfur Ore
appliedenergistics2:item.ItemFacade:0, Cable Facade - Glowstone Ore
appliedenergistics2:item.ItemFacade:0, Cable Facade - Glowstone Ore
appliedenergistics2:item.ItemFacade:0, Cable Facade - Glowstone Ore
appliedenergistics2:item.ItemFacade:0, Cable Facade - Glowstone Ore
appliedenergistics2:item.ItemFacade:0, Cable Facade - Glowstone Ore
appliedenergistics2:item.ItemFacade:0, Cable Facade - Glowstone Ore
appliedenergistics2:item.ItemFacade:0, Cable Facade - Glowstone Ore
appliedenergistics2:item.ItemFacade:0, Cable Facade - Glowstone Ore
appliedenergistics2:item.ItemFacade:0, Cable Facade - Glowstone Ore
appliedenergistics2:item.ItemFacade:0, Cable Facade - Glowstone Ore
appliedenergistics2:item.ItemFacade:0, Cable Facade - Glowstone Ore
appliedenergistics2:item.ItemFacade:0, Cable Facade - Glowstone Ore
appliedenergistics2:item.ItemFacade:0, Cable Facade - Glowstone Ore
appliedenergistics2:item.ItemFacade:0, Cable Facade - Niter Ore
appliedenergistics2:item.ItemFacade:0, Cable Facade - Niter Ore
appliedenergistics2:item.ItemFacade:0, Cable Facade - Niter Ore
appliedenergistics2:item.ItemFacade:0, Cable Facade - Niter Ore
appliedenergistics2:item.ItemFacade:0, Cable Facade - Niter Ore
appliedenergistics2:item.ItemFacade:0, Cable Facade - Niter Ore
appliedenergistics2:item.ItemFacade:0, Cable Facade - Niter Ore
appliedenergistics2:item.ItemFacade:0, Cable Facade - Niter Ore
appliedenergistics2:item.ItemFacade:0, Cable Facade - Niter Ore
appliedenergistics2:item.ItemFacade:0, Cable Facade - Niter Ore
appliedenergistics2:item.ItemFacade:0, Cable Facade - Niter Ore
appliedenergistics2:item.ItemFacade:0, Cable Facade - Niter Ore
appliedenergistics2:item.ItemFacade:0, Cable Facade - Niter Ore
appliedenergistics2:item.ItemFacade:0, Cable Facade - Copper Ore
appliedenergistics2:item.ItemFacade:0, Cable Facade - Copper Ore
appliedenergistics2:item.ItemFacade:0, Cable Facade - Copper Ore
appliedenergistics2:item.ItemFacade:0, Cable Facade - Copper Ore
appliedenergistics2:item.ItemFacade:0, Cable Facade - Copper Ore
appliedenergistics2:item.ItemFacade:0, Cable Facade - Copper Ore
appliedenergistics2:item.ItemFacade:0, Cable Facade - Copper Ore
appliedenergistics2:item.ItemFacade:0, Cable Facade - Copper Ore
appliedenergistics2:item.ItemFacade:0, Cable Facade - Copper Ore
appliedenergistics2:item.ItemFacade:0, Cable Facade - Copper Ore
appliedenergistics2:item.ItemFacade:0, Cable Facade - Copper Ore
appliedenergistics2:item.ItemFacade:0, Cable Facade - Copper Ore
appliedenergistics2:item.ItemFacade:0, Cable Facade - Copper Ore
appliedenergistics2:item.ItemFacade:0, Cable Facade - Nickel Ore
appliedenergistics2:item.ItemFacade:0, Cable Facade - Nickel Ore
appliedenergistics2:item.ItemFacade:0, Cable Facade - Nickel Ore
appliedenergistics2:item.ItemFacade:0, Cable Facade - Nickel Ore
appliedenergistics2:item.ItemFacade:0, Cable Facade - Nickel Ore
appliedenergistics2:item.ItemFacade:0, Cable Facade - Nickel Ore
appliedenergistics2:item.ItemFacade:0, Cable Facade - Nickel Ore
appliedenergistics2:item.ItemFacade:0, Cable Facade - Nickel Ore
appliedenergistics2:item.ItemFacade:0, Cable Facade - Nickel Ore
appliedenergistics2:item.ItemFacade:0, Cable Facade - Nickel Ore
appliedenergistics2:item.ItemFacade:0, Cable Facade - Nickel Ore
appliedenergistics2:item.ItemFacade:0, Cable Facade - Nickel Ore
appliedenergistics2:item.ItemFacade:0, Cable Facade - Nickel Ore
appliedenergistics2:item.ItemFacade:0, Cable Facade - Rich Mineral Deposit
appliedenergistics2:item.ItemFacade:0, Cable Facade - Rich Mineral Deposit
appliedenergistics2:item.ItemFacade:0, Cable Facade - Rich Mineral Deposit
appliedenergistics2:item.ItemFacade:0, Cable Facade - Rich Mineral Deposit
appliedenergistics2:item.ItemFacade:0, Cable Facade - Rich Mineral Deposit
appliedenergistics2:item.ItemFacade:0, Cable Facade - Rich Mineral Deposit
appliedenergistics2:item.ItemFacade:0, Cable Facade - Rich Mineral Deposit
appliedenergistics2:item.ItemFacade:0, Cable Facade - Rich Mineral Deposit
appliedenergistics2:item.ItemFacade:0, Cable Facade - Rich Mineral Deposit
appliedenergistics2:item.ItemFacade:0, Cable Facade - Rich Mineral Deposit
appliedenergistics2:item.ItemFacade:0, Cable Facade - Rich Mineral Deposit
appliedenergistics2:item.ItemFacade:0, Cable Facade - Rich Mineral Deposit
appliedenergistics2:item.ItemFacade:0, Cable Facade - Rich Mineral Deposit
appliedenergistics2:item.ItemFacade:0, Cable Facade - Zinc Ore
appliedenergistics2:item.ItemFacade:0, Cable Facade - Zinc Ore
appliedenergistics2:item.ItemFacade:0, Cable Facade - Zinc Ore
appliedenergistics2:item.ItemFacade:0, Cable Facade - Zinc Ore
appliedenergistics2:item.ItemFacade:0, Cable Facade - Zinc Ore
appliedenergistics2:item.ItemFacade:0, Cable Facade - Zinc Ore
appliedenergistics2:item.ItemFacade:0, Cable Facade - Zinc Ore
appliedenergistics2:item.ItemFacade:0, Cable Facade - Zinc Ore
appliedenergistics2:item.ItemFacade:0, Cable Facade - Zinc Ore
appliedenergistics2:item.ItemFacade:0, Cable Facade - Zinc Ore
appliedenergistics2:item.ItemFacade:0, Cable Facade - Zinc Ore
appliedenergistics2:item.ItemFacade:0, Cable Facade - Zinc Ore
appliedenergistics2:item.ItemFacade:0, Cable Facade - Zinc Ore
appliedenergistics2:item.ItemFacade:0, Cable Facade - Tungsten Ore
appliedenergistics2:item.ItemFacade:0, Cable Facade - Tungsten Ore
appliedenergistics2:item.ItemFacade:0, Cable Facade - Tungsten Ore
appliedenergistics2:item.ItemFacade:0, Cable Facade - Tungsten Ore
appliedenergistics2:item.ItemFacade:0, Cable Facade - Tungsten Ore
appliedenergistics2:item.ItemFacade:0, Cable Facade - Tungsten Ore
appliedenergistics2:item.ItemFacade:0, Cable Facade - Tungsten Ore
appliedenergistics2:item.ItemFacade:0, Cable Facade - Tungsten Ore
appliedenergistics2:item.ItemFacade:0, Cable Facade - Tungsten Ore
appliedenergistics2:item.ItemFacade:0, Cable Facade - Tungsten Ore
appliedenergistics2:item.ItemFacade:0, Cable Facade - Tungsten Ore
appliedenergistics2:item.ItemFacade:0, Cable Facade - Tungsten Ore
appliedenergistics2:item.ItemFacade:0, Cable Facade - Tungsten Ore
appliedenergistics2:item.ItemFacade:0, Cable Facade - Aluminium-Bearing Ore
appliedenergistics2:item.ItemFacade:0, Cable Facade - Aluminium-Bearing Ore
appliedenergistics2:item.ItemFacade:0, Cable Facade - Aluminium-Bearing Ore
appliedenergistics2:item.ItemFacade:0, Cable Facade - Aluminium-Bearing Ore
appliedenergistics2:item.ItemFacade:0, Cable Facade - Aluminium-Bearing Ore
appliedenergistics2:item.ItemFacade:0, Cable Facade - Aluminium-Bearing Ore
appliedenergistics2:item.ItemFacade:0, Cable Facade - Aluminium-Bearing Ore
appliedenergistics2:item.ItemFacade:0, Cable Facade - Aluminium-Bearing Ore
appliedenergistics2:item.ItemFacade:0, Cable Facade - Aluminium-Bearing Ore
appliedenergistics2:item.ItemFacade:0, Cable Facade - Aluminium-Bearing Ore
appliedenergistics2:item.ItemFacade:0, Cable Facade - Aluminium-Bearing Ore
appliedenergistics2:item.ItemFacade:0, Cable Facade - Aluminium-Bearing Ore
appliedenergistics2:item.ItemFacade:0, Cable Facade - Aluminium-Bearing Ore
appliedenergistics2:item.ItemFacade:0, Cable Facade - Fluorite Ore
appliedenergistics2:item.ItemFacade:0, Cable Facade - Fluorite Ore
appliedenergistics2:item.ItemFacade:0, Cable Facade - Fluorite Ore
appliedenergistics2:item.ItemFacade:0, Cable Facade - Fluorite Ore
appliedenergistics2:item.ItemFacade:0, Cable Facade - Fluorite Ore
appliedenergistics2:item.ItemFacade:0, Cable Facade - Fluorite Ore
appliedenergistics2:item.ItemFacade:0, Cable Facade - Fluorite Ore
appliedenergistics2:item.ItemFacade:0, Cable Facade - Fluorite Ore
appliedenergistics2:item.ItemFacade:0, Cable Facade - Fluorite Ore
appliedenergistics2:item.ItemFacade:0, Cable Facade - Fluorite Ore
appliedenergistics2:item.ItemFacade:0, Cable Facade - Fluorite Ore
appliedenergistics2:item.ItemFacade:0, Cable Facade - Fluorite Ore
appliedenergistics2:item.ItemFacade:0, Cable Facade - Fluorite Ore
appliedenergistics2:item.ItemFacade:0, Cable Facade - Beryllium Ore
appliedenergistics2:item.ItemFacade:0, Cable Facade - Beryllium Ore
appliedenergistics2:item.ItemFacade:0, Cable Facade - Beryllium Ore
appliedenergistics2:item.ItemFacade:0, Cable Facade - Beryllium Ore
appliedenergistics2:item.ItemFacade:0, Cable Facade - Beryllium Ore
appliedenergistics2:item.ItemFacade:0, Cable Facade - Beryllium Ore
appliedenergistics2:item.ItemFacade:0, Cable Facade - Beryllium Ore
appliedenergistics2:item.ItemFacade:0, Cable Facade - Beryllium Ore
appliedenergistics2:item.ItemFacade:0, Cable Facade - Beryllium Ore
appliedenergistics2:item.ItemFacade:0, Cable Facade - Beryllium Ore
appliedenergistics2:item.ItemFacade:0, Cable Facade - Beryllium Ore
appliedenergistics2:item.ItemFacade:0, Cable Facade - Beryllium Ore
appliedenergistics2:item.ItemFacade:0, Cable Facade - Beryllium Ore
appliedenergistics2:item.ItemFacade:0, Cable Facade - Lead Ore
appliedenergistics2:item.ItemFacade:0, Cable Facade - Lead Ore
appliedenergistics2:item.ItemFacade:0, Cable Facade - Lead Ore
appliedenergistics2:item.ItemFacade:0, Cable Facade - Lead Ore
appliedenergistics2:item.ItemFacade:0, Cable Facade - Lead Ore
appliedenergistics2:item.ItemFacade:0, Cable Facade - Lead Ore
appliedenergistics2:item.ItemFacade:0, Cable Facade - Lead Ore
appliedenergistics2:item.ItemFacade:0, Cable Facade - Lead Ore
appliedenergistics2:item.ItemFacade:0, Cable Facade - Lead Ore
appliedenergistics2:item.ItemFacade:0, Cable Facade - Lead Ore
appliedenergistics2:item.ItemFacade:0, Cable Facade - Lead Ore
appliedenergistics2:item.ItemFacade:0, Cable Facade - Lead Ore
appliedenergistics2:item.ItemFacade:0, Cable Facade - Lead Ore
appliedenergistics2:item.ItemFacade:0, Cable Facade - Oil Deposit
appliedenergistics2:item.ItemFacade:0, Cable Facade - Oil Deposit
appliedenergistics2:item.ItemFacade:0, Cable Facade - Oil Deposit
appliedenergistics2:item.ItemFacade:0, Cable Facade - Oil Deposit
appliedenergistics2:item.ItemFacade:0, Cable Facade - Oil Deposit
appliedenergistics2:item.ItemFacade:0, Cable Facade - Oil Deposit
appliedenergistics2:item.ItemFacade:0, Cable Facade - Oil Deposit
appliedenergistics2:item.ItemFacade:0, Cable Facade - Oil Deposit
appliedenergistics2:item.ItemFacade:0, Cable Facade - Oil Deposit
appliedenergistics2:item.ItemFacade:0, Cable Facade - Oil Deposit
appliedenergistics2:item.ItemFacade:0, Cable Facade - Oil Deposit
appliedenergistics2:item.ItemFacade:0, Cable Facade - Oil Deposit
appliedenergistics2:item.ItemFacade:0, Cable Facade - Oil Deposit
appliedenergistics2:item.ItemFacade:0, Cable Facade - Empty Oil Deposit
appliedenergistics2:item.ItemFacade:0, Cable Facade - Empty Oil Deposit
appliedenergistics2:item.ItemFacade:0, Cable Facade - Empty Oil Deposit
appliedenergistics2:item.ItemFacade:0, Cable Facade - Empty Oil Deposit
appliedenergistics2:item.ItemFacade:0, Cable Facade - Empty Oil Deposit
appliedenergistics2:item.ItemFacade:0, Cable Facade - Empty Oil Deposit
appliedenergistics2:item.ItemFacade:0, Cable Facade - Empty Oil Deposit
appliedenergistics2:item.ItemFacade:0, Cable Facade - Empty Oil Deposit
appliedenergistics2:item.ItemFacade:0, Cable Facade - Empty Oil Deposit
appliedenergistics2:item.ItemFacade:0, Cable Facade - Empty Oil Deposit
appliedenergistics2:item.ItemFacade:0, Cable Facade - Empty Oil Deposit
appliedenergistics2:item.ItemFacade:0, Cable Facade - Empty Oil Deposit
appliedenergistics2:item.ItemFacade:0, Cable Facade - Empty Oil Deposit
appliedenergistics2:item.ItemFacade:0, Cable Facade - Bedrock Artery
appliedenergistics2:item.ItemFacade:0, Cable Facade - tile.ore_bedrock_concrete.name
appliedenergistics2:item.ItemFacade:0, Cable Facade - Natural Gas Deposit
appliedenergistics2:item.ItemFacade:0, Cable Facade - Natural Gas Deposit
appliedenergistics2:item.ItemFacade:0, Cable Facade - Natural Gas Deposit
appliedenergistics2:item.ItemFacade:0, Cable Facade - Natural Gas Deposit
appliedenergistics2:item.ItemFacade:0, Cable Facade - Natural Gas Deposit
appliedenergistics2:item.ItemFacade:0, Cable Facade - Natural Gas Deposit
appliedenergistics2:item.ItemFacade:0, Cable Facade - Natural Gas Deposit
appliedenergistics2:item.ItemFacade:0, Cable Facade - Natural Gas Deposit
appliedenergistics2:item.ItemFacade:0, Cable Facade - Natural Gas Deposit
appliedenergistics2:item.ItemFacade:0, Cable Facade - Natural Gas Deposit
appliedenergistics2:item.ItemFacade:0, Cable Facade - Natural Gas Deposit
appliedenergistics2:item.ItemFacade:0, Cable Facade - Natural Gas Deposit
appliedenergistics2:item.ItemFacade:0, Cable Facade - Natural Gas Deposit
appliedenergistics2:item.ItemFacade:0, Cable Facade - Empty Natural Gas Deposit
appliedenergistics2:item.ItemFacade:0, Cable Facade - Empty Natural Gas Deposit
appliedenergistics2:item.ItemFacade:0, Cable Facade - Empty Natural Gas Deposit
appliedenergistics2:item.ItemFacade:0, Cable Facade - Empty Natural Gas Deposit
appliedenergistics2:item.ItemFacade:0, Cable Facade - Empty Natural Gas Deposit
appliedenergistics2:item.ItemFacade:0, Cable Facade - Empty Natural Gas Deposit
appliedenergistics2:item.ItemFacade:0, Cable Facade - Empty Natural Gas Deposit
appliedenergistics2:item.ItemFacade:0, Cable Facade - Empty Natural Gas Deposit
appliedenergistics2:item.ItemFacade:0, Cable Facade - Empty Natural Gas Deposit
appliedenergistics2:item.ItemFacade:0, Cable Facade - Empty Natural Gas Deposit
appliedenergistics2:item.ItemFacade:0, Cable Facade - Empty Natural Gas Deposit
appliedenergistics2:item.ItemFacade:0, Cable Facade - Empty Natural Gas Deposit
appliedenergistics2:item.ItemFacade:0, Cable Facade - Empty Natural Gas Deposit
appliedenergistics2:item.ItemFacade:0, Cable Facade - Tar Sand
appliedenergistics2:item.ItemFacade:0, Cable Facade - Lignite Ore
appliedenergistics2:item.ItemFacade:0, Cable Facade - Lignite Ore
appliedenergistics2:item.ItemFacade:0, Cable Facade - Lignite Ore
appliedenergistics2:item.ItemFacade:0, Cable Facade - Lignite Ore
appliedenergistics2:item.ItemFacade:0, Cable Facade - Lignite Ore
appliedenergistics2:item.ItemFacade:0, Cable Facade - Lignite Ore
appliedenergistics2:item.ItemFacade:0, Cable Facade - Lignite Ore
appliedenergistics2:item.ItemFacade:0, Cable Facade - Lignite Ore
appliedenergistics2:item.ItemFacade:0, Cable Facade - Lignite Ore
appliedenergistics2:item.ItemFacade:0, Cable Facade - Lignite Ore
appliedenergistics2:item.ItemFacade:0, Cable Facade - Lignite Ore
appliedenergistics2:item.ItemFacade:0, Cable Facade - Lignite Ore
appliedenergistics2:item.ItemFacade:0, Cable Facade - Lignite Ore
appliedenergistics2:item.ItemFacade:0, Cable Facade - Schrabidium Ore
appliedenergistics2:item.ItemFacade:0, Cable Facade - Schrabidium Ore
appliedenergistics2:item.ItemFacade:0, Cable Facade - Schrabidium Ore
appliedenergistics2:item.ItemFacade:0, Cable Facade - Schrabidium Ore
appliedenergistics2:item.ItemFacade:0, Cable Facade - Schrabidium Ore
appliedenergistics2:item.ItemFacade:0, Cable Facade - Schrabidium Ore
appliedenergistics2:item.ItemFacade:0, Cable Facade - Schrabidium Ore
appliedenergistics2:item.ItemFacade:0, Cable Facade - Schrabidium Ore
appliedenergistics2:item.ItemFacade:0, Cable Facade - Schrabidium Ore
appliedenergistics2:item.ItemFacade:0, Cable Facade - Schrabidium Ore
appliedenergistics2:item.ItemFacade:0, Cable Facade - Schrabidium Ore
appliedenergistics2:item.ItemFacade:0, Cable Facade - Schrabidium Ore
appliedenergistics2:item.ItemFacade:0, Cable Facade - Schrabidium Ore
appliedenergistics2:item.ItemFacade:0, Cable Facade - Lithium Ore
appliedenergistics2:item.ItemFacade:0, Cable Facade - Lithium Ore
appliedenergistics2:item.ItemFacade:0, Cable Facade - Lithium Ore
appliedenergistics2:item.ItemFacade:0, Cable Facade - Lithium Ore
appliedenergistics2:item.ItemFacade:0, Cable Facade - Lithium Ore
appliedenergistics2:item.ItemFacade:0, Cable Facade - Lithium Ore
appliedenergistics2:item.ItemFacade:0, Cable Facade - Lithium Ore
appliedenergistics2:item.ItemFacade:0, Cable Facade - Lithium Ore
appliedenergistics2:item.ItemFacade:0, Cable Facade - Lithium Ore
appliedenergistics2:item.ItemFacade:0, Cable Facade - Lithium Ore
appliedenergistics2:item.ItemFacade:0, Cable Facade - Lithium Ore
appliedenergistics2:item.ItemFacade:0, Cable Facade - Lithium Ore
appliedenergistics2:item.ItemFacade:0, Cable Facade - Lithium Ore
appliedenergistics2:item.ItemFacade:0, Cable Facade - Niobium Ore
appliedenergistics2:item.ItemFacade:0, Cable Facade - Niobium Ore
appliedenergistics2:item.ItemFacade:0, Cable Facade - Niobium Ore
appliedenergistics2:item.ItemFacade:0, Cable Facade - Niobium Ore
appliedenergistics2:item.ItemFacade:0, Cable Facade - Niobium Ore
appliedenergistics2:item.ItemFacade:0, Cable Facade - Niobium Ore
appliedenergistics2:item.ItemFacade:0, Cable Facade - Niobium Ore
appliedenergistics2:item.ItemFacade:0, Cable Facade - Niobium Ore
appliedenergistics2:item.ItemFacade:0, Cable Facade - Niobium Ore
appliedenergistics2:item.ItemFacade:0, Cable Facade - Niobium Ore
appliedenergistics2:item.ItemFacade:0, Cable Facade - Niobium Ore
appliedenergistics2:item.ItemFacade:0, Cable Facade - Niobium Ore
appliedenergistics2:item.ItemFacade:0, Cable Facade - Niobium Ore
appliedenergistics2:item.ItemFacade:0, Cable Facade - Cadmium Ore
appliedenergistics2:item.ItemFacade:0, Cable Facade - Cadmium Ore
appliedenergistics2:item.ItemFacade:0, Cable Facade - Cadmium Ore
appliedenergistics2:item.ItemFacade:0, Cable Facade - Cadmium Ore
appliedenergistics2:item.ItemFacade:0, Cable Facade - Cadmium Ore
appliedenergistics2:item.ItemFacade:0, Cable Facade - Cadmium Ore
appliedenergistics2:item.ItemFacade:0, Cable Facade - Cadmium Ore
appliedenergistics2:item.ItemFacade:0, Cable Facade - Cadmium Ore
appliedenergistics2:item.ItemFacade:0, Cable Facade - Cadmium Ore
appliedenergistics2:item.ItemFacade:0, Cable Facade - Cadmium Ore
appliedenergistics2:item.ItemFacade:0, Cable Facade - Cadmium Ore
appliedenergistics2:item.ItemFacade:0, Cable Facade - Cadmium Ore
appliedenergistics2:item.ItemFacade:0, Cable Facade - Cadmium Ore
appliedenergistics2:item.ItemFacade:0, Cable Facade - Palladium Ore
appliedenergistics2:item.ItemFacade:0, Cable Facade - Palladium Ore
appliedenergistics2:item.ItemFacade:0, Cable Facade - Palladium Ore
appliedenergistics2:item.ItemFacade:0, Cable Facade - Palladium Ore
appliedenergistics2:item.ItemFacade:0, Cable Facade - Palladium Ore
appliedenergistics2:item.ItemFacade:0, Cable Facade - Palladium Ore
appliedenergistics2:item.ItemFacade:0, Cable Facade - Palladium Ore
appliedenergistics2:item.ItemFacade:0, Cable Facade - Palladium Ore
appliedenergistics2:item.ItemFacade:0, Cable Facade - Palladium Ore
appliedenergistics2:item.ItemFacade:0, Cable Facade - Palladium Ore
appliedenergistics2:item.ItemFacade:0, Cable Facade - Palladium Ore
appliedenergistics2:item.ItemFacade:0, Cable Facade - Palladium Ore
appliedenergistics2:item.ItemFacade:0, Cable Facade - Palladium Ore
appliedenergistics2:item.ItemFacade:0, Cable Facade - Iodine Ore
appliedenergistics2:item.ItemFacade:0, Cable Facade - Iodine Ore
appliedenergistics2:item.ItemFacade:0, Cable Facade - Iodine Ore
appliedenergistics2:item.ItemFacade:0, Cable Facade - Iodine Ore
appliedenergistics2:item.ItemFacade:0, Cable Facade - Iodine Ore
appliedenergistics2:item.ItemFacade:0, Cable Facade - Iodine Ore
appliedenergistics2:item.ItemFacade:0, Cable Facade - Iodine Ore
appliedenergistics2:item.ItemFacade:0, Cable Facade - Iodine Ore
appliedenergistics2:item.ItemFacade:0, Cable Facade - Iodine Ore
appliedenergistics2:item.ItemFacade:0, Cable Facade - Iodine Ore
appliedenergistics2:item.ItemFacade:0, Cable Facade - Iodine Ore
appliedenergistics2:item.ItemFacade:0, Cable Facade - Iodine Ore
appliedenergistics2:item.ItemFacade:0, Cable Facade - Iodine Ore
appliedenergistics2:item.ItemFacade:0, Cable Facade - Arsenic Ore
appliedenergistics2:item.ItemFacade:0, Cable Facade - Arsenic Ore
appliedenergistics2:item.ItemFacade:0, Cable Facade - Arsenic Ore
appliedenergistics2:item.ItemFacade:0, Cable Facade - Arsenic Ore
appliedenergistics2:item.ItemFacade:0, Cable Facade - Arsenic Ore
appliedenergistics2:item.ItemFacade:0, Cable Facade - Arsenic Ore
appliedenergistics2:item.ItemFacade:0, Cable Facade - Arsenic Ore
appliedenergistics2:item.ItemFacade:0, Cable Facade - Arsenic Ore
appliedenergistics2:item.ItemFacade:0, Cable Facade - Arsenic Ore
appliedenergistics2:item.ItemFacade:0, Cable Facade - Arsenic Ore
appliedenergistics2:item.ItemFacade:0, Cable Facade - Arsenic Ore
appliedenergistics2:item.ItemFacade:0, Cable Facade - Arsenic Ore
appliedenergistics2:item.ItemFacade:0, Cable Facade - Arsenic Ore
appliedenergistics2:item.ItemFacade:0, Cable Facade - Silicon Ore
appliedenergistics2:item.ItemFacade:0, Cable Facade - Silicon Ore
appliedenergistics2:item.ItemFacade:0, Cable Facade - Silicon Ore
appliedenergistics2:item.ItemFacade:0, Cable Facade - Silicon Ore
appliedenergistics2:item.ItemFacade:0, Cable Facade - Silicon Ore
appliedenergistics2:item.ItemFacade:0, Cable Facade - Silicon Ore
appliedenergistics2:item.ItemFacade:0, Cable Facade - Silicon Ore
appliedenergistics2:item.ItemFacade:0, Cable Facade - Silicon Ore
appliedenergistics2:item.ItemFacade:0, Cable Facade - Silicon Ore
appliedenergistics2:item.ItemFacade:0, Cable Facade - Silicon Ore
appliedenergistics2:item.ItemFacade:0, Cable Facade - Silicon Ore
appliedenergistics2:item.ItemFacade:0, Cable Facade - Silicon Ore
appliedenergistics2:item.ItemFacade:0, Cable Facade - Silicon Ore
appliedenergistics2:item.ItemFacade:0, Cable Facade - Phosphorus Ore
appliedenergistics2:item.ItemFacade:0, Cable Facade - Phosphorus Ore
appliedenergistics2:item.ItemFacade:0, Cable Facade - Phosphorus Ore
appliedenergistics2:item.ItemFacade:0, Cable Facade - Phosphorus Ore
appliedenergistics2:item.ItemFacade:0, Cable Facade - Phosphorus Ore
appliedenergistics2:item.ItemFacade:0, Cable Facade - Phosphorus Ore
appliedenergistics2:item.ItemFacade:0, Cable Facade - Phosphorus Ore
appliedenergistics2:item.ItemFacade:0, Cable Facade - Phosphorus Ore
appliedenergistics2:item.ItemFacade:0, Cable Facade - Phosphorus Ore
appliedenergistics2:item.ItemFacade:0, Cable Facade - Phosphorus Ore
appliedenergistics2:item.ItemFacade:0, Cable Facade - Phosphorus Ore
appliedenergistics2:item.ItemFacade:0, Cable Facade - Phosphorus Ore
appliedenergistics2:item.ItemFacade:0, Cable Facade - Phosphorus Ore
appliedenergistics2:item.ItemFacade:0, Cable Facade - Natural Gas Shale
appliedenergistics2:item.ItemFacade:0, Cable Facade - Natural Gas Shale
appliedenergistics2:item.ItemFacade:0, Cable Facade - Natural Gas Shale
appliedenergistics2:item.ItemFacade:0, Cable Facade - Natural Gas Shale
appliedenergistics2:item.ItemFacade:0, Cable Facade - Natural Gas Shale
appliedenergistics2:item.ItemFacade:0, Cable Facade - Natural Gas Shale
appliedenergistics2:item.ItemFacade:0, Cable Facade - Natural Gas Shale
appliedenergistics2:item.ItemFacade:0, Cable Facade - Natural Gas Shale
appliedenergistics2:item.ItemFacade:0, Cable Facade - Natural Gas Shale
appliedenergistics2:item.ItemFacade:0, Cable Facade - Natural Gas Shale
appliedenergistics2:item.ItemFacade:0, Cable Facade - Natural Gas Shale
appliedenergistics2:item.ItemFacade:0, Cable Facade - Natural Gas Shale
appliedenergistics2:item.ItemFacade:0, Cable Facade - Natural Gas Shale
appliedenergistics2:item.ItemFacade:0, Cable Facade - Brine Deposit
appliedenergistics2:item.ItemFacade:0, Cable Facade - Brine Deposit
appliedenergistics2:item.ItemFacade:0, Cable Facade - Brine Deposit
appliedenergistics2:item.ItemFacade:0, Cable Facade - Brine Deposit
appliedenergistics2:item.ItemFacade:0, Cable Facade - Brine Deposit
appliedenergistics2:item.ItemFacade:0, Cable Facade - Brine Deposit
appliedenergistics2:item.ItemFacade:0, Cable Facade - Brine Deposit
appliedenergistics2:item.ItemFacade:0, Cable Facade - Brine Deposit
appliedenergistics2:item.ItemFacade:0, Cable Facade - Brine Deposit
appliedenergistics2:item.ItemFacade:0, Cable Facade - Brine Deposit
appliedenergistics2:item.ItemFacade:0, Cable Facade - Brine Deposit
appliedenergistics2:item.ItemFacade:0, Cable Facade - Brine Deposit
appliedenergistics2:item.ItemFacade:0, Cable Facade - Brine Deposit
appliedenergistics2:item.ItemFacade:0, Cable Facade - Empty Brine Deposit
appliedenergistics2:item.ItemFacade:0, Cable Facade - Empty Brine Deposit
appliedenergistics2:item.ItemFacade:0, Cable Facade - Empty Brine Deposit
appliedenergistics2:item.ItemFacade:0, Cable Facade - Empty Brine Deposit
appliedenergistics2:item.ItemFacade:0, Cable Facade - Empty Brine Deposit
appliedenergistics2:item.ItemFacade:0, Cable Facade - Empty Brine Deposit
appliedenergistics2:item.ItemFacade:0, Cable Facade - Empty Brine Deposit
appliedenergistics2:item.ItemFacade:0, Cable Facade - Empty Brine Deposit
appliedenergistics2:item.ItemFacade:0, Cable Facade - Empty Brine Deposit
appliedenergistics2:item.ItemFacade:0, Cable Facade - Empty Brine Deposit
appliedenergistics2:item.ItemFacade:0, Cable Facade - Empty Brine Deposit
appliedenergistics2:item.ItemFacade:0, Cable Facade - Empty Brine Deposit
appliedenergistics2:item.ItemFacade:0, Cable Facade - Empty Brine Deposit
appliedenergistics2:item.ItemFacade:0, Cable Facade - Tektonic Crude Deposit
appliedenergistics2:item.ItemFacade:0, Cable Facade - Tektonic Crude Deposit
appliedenergistics2:item.ItemFacade:0, Cable Facade - Tektonic Crude Deposit
appliedenergistics2:item.ItemFacade:0, Cable Facade - Tektonic Crude Deposit
appliedenergistics2:item.ItemFacade:0, Cable Facade - Tektonic Crude Deposit
appliedenergistics2:item.ItemFacade:0, Cable Facade - Tektonic Crude Deposit
appliedenergistics2:item.ItemFacade:0, Cable Facade - Tektonic Crude Deposit
appliedenergistics2:item.ItemFacade:0, Cable Facade - Tektonic Crude Deposit
appliedenergistics2:item.ItemFacade:0, Cable Facade - Tektonic Crude Deposit
appliedenergistics2:item.ItemFacade:0, Cable Facade - Tektonic Crude Deposit
appliedenergistics2:item.ItemFacade:0, Cable Facade - Tektonic Crude Deposit
appliedenergistics2:item.ItemFacade:0, Cable Facade - Tektonic Crude Deposit
appliedenergistics2:item.ItemFacade:0, Cable Facade - Tektonic Crude Deposit
appliedenergistics2:item.ItemFacade:0, Cable Facade - Empty Tektonic Crude Deposit
appliedenergistics2:item.ItemFacade:0, Cable Facade - Empty Tektonic Crude Deposit
appliedenergistics2:item.ItemFacade:0, Cable Facade - Empty Tektonic Crude Deposit
appliedenergistics2:item.ItemFacade:0, Cable Facade - Empty Tektonic Crude Deposit
appliedenergistics2:item.ItemFacade:0, Cable Facade - Empty Tektonic Crude Deposit
appliedenergistics2:item.ItemFacade:0, Cable Facade - Empty Tektonic Crude Deposit
appliedenergistics2:item.ItemFacade:0, Cable Facade - Empty Tektonic Crude Deposit
appliedenergistics2:item.ItemFacade:0, Cable Facade - Empty Tektonic Crude Deposit
appliedenergistics2:item.ItemFacade:0, Cable Facade - Empty Tektonic Crude Deposit
appliedenergistics2:item.ItemFacade:0, Cable Facade - Empty Tektonic Crude Deposit
appliedenergistics2:item.ItemFacade:0, Cable Facade - Empty Tektonic Crude Deposit
appliedenergistics2:item.ItemFacade:0, Cable Facade - Empty Tektonic Crude Deposit
appliedenergistics2:item.ItemFacade:0, Cable Facade - Empty Tektonic Crude Deposit
appliedenergistics2:item.ItemFacade:0, Cable Facade - Australian Ore
appliedenergistics2:item.ItemFacade:0, Cable Facade - Australian Ore
appliedenergistics2:item.ItemFacade:0, Cable Facade - Australian Ore
appliedenergistics2:item.ItemFacade:0, Cable Facade - Australian Ore
appliedenergistics2:item.ItemFacade:0, Cable Facade - Australian Ore
appliedenergistics2:item.ItemFacade:0, Cable Facade - Australian Ore
appliedenergistics2:item.ItemFacade:0, Cable Facade - Australian Ore
appliedenergistics2:item.ItemFacade:0, Cable Facade - Australian Ore
appliedenergistics2:item.ItemFacade:0, Cable Facade - Australian Ore
appliedenergistics2:item.ItemFacade:0, Cable Facade - Australian Ore
appliedenergistics2:item.ItemFacade:0, Cable Facade - Australian Ore
appliedenergistics2:item.ItemFacade:0, Cable Facade - Australian Ore
appliedenergistics2:item.ItemFacade:0, Cable Facade - Australian Ore
appliedenergistics2:item.ItemFacade:0, Cable Facade - Rare Earth Ore
appliedenergistics2:item.ItemFacade:0, Cable Facade - Rare Earth Ore
appliedenergistics2:item.ItemFacade:0, Cable Facade - Rare Earth Ore
appliedenergistics2:item.ItemFacade:0, Cable Facade - Rare Earth Ore
appliedenergistics2:item.ItemFacade:0, Cable Facade - Rare Earth Ore
appliedenergistics2:item.ItemFacade:0, Cable Facade - Rare Earth Ore
appliedenergistics2:item.ItemFacade:0, Cable Facade - Rare Earth Ore
appliedenergistics2:item.ItemFacade:0, Cable Facade - Rare Earth Ore
appliedenergistics2:item.ItemFacade:0, Cable Facade - Rare Earth Ore
appliedenergistics2:item.ItemFacade:0, Cable Facade - Rare Earth Ore
appliedenergistics2:item.ItemFacade:0, Cable Facade - Rare Earth Ore
appliedenergistics2:item.ItemFacade:0, Cable Facade - Rare Earth Ore
appliedenergistics2:item.ItemFacade:0, Cable Facade - Rare Earth Ore
appliedenergistics2:item.ItemFacade:0, Cable Facade - Cobalt Ore
appliedenergistics2:item.ItemFacade:0, Cable Facade - Cobalt Ore
appliedenergistics2:item.ItemFacade:0, Cable Facade - Cobalt Ore
appliedenergistics2:item.ItemFacade:0, Cable Facade - Cobalt Ore
appliedenergistics2:item.ItemFacade:0, Cable Facade - Cobalt Ore
appliedenergistics2:item.ItemFacade:0, Cable Facade - Cobalt Ore
appliedenergistics2:item.ItemFacade:0, Cable Facade - Cobalt Ore
appliedenergistics2:item.ItemFacade:0, Cable Facade - Cobalt Ore
appliedenergistics2:item.ItemFacade:0, Cable Facade - Cobalt Ore
appliedenergistics2:item.ItemFacade:0, Cable Facade - Cobalt Ore
appliedenergistics2:item.ItemFacade:0, Cable Facade - Cobalt Ore
appliedenergistics2:item.ItemFacade:0, Cable Facade - Cobalt Ore
appliedenergistics2:item.ItemFacade:0, Cable Facade - Cobalt Ore
appliedenergistics2:item.ItemFacade:0, Cable Facade - Cinnabar Ore
appliedenergistics2:item.ItemFacade:0, Cable Facade - Cinnabar Ore
appliedenergistics2:item.ItemFacade:0, Cable Facade - Cinnabar Ore
appliedenergistics2:item.ItemFacade:0, Cable Facade - Cinnabar Ore
appliedenergistics2:item.ItemFacade:0, Cable Facade - Cinnabar Ore
appliedenergistics2:item.ItemFacade:0, Cable Facade - Cinnabar Ore
appliedenergistics2:item.ItemFacade:0, Cable Facade - Cinnabar Ore
appliedenergistics2:item.ItemFacade:0, Cable Facade - Cinnabar Ore
appliedenergistics2:item.ItemFacade:0, Cable Facade - Cinnabar Ore
appliedenergistics2:item.ItemFacade:0, Cable Facade - Cinnabar Ore
appliedenergistics2:item.ItemFacade:0, Cable Facade - Cinnabar Ore
appliedenergistics2:item.ItemFacade:0, Cable Facade - Cinnabar Ore
appliedenergistics2:item.ItemFacade:0, Cable Facade - Cinnabar Ore
appliedenergistics2:item.ItemFacade:0, Cable Facade - Coltan Ore
appliedenergistics2:item.ItemFacade:0, Cable Facade - Coltan Ore
appliedenergistics2:item.ItemFacade:0, Cable Facade - Coltan Ore
appliedenergistics2:item.ItemFacade:0, Cable Facade - Coltan Ore
appliedenergistics2:item.ItemFacade:0, Cable Facade - Coltan Ore
appliedenergistics2:item.ItemFacade:0, Cable Facade - Coltan Ore
appliedenergistics2:item.ItemFacade:0, Cable Facade - Coltan Ore
appliedenergistics2:item.ItemFacade:0, Cable Facade - Coltan Ore
appliedenergistics2:item.ItemFacade:0, Cable Facade - Coltan Ore
appliedenergistics2:item.ItemFacade:0, Cable Facade - Coltan Ore
appliedenergistics2:item.ItemFacade:0, Cable Facade - Coltan Ore
appliedenergistics2:item.ItemFacade:0, Cable Facade - Coltan Ore
appliedenergistics2:item.ItemFacade:0, Cable Facade - Coltan Ore
appliedenergistics2:item.ItemFacade:0, Cable Facade - Lanthanium Ore
appliedenergistics2:item.ItemFacade:0, Cable Facade - Lanthanium Ore
appliedenergistics2:item.ItemFacade:0, Cable Facade - Lanthanium Ore
appliedenergistics2:item.ItemFacade:0, Cable Facade - Lanthanium Ore
appliedenergistics2:item.ItemFacade:0, Cable Facade - Lanthanium Ore
appliedenergistics2:item.ItemFacade:0, Cable Facade - Lanthanium Ore
appliedenergistics2:item.ItemFacade:0, Cable Facade - Lanthanium Ore
appliedenergistics2:item.ItemFacade:0, Cable Facade - Lanthanium Ore
appliedenergistics2:item.ItemFacade:0, Cable Facade - Lanthanium Ore
appliedenergistics2:item.ItemFacade:0, Cable Facade - Lanthanium Ore
appliedenergistics2:item.ItemFacade:0, Cable Facade - Lanthanium Ore
appliedenergistics2:item.ItemFacade:0, Cable Facade - Lanthanium Ore
appliedenergistics2:item.ItemFacade:0, Cable Facade - Lanthanium Ore
appliedenergistics2:item.ItemFacade:0, Cable Facade - Iron Ore Cluster
appliedenergistics2:item.ItemFacade:0, Cable Facade - Iron Ore Cluster
appliedenergistics2:item.ItemFacade:0, Cable Facade - Iron Ore Cluster
appliedenergistics2:item.ItemFacade:0, Cable Facade - Iron Ore Cluster
appliedenergistics2:item.ItemFacade:0, Cable Facade - Iron Ore Cluster
appliedenergistics2:item.ItemFacade:0, Cable Facade - Iron Ore Cluster
appliedenergistics2:item.ItemFacade:0, Cable Facade - Iron Ore Cluster
appliedenergistics2:item.ItemFacade:0, Cable Facade - Iron Ore Cluster
appliedenergistics2:item.ItemFacade:0, Cable Facade - Iron Ore Cluster
appliedenergistics2:item.ItemFacade:0, Cable Facade - Iron Ore Cluster
appliedenergistics2:item.ItemFacade:0, Cable Facade - Iron Ore Cluster
appliedenergistics2:item.ItemFacade:0, Cable Facade - Iron Ore Cluster
appliedenergistics2:item.ItemFacade:0, Cable Facade - Iron Ore Cluster
appliedenergistics2:item.ItemFacade:0, Cable Facade - Titanium Ore Cluster
appliedenergistics2:item.ItemFacade:0, Cable Facade - Titanium Ore Cluster
appliedenergistics2:item.ItemFacade:0, Cable Facade - Titanium Ore Cluster
appliedenergistics2:item.ItemFacade:0, Cable Facade - Titanium Ore Cluster
appliedenergistics2:item.ItemFacade:0, Cable Facade - Titanium Ore Cluster
appliedenergistics2:item.ItemFacade:0, Cable Facade - Titanium Ore Cluster
appliedenergistics2:item.ItemFacade:0, Cable Facade - Titanium Ore Cluster
appliedenergistics2:item.ItemFacade:0, Cable Facade - Titanium Ore Cluster
appliedenergistics2:item.ItemFacade:0, Cable Facade - Titanium Ore Cluster
appliedenergistics2:item.ItemFacade:0, Cable Facade - Titanium Ore Cluster
appliedenergistics2:item.ItemFacade:0, Cable Facade - Titanium Ore Cluster
appliedenergistics2:item.ItemFacade:0, Cable Facade - Titanium Ore Cluster
appliedenergistics2:item.ItemFacade:0, Cable Facade - Titanium Ore Cluster
appliedenergistics2:item.ItemFacade:0, Cable Facade - Aluminium Ore Cluster
appliedenergistics2:item.ItemFacade:0, Cable Facade - Aluminium Ore Cluster
appliedenergistics2:item.ItemFacade:0, Cable Facade - Aluminium Ore Cluster
appliedenergistics2:item.ItemFacade:0, Cable Facade - Aluminium Ore Cluster
appliedenergistics2:item.ItemFacade:0, Cable Facade - Aluminium Ore Cluster
appliedenergistics2:item.ItemFacade:0, Cable Facade - Aluminium Ore Cluster
appliedenergistics2:item.ItemFacade:0, Cable Facade - Aluminium Ore Cluster
appliedenergistics2:item.ItemFacade:0, Cable Facade - Aluminium Ore Cluster
appliedenergistics2:item.ItemFacade:0, Cable Facade - Aluminium Ore Cluster
appliedenergistics2:item.ItemFacade:0, Cable Facade - Aluminium Ore Cluster
appliedenergistics2:item.ItemFacade:0, Cable Facade - Aluminium Ore Cluster
appliedenergistics2:item.ItemFacade:0, Cable Facade - Aluminium Ore Cluster
appliedenergistics2:item.ItemFacade:0, Cable Facade - Aluminium Ore Cluster
appliedenergistics2:item.ItemFacade:0, Cable Facade - Copper Ore Cluster
appliedenergistics2:item.ItemFacade:0, Cable Facade - Copper Ore Cluster
appliedenergistics2:item.ItemFacade:0, Cable Facade - Copper Ore Cluster
appliedenergistics2:item.ItemFacade:0, Cable Facade - Copper Ore Cluster
appliedenergistics2:item.ItemFacade:0, Cable Facade - Copper Ore Cluster
appliedenergistics2:item.ItemFacade:0, Cable Facade - Copper Ore Cluster
appliedenergistics2:item.ItemFacade:0, Cable Facade - Copper Ore Cluster
appliedenergistics2:item.ItemFacade:0, Cable Facade - Copper Ore Cluster
appliedenergistics2:item.ItemFacade:0, Cable Facade - Copper Ore Cluster
appliedenergistics2:item.ItemFacade:0, Cable Facade - Copper Ore Cluster
appliedenergistics2:item.ItemFacade:0, Cable Facade - Copper Ore Cluster
appliedenergistics2:item.ItemFacade:0, Cable Facade - Copper Ore Cluster
appliedenergistics2:item.ItemFacade:0, Cable Facade - Copper Ore Cluster
appliedenergistics2:item.ItemFacade:0, Cable Facade - Bedrock Oil Deposit
appliedenergistics2:item.ItemFacade:0, Cable Facade - Bedrock Oil Deposit
appliedenergistics2:item.ItemFacade:0, Cable Facade - Bedrock Oil Deposit
appliedenergistics2:item.ItemFacade:0, Cable Facade - Bedrock Oil Deposit
appliedenergistics2:item.ItemFacade:0, Cable Facade - Bedrock Oil Deposit
appliedenergistics2:item.ItemFacade:0, Cable Facade - Bedrock Oil Deposit
appliedenergistics2:item.ItemFacade:0, Cable Facade - Bedrock Oil Deposit
appliedenergistics2:item.ItemFacade:0, Cable Facade - Bedrock Oil Deposit
appliedenergistics2:item.ItemFacade:0, Cable Facade - Bedrock Oil Deposit
appliedenergistics2:item.ItemFacade:0, Cable Facade - Bedrock Oil Deposit
appliedenergistics2:item.ItemFacade:0, Cable Facade - Bedrock Oil Deposit
appliedenergistics2:item.ItemFacade:0, Cable Facade - Bedrock Oil Deposit
appliedenergistics2:item.ItemFacade:0, Cable Facade - Bedrock Oil Deposit
appliedenergistics2:item.ItemFacade:0, Cable Facade - Burning Nether Coal Ore
appliedenergistics2:item.ItemFacade:0, Cable Facade - Smoldering Netherrack
appliedenergistics2:item.ItemFacade:0, Cable Facade - Nether Plutonium Ore
appliedenergistics2:item.ItemFacade:0, Cable Facade - Nether Tungsten Ore
appliedenergistics2:item.ItemFacade:0, Cable Facade - Nether Sulfur Ore
appliedenergistics2:item.ItemFacade:0, Cable Facade - Nether Phosphorus Ore
appliedenergistics2:item.ItemFacade:0, Cable Facade - Nether Cobalt Ore
appliedenergistics2:item.ItemFacade:0, Cable Facade - Nether Schrabidium Ore
appliedenergistics2:item.ItemFacade:0, Cable Facade - Meteor Iron Ore
appliedenergistics2:item.ItemFacade:0, Cable Facade - Meteor Copper Ore
appliedenergistics2:item.ItemFacade:0, Cable Facade - Meteor Aluminium Ore
appliedenergistics2:item.ItemFacade:0, Cable Facade - Meteor Rare Earth Ore
appliedenergistics2:item.ItemFacade:0, Cable Facade - Meteor Cobalt Ore
appliedenergistics2:item.ItemFacade:0, Cable Facade - Schist Iron Ore
appliedenergistics2:item.ItemFacade:0, Cable Facade - Schist Gold Ore
appliedenergistics2:item.ItemFacade:0, Cable Facade - Schist Copper Ore
appliedenergistics2:item.ItemFacade:0, Cable Facade - Schist Lithium Ore
appliedenergistics2:item.ItemFacade:0, Cable Facade - Schist Schrabidium Ore
appliedenergistics2:item.ItemFacade:0, Cable Facade - Schist Rare Earth Ore
appliedenergistics2:item.ItemFacade:0, Cable Facade - Gas Shale
appliedenergistics2:item.ItemFacade:0, Cable Facade - Depth Cinnabar Ore
appliedenergistics2:item.ItemFacade:0, Cable Facade - Depth Zirconium Ore
appliedenergistics2:item.ItemFacade:0, Cable Facade - Depth Borax Ore
appliedenergistics2:item.ItemFacade:0, Cable Facade - Depth Iron Ore Cluster
appliedenergistics2:item.ItemFacade:0, Cable Facade - Depth Titanium Ore Cluster
appliedenergistics2:item.ItemFacade:0, Cable Facade - Depth Tungsten Ore Cluster
appliedenergistics2:item.ItemFacade:0, Cable Facade - Alexandrite Ore
appliedenergistics2:item.ItemFacade:0, Cable Facade - Nether Depth Neodymium Ore
appliedenergistics2:item.ItemFacade:0, Cable Facade - Sulfur-Rich Basalt
appliedenergistics2:item.ItemFacade:0, Cable Facade - Fluorite-Rich Basalt
appliedenergistics2:item.ItemFacade:0, Cable Facade - Asbestos-Rich Basalt
appliedenergistics2:item.ItemFacade:0, Cable Facade - Gem-Rich Basalt
appliedenergistics2:item.ItemFacade:0, Cable Facade - Molysite-Rich Basalt
appliedenergistics2:item.ItemFacade:0, Cable Facade - Trixite
appliedenergistics2:item.ItemFacade:0, Cable Facade - Strange Stone
appliedenergistics2:item.ItemFacade:0, Cable Facade - Strange Red Room Brick
appliedenergistics2:item.ItemFacade:0, Cable Facade - Sulfurous Stone
appliedenergistics2:item.ItemFacade:0, Cable Facade - Chrysotile
appliedenergistics2:item.ItemFacade:0, Cable Facade - Hematite
appliedenergistics2:item.ItemFacade:0, Cable Facade - Malachite
appliedenergistics2:item.ItemFacade:0, Cable Facade - Limestone
appliedenergistics2:item.ItemFacade:0, Cable Facade - Bauxite
appliedenergistics2:item.ItemFacade:0, Cable Facade - Conglomerate
appliedenergistics2:item.ItemFacade:0, Cable Facade - Calcium
appliedenergistics2:item.ItemFacade:0, Cable Facade - Rutile
appliedenergistics2:item.ItemFacade:0, Cable Facade - Anthracite
appliedenergistics2:item.ItemFacade:0, Cable Facade - Flaming Anthracite
appliedenergistics2:item.ItemFacade:0, Cable Facade - Cobaltite
appliedenergistics2:item.ItemFacade:0, Cable Facade - Coal Crystal Block
appliedenergistics2:item.ItemFacade:0, Cable Facade - Iron Crystal Block
appliedenergistics2:item.ItemFacade:0, Cable Facade - Gold Crystal Block
appliedenergistics2:item.ItemFacade:0, Cable Facade - Redstone Crystal Block
appliedenergistics2:item.ItemFacade:0, Cable Facade - Lapis Crystal Block
appliedenergistics2:item.ItemFacade:0, Cable Facade - Diamond Crystal Block
appliedenergistics2:item.ItemFacade:0, Cable Facade - Uranium Crystal Block
appliedenergistics2:item.ItemFacade:0, Cable Facade - Thorium Crystal Block
appliedenergistics2:item.ItemFacade:0, Cable Facade - Plutonium Crystal Block
appliedenergistics2:item.ItemFacade:0, Cable Facade - Titanium Crystal Block
appliedenergistics2:item.ItemFacade:0, Cable Facade - Sulfur Crystal Block
appliedenergistics2:item.ItemFacade:0, Cable Facade - Niter Crystal Block
appliedenergistics2:item.ItemFacade:0, Cable Facade - Copper Crystal Block
appliedenergistics2:item.ItemFacade:0, Cable Facade - Tungsten Crystal Block
appliedenergistics2:item.ItemFacade:0, Cable Facade - Aluminium Crystal Block
appliedenergistics2:item.ItemFacade:0, Cable Facade - Fluorite Crystal Block
appliedenergistics2:item.ItemFacade:0, Cable Facade - Beryllium Crystal Block
appliedenergistics2:item.ItemFacade:0, Cable Facade - Lead Crystal Block
appliedenergistics2:item.ItemFacade:0, Cable Facade - Schraranium Crystal Block
appliedenergistics2:item.ItemFacade:0, Cable Facade - Schrabidium Crystal Block
appliedenergistics2:item.ItemFacade:0, Cable Facade - Rare Earth Crystal Block
appliedenergistics2:item.ItemFacade:0, Cable Facade - Phosphorus Crystal Block
appliedenergistics2:item.ItemFacade:0, Cable Facade - Trixite Crystal Block
appliedenergistics2:item.ItemFacade:0, Cable Facade - Lithium Crystal Block
appliedenergistics2:item.ItemFacade:0, Cable Facade - Cobalt Crystal Block
appliedenergistics2:item.ItemFacade:0, Cable Facade - Mineral Crystal Block
appliedenergistics2:item.ItemFacade:0, Cable Facade - Nickel Crystal Block
appliedenergistics2:item.ItemFacade:0, Cable Facade - Niobium Crystal Block
appliedenergistics2:item.ItemFacade:0, Cable Facade - Zinc Crystal Block
appliedenergistics2:item.ItemFacade:0, Cable Facade - Osmiridium Crystal Block
appliedenergistics2:item.ItemFacade:0, Cable Facade - Cinnebar Crystal Block
appliedenergistics2:item.ItemFacade:0, Cable Facade - Starmetal Crystal Block
appliedenergistics2:item.ItemFacade:0, Cable Facade - Block of Raw Iron
appliedenergistics2:item.ItemFacade:0, Cable Facade - Block of Raw Gold
appliedenergistics2:item.ItemFacade:0, Cable Facade - Block of Raw Copper
appliedenergistics2:item.ItemFacade:0, Cable Facade - Block of Raw Titanium
appliedenergistics2:item.ItemFacade:0, Cable Facade - Block of Raw Thorium
appliedenergistics2:item.ItemFacade:0, Cable Facade - Block of Raw Morkite
appliedenergistics2:item.ItemFacade:0, Cable Facade - Block of Raw Nickel
appliedenergistics2:item.ItemFacade:0, Cable Facade - Block of Raw Mineral
appliedenergistics2:item.ItemFacade:0, Cable Facade - Block of Raw Zinc
appliedenergistics2:item.ItemFacade:0, Cable Facade - Block of Raw Lithium
appliedenergistics2:item.ItemFacade:0, Cable Facade - Block of Raw Niobium
appliedenergistics2:item.ItemFacade:0, Cable Facade - Block of Raw Palladium
appliedenergistics2:item.ItemFacade:0, Cable Facade - Block of Raw Iodine
appliedenergistics2:item.ItemFacade:0, Cable Facade - Block of Raw Arsenic
appliedenergistics2:item.ItemFacade:0, Cable Facade - Block of Raw Cadmium
appliedenergistics2:item.ItemFacade:0, Cable Facade - Block of Raw Tungsten
appliedenergistics2:item.ItemFacade:0, Cable Facade - Block of Raw Aluminium
appliedenergistics2:item.ItemFacade:0, Cable Facade - Block of Raw Lead
appliedenergistics2:item.ItemFacade:0, Cable Facade - Block of Raw Beryllium
appliedenergistics2:item.ItemFacade:0, Cable Facade - Block of Raw Silicon
appliedenergistics2:item.ItemFacade:0, Cable Facade - Block of Raw Australium
appliedenergistics2:item.ItemFacade:0, Cable Facade - Block of Raw Lanthanium
appliedenergistics2:item.ItemFacade:0, Cable Facade - Block of Raw Uranium
appliedenergistics2:item.ItemFacade:0, Cable Facade - Block of Raw Schrabidium
appliedenergistics2:item.ItemFacade:0, Cable Facade - tile.stone_biome.desert.name
appliedenergistics2:item.ItemFacade:0, Cable Facade - tile.stone_biome.woodland.name
appliedenergistics2:item.ItemFacade:0, Cable Facade - Porous Stone
appliedenergistics2:item.ItemFacade:0, Cable Facade - Graphitic Schist
appliedenergistics2:item.ItemFacade:0, Cable Facade - Schist Brick
appliedenergistics2:item.ItemFacade:0, Cable Facade - Schist Tile
appliedenergistics2:item.ItemFacade:0, Cable Facade - Chiseled Schist
appliedenergistics2:item.ItemFacade:0, Cable Facade - Depth Rock
appliedenergistics2:item.ItemFacade:0, Cable Facade - Depth Bricks
appliedenergistics2:item.ItemFacade:0, Cable Facade - Depth Tiles
appliedenergistics2:item.ItemFacade:0, Cable Facade - Nether Depth Rock
appliedenergistics2:item.ItemFacade:0, Cable Facade - Nether Depth Bricks
appliedenergistics2:item.ItemFacade:0, Cable Facade - Nether Depth Tiles
appliedenergistics2:item.ItemFacade:0, Cable Facade - DNT-Reinforced Depth Bricks
appliedenergistics2:item.ItemFacade:0, Cable Facade - Basalt
appliedenergistics2:item.ItemFacade:0, Cable Facade - Smooth Basalt
appliedenergistics2:item.ItemFacade:0, Cable Facade - Basalt Bricks
appliedenergistics2:item.ItemFacade:0, Cable Facade - Polished Basalt
appliedenergistics2:item.ItemFacade:0, Cable Facade - Basalt Tiles
appliedenergistics2:item.ItemFacade:0, Cable Facade - Block of Uranium
appliedenergistics2:item.ItemFacade:0, Cable Facade - Block of Uranium-233
appliedenergistics2:item.ItemFacade:0, Cable Facade - Block of Uranium-235
appliedenergistics2:item.ItemFacade:0, Cable Facade - Block of Uranium-238
appliedenergistics2:item.ItemFacade:0, Cable Facade - Block of Uranium Fuel
appliedenergistics2:item.ItemFacade:0, Cable Facade - Block of Neptunium
appliedenergistics2:item.ItemFacade:0, Cable Facade - Block of Polonium-210
appliedenergistics2:item.ItemFacade:0, Cable Facade - Block of MOX Fuel
appliedenergistics2:item.ItemFacade:0, Cable Facade - Block of Plutonium
appliedenergistics2:item.ItemFacade:0, Cable Facade - Block of Plutonium-238
appliedenergistics2:item.ItemFacade:0, Cable Facade - Block of Plutonium-239
appliedenergistics2:item.ItemFacade:0, Cable Facade - Block of Plutonium-240
appliedenergistics2:item.ItemFacade:0, Cable Facade - Block of Reactor Grade Plutonium
appliedenergistics2:item.ItemFacade:0, Cable Facade - Block of Plutonium Fuel
appliedenergistics2:item.ItemFacade:0, Cable Facade - Block of Thorium-232
appliedenergistics2:item.ItemFacade:0, Cable Facade - Block of Thorium Fuel
appliedenergistics2:item.ItemFacade:0, Cable Facade - Block of Titanium
appliedenergistics2:item.ItemFacade:0, Cable Facade - Block of Sulfur
appliedenergistics2:item.ItemFacade:0, Cable Facade - Block of Niter
appliedenergistics2:item.ItemFacade:0, Cable Facade - Block of Copper
appliedenergistics2:item.ItemFacade:0, Cable Facade - Block of Nickel
appliedenergistics2:item.ItemFacade:0, Cable Facade - Block of Red Copper
appliedenergistics2:item.ItemFacade:0, Cable Facade - Block of Tungsten
appliedenergistics2:item.ItemFacade:0, Cable Facade - Block of Aluminium
appliedenergistics2:item.ItemFacade:0, Cable Facade - Block of Fluorite
appliedenergistics2:item.ItemFacade:0, Cable Facade - Block of Beryllium
appliedenergistics2:item.ItemFacade:0, Cable Facade - Block of Cobalt
appliedenergistics2:item.ItemFacade:0, Cable Facade - Block of Steel
appliedenergistics2:item.ItemFacade:0, Cable Facade - Block of Osmiridium
appliedenergistics2:item.ItemFacade:0, Cable Facade - Block of Technetium Steel
appliedenergistics2:item.ItemFacade:0, Cable Facade - Block of Cadmium Steel
appliedenergistics2:item.ItemFacade:0, Cable Facade - Block of Lead
appliedenergistics2:item.ItemFacade:0, Cable Facade - Block of Bismuth
appliedenergistics2:item.ItemFacade:0, Cable Facade - Block of Cadmium
appliedenergistics2:item.ItemFacade:0, Cable Facade - Block of Coltan
appliedenergistics2:item.ItemFacade:0, Cable Facade - Block of Tantalum
appliedenergistics2:item.ItemFacade:0, Cable Facade - Block of Niobium
appliedenergistics2:item.ItemFacade:0, Cable Facade - Block of Lithium
appliedenergistics2:item.ItemFacade:0, Cable Facade - Block of Zirconium
appliedenergistics2:item.ItemFacade:0, Cable Facade - Block of White Phosphorus
appliedenergistics2:item.ItemFacade:0, Cable Facade - Block of Red Phosphorus
appliedenergistics2:item.ItemFacade:0, Cable Facade - Block of Yellowcake
appliedenergistics2:item.ItemFacade:0, Cable Facade - Block of Scrap
appliedenergistics2:item.ItemFacade:0, Cable Facade - Block of Electrical Scrap
appliedenergistics2:item.ItemFacade:0, Cable Facade - Block of Fallout
appliedenergistics2:item.ItemFacade:0, Cable Facade - Foam
appliedenergistics2:item.ItemFacade:0, Cable Facade - Block of Graphite
appliedenergistics2:item.ItemFacade:0, Cable Facade - Block of Coal Coke
appliedenergistics2:item.ItemFacade:0, Cable Facade - Block of Lignite Coke
appliedenergistics2:item.ItemFacade:0, Cable Facade - Block of Petroleum Coke
appliedenergistics2:item.ItemFacade:0, Cable Facade - Drilled Graphite (LEGACY)
appliedenergistics2:item.ItemFacade:0, Cable Facade - Pile Control Rod (LEGACY)
appliedenergistics2:item.ItemFacade:0, Cable Facade - Pile Lithium Fuel (Bred) (LEGACY)
appliedenergistics2:item.ItemFacade:0, Cable Facade - Block of Boron
appliedenergistics2:item.ItemFacade:0, Cable Facade - Roll of Insulation
appliedenergistics2:item.ItemFacade:0, Cable Facade - Roll of Fiberglass
appliedenergistics2:item.ItemFacade:0, Cable Facade - Block of Trinitite
appliedenergistics2:item.ItemFacade:0, Cable Facade - Block of Nuclear Waste
appliedenergistics2:item.ItemFacade:0, Cable Facade - Painted Block of Nuclear Waste
appliedenergistics2:item.ItemFacade:0, Cable Facade - Vitrified Block of Nuclear Waste
appliedenergistics2:item.ItemFacade:0, Cable Facade - Corium
appliedenergistics2:item.ItemFacade:0, Cable Facade - Block of Schraranium
appliedenergistics2:item.ItemFacade:0, Cable Facade - Block of Schrabidium
appliedenergistics2:item.ItemFacade:0, Cable Facade - Block of Ferric Schrabidate
appliedenergistics2:item.ItemFacade:0, Cable Facade - Block of Solinium
appliedenergistics2:item.ItemFacade:0, Cable Facade - Block of Schrabidium Fuel
appliedenergistics2:item.ItemFacade:0, Cable Facade - Block of Euphemium
appliedenergistics2:item.ItemFacade:0, Cable Facade - Schrabidium Cluster
appliedenergistics2:item.ItemFacade:0, Cable Facade - Euphemium-Etched Schrabidium Cluster
appliedenergistics2:item.ItemFacade:0, Cable Facade - Block of Dineutronium
appliedenergistics2:item.ItemFacade:0, Cable Facade - Block of Magnetized Tungsten
appliedenergistics2:item.ItemFacade:0, Cable Facade - Block of CMB Steel
appliedenergistics2:item.ItemFacade:0, Cable Facade - Reinforced Block of Desh
appliedenergistics2:item.ItemFacade:0, Cable Facade - Reinforced Block of High-Speed Steel
appliedenergistics2:item.ItemFacade:0, Cable Facade - §9Block of Starmetal§r
appliedenergistics2:item.ItemFacade:0, Cable Facade - Block of Polymer
appliedenergistics2:item.ItemFacade:0, Cable Facade - Block of Bakelite
appliedenergistics2:item.ItemFacade:0, Cable Facade - Block of Rubber
appliedenergistics2:item.ItemFacade:0, Cable Facade - Block of Australium
appliedenergistics2:item.ItemFacade:0, Cable Facade - Block of Nuka Cola Bottle Caps
appliedenergistics2:item.ItemFacade:0, Cable Facade - Block of Nuka Cola Quantum Bottle Caps
appliedenergistics2:item.ItemFacade:0, Cable Facade - Block of S~Cola Bottle Caps
appliedenergistics2:item.ItemFacade:0, Cable Facade - Block of S~Cola RAD Bottle Caps
appliedenergistics2:item.ItemFacade:0, Cable Facade - Block of Korl Bottle Caps
appliedenergistics2:item.ItemFacade:0, Cable Facade - Block of Fritz Cola Bottle Caps
appliedenergistics2:item.ItemFacade:0, Cable Facade - Block of Lanthanium
appliedenergistics2:item.ItemFacade:0, Cable Facade - Block of Radium-226
appliedenergistics2:item.ItemFacade:0, Cable Facade - Block of Actinium
appliedenergistics2:item.ItemFacade:0, Cable Facade - Block of Tritium Cells
appliedenergistics2:item.ItemFacade:0, Cable Facade - Block of Semtex
appliedenergistics2:item.ItemFacade:0, Cable Facade - Block of C-4
appliedenergistics2:item.ItemFacade:0, Cable Facade - Block of S'more
appliedenergistics2:item.ItemFacade:0, Cable Facade - Block of Slag
appliedenergistics2:item.ItemFacade:0, Cable Facade - Titanium Deco Block
appliedenergistics2:item.ItemFacade:0, Cable Facade - Red Copper Deco Block
appliedenergistics2:item.ItemFacade:0, Cable Facade - Tungsten Deco Block
appliedenergistics2:item.ItemFacade:0, Cable Facade - Aluminium Deco Block
appliedenergistics2:item.ItemFacade:0, Cable Facade - Steel Deco Block
appliedenergistics2:item.ItemFacade:0, Cable Facade - Rusty Steel Deco Block
appliedenergistics2:item.ItemFacade:0, Cable Facade - Lead Deco Block
appliedenergistics2:item.ItemFacade:0, Cable Facade - Beryllium Deco Block
appliedenergistics2:item.ItemFacade:0, Cable Facade - Platemetal Block
appliedenergistics2:item.ItemFacade:0, Cable Facade - Black Platemetal Block
appliedenergistics2:item.ItemFacade:0, Cable Facade - White Platemetal Block
appliedenergistics2:item.ItemFacade:0, Cable Facade - Red Platemetal Block
appliedenergistics2:item.ItemFacade:0, Cable Facade - Green Platemetal Block
appliedenergistics2:item.ItemFacade:0, Cable Facade - Light Gray Platemetal Block
appliedenergistics2:item.ItemFacade:0, Cable Facade - Blue Platemetal Block
appliedenergistics2:item.ItemFacade:0, Cable Facade - Purple Platemetal Block
appliedenergistics2:item.ItemFacade:0, Cable Facade - Cyan Platemetal Block
appliedenergistics2:item.ItemFacade:0, Cable Facade - Pink Platemetal Block
appliedenergistics2:item.ItemFacade:0, Cable Facade - Lime Platemetal Block
appliedenergistics2:item.ItemFacade:0, Cable Facade - Yellow Platemetal Block
appliedenergistics2:item.ItemFacade:0, Cable Facade - Light Blue Platemetal Block
appliedenergistics2:item.ItemFacade:0, Cable Facade - Magenta Platemetal Block
appliedenergistics2:item.ItemFacade:0, Cable Facade - Orange Platemetal Block
appliedenergistics2:item.ItemFacade:0, Cable Facade - Stainless Steel Deco Block
appliedenergistics2:item.ItemFacade:0, Cable Facade - RBMK Deco Block
appliedenergistics2:item.ItemFacade:0, Cable Facade - Smooth RBMK Deco Block
appliedenergistics2:item.ItemFacade:0, Cable Facade - Crushed Obsidian
appliedenergistics2:item.ItemFacade:0, Cable Facade - Diamond Gravel
appliedenergistics2:item.ItemFacade:0, Cable Facade - Green Tritium Lamp
appliedenergistics2:item.ItemFacade:0, Cable Facade - Green Tritium Lamp
appliedenergistics2:item.ItemFacade:0, Cable Facade - Blue Tritium Lamp
appliedenergistics2:item.ItemFacade:0, Cable Facade - Blue Tritium Lamp
appliedenergistics2:item.ItemFacade:0, Cable Facade - Asphalt
appliedenergistics2:item.ItemFacade:0, Cable Facade - Brimtumen Asphalt
appliedenergistics2:item.ItemFacade:0, Cable Facade - Glowing Asphalt
appliedenergistics2:item.ItemFacade:0, Cable Facade - Reinforced Stone
appliedenergistics2:item.ItemFacade:0, Cable Facade - Reinforced Glowstone
appliedenergistics2:item.ItemFacade:0, Cable Facade - Reinforced Sandstone
appliedenergistics2:item.ItemFacade:0, Cable Facade - Reinforced Lamp
appliedenergistics2:item.ItemFacade:0, Cable Facade - Reinforced Lamp
appliedenergistics2:item.ItemFacade:0, Cable Facade - Dense Stone
appliedenergistics2:item.ItemFacade:0, Cable Facade - Reinforced Ducrete
appliedenergistics2:item.ItemFacade:0, Cable Facade - Concrete
appliedenergistics2:item.ItemFacade:0, Cable Facade - White Concrete
appliedenergistics2:item.ItemFacade:0, Cable Facade - Orange Concrete
appliedenergistics2:item.ItemFacade:0, Cable Facade - Magenta Concrete
appliedenergistics2:item.ItemFacade:0, Cable Facade - Light Blue Concrete
appliedenergistics2:item.ItemFacade:0, Cable Facade - Yellow Concrete
appliedenergistics2:item.ItemFacade:0, Cable Facade - Lime Concrete
appliedenergistics2:item.ItemFacade:0, Cable Facade - Pink Concrete
appliedenergistics2:item.ItemFacade:0, Cable Facade - Gray Concrete
appliedenergistics2:item.ItemFacade:0, Cable Facade - Light Gray Concrete
appliedenergistics2:item.ItemFacade:0, Cable Facade - Cyan Concrete
appliedenergistics2:item.ItemFacade:0, Cable Facade - Purple Concrete
appliedenergistics2:item.ItemFacade:0, Cable Facade - Blue Concrete
appliedenergistics2:item.ItemFacade:0, Cable Facade - Brown Concrete
appliedenergistics2:item.ItemFacade:0, Cable Facade - Green Concrete
appliedenergistics2:item.ItemFacade:0, Cable Facade - Red Concrete
appliedenergistics2:item.ItemFacade:0, Cable Facade - Black Concrete
appliedenergistics2:item.ItemFacade:0, Cable Facade - Builder's Choice Concrete - Industrial Tinge
appliedenergistics2:item.ItemFacade:0, Cable Facade - Builder's Choice Concrete - Industrial Stripe
appliedenergistics2:item.ItemFacade:0, Cable Facade - Builder's Choice Concrete - Deep Indigo
appliedenergistics2:item.ItemFacade:0, Cable Facade - Builder's Choice Concrete - Mysterious Purple
appliedenergistics2:item.ItemFacade:0, Cable Facade - Builder's Choice Concrete - Manly Pink
appliedenergistics2:item.ItemFacade:0, Cable Facade - Builder's Choice Concrete - Hazard Stripe
appliedenergistics2:item.ItemFacade:0, Cable Facade - Builder's Choice Concrete - Desert Storm
appliedenergistics2:item.ItemFacade:0, Cable Facade - Builder's Choice Concrete - Bronze Plating
appliedenergistics2:item.ItemFacade:0, Cable Facade - Concrete Tile
appliedenergistics2:item.ItemFacade:0, Cable Facade - Asbestos Concrete
appliedenergistics2:item.ItemFacade:0, Cable Facade - Reinforced Concrete
appliedenergistics2:item.ItemFacade:0, Cable Facade - Moldy Debris
appliedenergistics2:item.ItemFacade:0, Cable Facade - Ducrete
appliedenergistics2:item.ItemFacade:0, Cable Facade - Ducrete Tile
appliedenergistics2:item.ItemFacade:0, Cable Facade - Rebar Reinforced Concrete Pillar
appliedenergistics2:item.ItemFacade:0, Cable Facade - Concrete Bricks
appliedenergistics2:item.ItemFacade:0, Cable Facade - Mossy Concrete Bricks
appliedenergistics2:item.ItemFacade:0, Cable Facade - Cracked Concrete Bricks
appliedenergistics2:item.ItemFacade:0, Cable Facade - Broken Concrete Bricks
appliedenergistics2:item.ItemFacade:0, Cable Facade - Marked Concrete Bricks
appliedenergistics2:item.ItemFacade:0, Cable Facade - Ducrete Bricks
appliedenergistics2:item.ItemFacade:0, Cable Facade - Obsidian Bricks
appliedenergistics2:item.ItemFacade:0, Cable Facade - Compound Mesh
appliedenergistics2:item.ItemFacade:0, Cable Facade - Light Bricks
appliedenergistics2:item.ItemFacade:0, Cable Facade - Firebricks
appliedenergistics2:item.ItemFacade:0, Cable Facade - Raw Lightstone
appliedenergistics2:item.ItemFacade:0, Cable Facade - Lightstone Tile
appliedenergistics2:item.ItemFacade:0, Cable Facade - Lightstone Bricks
appliedenergistics2:item.ItemFacade:0, Cable Facade - Lightstone Chiseled Bricks
appliedenergistics2:item.ItemFacade:0, Cable Facade - Chiseled Lightstone
appliedenergistics2:item.ItemFacade:0, Cable Facade - Block
appliedenergistics2:item.ItemFacade:0, Cable Facade - Block
appliedenergistics2:item.ItemFacade:0, Cable Facade - Block
appliedenergistics2:item.ItemFacade:0, Cable Facade - Block
appliedenergistics2:item.ItemFacade:0, Cable Facade - Block
appliedenergistics2:item.ItemFacade:0, Cable Facade - Block
appliedenergistics2:item.ItemFacade:0, Cable Facade - Block
appliedenergistics2:item.ItemFacade:0, Cable Facade - tile.brick_forgotten_lock.name
appliedenergistics2:item.ItemFacade:0, Cable Facade - tile.brick_forgotten_lock.name
appliedenergistics2:item.ItemFacade:0, Cable Facade - tile.brick_forgotten_lock.name
appliedenergistics2:item.ItemFacade:0, Cable Facade - CMB Steel Tile
appliedenergistics2:item.ItemFacade:0, Cable Facade - Reinforced CMB Bricks
appliedenergistics2:item.ItemFacade:0, Cable Facade - Large Vinyl Tile
appliedenergistics2:item.ItemFacade:0, Cable Facade - Small Vinyl Tiles
appliedenergistics2:item.ItemFacade:0, Cable Facade - Vinyl Planks
appliedenergistics2:item.ItemFacade:0, Cable Facade - PVC Planks
appliedenergistics2:item.ItemFacade:0, Cable Facade - Laboratory Tiles
appliedenergistics2:item.ItemFacade:0, Cable Facade - Cracked Laboratory Tiles
appliedenergistics2:item.ItemFacade:0, Cable Facade - Meteorite Block
appliedenergistics2:item.ItemFacade:0, Cable Facade - Meteorite Cobblestone
appliedenergistics2:item.ItemFacade:0, Cable Facade - Broken Meteorite Block
appliedenergistics2:item.ItemFacade:0, Cable Facade - Meteorite Treasure Block
appliedenergistics2:item.ItemFacade:0, Cable Facade - Polished Meteor Block
appliedenergistics2:item.ItemFacade:0, Cable Facade - Meteor Bricks
appliedenergistics2:item.ItemFacade:0, Cable Facade - Mossy Meteor Bricks
appliedenergistics2:item.ItemFacade:0, Cable Facade - Cracked Meteor Bricks
appliedenergistics2:item.ItemFacade:0, Cable Facade - Chiseled Meteor Bricks
appliedenergistics2:item.ItemFacade:0, Cable Facade - Meteor Pillar
appliedenergistics2:item.ItemFacade:0, Cable Facade - Starmetal Static Electricity Generator
appliedenergistics2:item.ItemFacade:0, Cable Facade - Enargite Bricks
appliedenergistics2:item.ItemFacade:0, Cable Facade - Cracked Enargite Bricks
appliedenergistics2:item.ItemFacade:0, Cable Facade - Brittle Enargite Bricks
appliedenergistics2:item.ItemFacade:0, Cable Facade - Magmatic Enargite Bricks
appliedenergistics2:item.ItemFacade:0, Cable Facade - Radioactive Enargite Bricks
appliedenergistics2:item.ItemFacade:0, Cable Facade - Arcane Enargite Bricks
appliedenergistics2:item.ItemFacade:0, Cable Facade - Enargite Glyph Bricks
appliedenergistics2:item.ItemFacade:0, Cable Facade - Enargite Glyph Bricks
appliedenergistics2:item.ItemFacade:0, Cable Facade - Enargite Glyph Bricks
appliedenergistics2:item.ItemFacade:0, Cable Facade - Enargite Glyph Bricks
appliedenergistics2:item.ItemFacade:0, Cable Facade - Enargite Glyph Bricks
appliedenergistics2:item.ItemFacade:0, Cable Facade - Enargite Glyph Bricks
appliedenergistics2:item.ItemFacade:0, Cable Facade - Enargite Glyph Bricks
appliedenergistics2:item.ItemFacade:0, Cable Facade - Enargite Glyph Bricks
appliedenergistics2:item.ItemFacade:0, Cable Facade - Enargite Glyph Bricks
appliedenergistics2:item.ItemFacade:0, Cable Facade - Enargite Glyph Bricks
appliedenergistics2:item.ItemFacade:0, Cable Facade - Enargite Glyph Bricks
appliedenergistics2:item.ItemFacade:0, Cable Facade - Enargite Glyph Bricks
appliedenergistics2:item.ItemFacade:0, Cable Facade - Enargite Glyph Bricks
appliedenergistics2:item.ItemFacade:0, Cable Facade - Enargite Glyph Bricks
appliedenergistics2:item.ItemFacade:0, Cable Facade - Enargite Glyph Bricks
appliedenergistics2:item.ItemFacade:0, Cable Facade - Enargite Glyph Bricks
appliedenergistics2:item.ItemFacade:0, Cable Facade - Mechanist's Circle
appliedenergistics2:item.ItemFacade:0, Cable Facade - Red Room Brick
appliedenergistics2:item.ItemFacade:0, Cable Facade - Nether Glyphid Crevasse
appliedenergistics2:item.ItemFacade:0, Cable Facade - Nether Glyphid Grub
appliedenergistics2:item.ItemFacade:0, Cable Facade - Netherrack Overtaken
appliedenergistics2:item.ItemFacade:0, Cable Facade - Nether Glyphid Hive
appliedenergistics2:item.ItemFacade:0, Cable Facade - Bloatwisp Nest
appliedenergistics2:item.ItemFacade:0, Cable Facade - Block of Laythe Coral
appliedenergistics2:item.ItemFacade:0, Cable Facade - Block of Laythe Coral
appliedenergistics2:item.ItemFacade:0, Cable Facade - Block of Laythe Coral
appliedenergistics2:item.ItemFacade:0, Cable Facade - Block of Laythe Coral
appliedenergistics2:item.ItemFacade:0, Cable Facade - Block of Laythe Coral
appliedenergistics2:item.ItemFacade:0, Cable Facade - tile.mush_block.name
appliedenergistics2:item.ItemFacade:0, Cable Facade - tile.mush_block_stem.name
appliedenergistics2:item.ItemFacade:0, Cable Facade - Glyphid Hive Block
appliedenergistics2:item.ItemFacade:0, Cable Facade - Glyphid Hive Block
appliedenergistics2:item.ItemFacade:0, Cable Facade - Glyphid Hive Block
appliedenergistics2:item.ItemFacade:0, Cable Facade - Mun Turf
appliedenergistics2:item.ItemFacade:0, Cable Facade - Mun Rock
appliedenergistics2:item.ItemFacade:0, Cable Facade - Dross Waste
appliedenergistics2:item.ItemFacade:0, Cable Facade - Dross Slush
appliedenergistics2:item.ItemFacade:0, Cable Facade - Duna Sand
appliedenergistics2:item.ItemFacade:0, Cable Facade - Duna Cobblestone
appliedenergistics2:item.ItemFacade:0, Cable Facade - Duna Rock
appliedenergistics2:item.ItemFacade:0, Cable Facade - Dry Ice
appliedenergistics2:item.ItemFacade:0, Cable Facade - Ferric Clay
appliedenergistics2:item.ItemFacade:0, Cable Facade - Eve Silt
appliedenergistics2:item.ItemFacade:0, Cable Facade - Eve Rock
appliedenergistics2:item.ItemFacade:0, Cable Facade - Laythe Silt
appliedenergistics2:item.ItemFacade:0, Cable Facade - Ike Regolith
appliedenergistics2:item.ItemFacade:0, Cable Facade - Ike Stone
appliedenergistics2:item.ItemFacade:0, Cable Facade - Dres Rock
appliedenergistics2:item.ItemFacade:0, Cable Facade - Moho Regolith
appliedenergistics2:item.ItemFacade:0, Cable Facade - Moho Stone
appliedenergistics2:item.ItemFacade:0, Cable Facade - Minmus Regolith
appliedenergistics2:item.ItemFacade:0, Cable Facade - Minmus Stone
appliedenergistics2:item.ItemFacade:0, Cable Facade - Smooth Minmus Rock
appliedenergistics2:item.ItemFacade:0, Cable Facade - Trinitite Ore
appliedenergistics2:item.ItemFacade:0, Cable Facade - Red Trinitite Ore
appliedenergistics2:item.ItemFacade:0, Cable Facade - Charred Log
appliedenergistics2:item.ItemFacade:0, Cable Facade - Charred Wooden Planks
appliedenergistics2:item.ItemFacade:0, Cable Facade - Frozen Grass
appliedenergistics2:item.ItemFacade:0, Cable Facade - Frozen Dirt
appliedenergistics2:item.ItemFacade:0, Cable Facade - Frozen Log
appliedenergistics2:item.ItemFacade:0, Cable Facade - Frozen Planks
appliedenergistics2:item.ItemFacade:0, Cable Facade - Dead Dirt
appliedenergistics2:item.ItemFacade:0, Cable Facade - Oily Dirt
appliedenergistics2:item.ItemFacade:0, Cable Facade - Oily Sand
appliedenergistics2:item.ItemFacade:0, Cable Facade - Red Oily Sand
appliedenergistics2:item.ItemFacade:0, Cable Facade - Cracked Stone
appliedenergistics2:item.ItemFacade:0, Cable Facade - Tektite
appliedenergistics2:item.ItemFacade:0, Cable Facade - Osmiridium-Infused Tektite
appliedenergistics2:item.ItemFacade:0, Cable Facade - Fleshy Mass
appliedenergistics2:item.ItemFacade:0, Cable Facade - Primed Log
appliedenergistics2:item.ItemFacade:0, Cable Facade - Anti-Mass Log
appliedenergistics2:item.ItemFacade:0, Cable Facade - Balefire Log
appliedenergistics2:item.ItemFacade:0, Cable Facade - Latticed Log
appliedenergistics2:item.ItemFacade:0, Cable Facade - PVC Log
appliedenergistics2:item.ItemFacade:0, Cable Facade - Bloatsprout Log
appliedenergistics2:item.ItemFacade:0, Cable Facade - Rubber Grass
appliedenergistics2:item.ItemFacade:0, Cable Facade - Tekto Silt
appliedenergistics2:item.ItemFacade:0, Cable Facade - Vinyl Sand
appliedenergistics2:item.ItemFacade:0, Cable Facade - Hardened Vinyl Log
appliedenergistics2:item.ItemFacade:0, Cable Facade - Astroturf
appliedenergistics2:item.ItemFacade:0, Cable Facade - Slaked Sellafite
appliedenergistics2:item.ItemFacade:0, Cable Facade - Sellafite Diamond Ore
appliedenergistics2:item.ItemFacade:0, Cable Facade - Bedrock Sellafite
appliedenergistics2:item.ItemFacade:0, Cable Facade - Sellafite Emerald Ore
appliedenergistics2:item.ItemFacade:0, Cable Facade - Scorched Sellafite Uranium Ore
appliedenergistics2:item.ItemFacade:0, Cable Facade - Sellafite Schrabidium Ore
appliedenergistics2:item.ItemFacade:0, Cable Facade - Sellafite Radioactive Gem Ore
appliedenergistics2:item.ItemFacade:0, Cable Facade - Dynamite
appliedenergistics2:item.ItemFacade:0, Cable Facade - Actual TNT
appliedenergistics2:item.ItemFacade:0, Cable Facade - Semtex
appliedenergistics2:item.ItemFacade:0, Cable Facade - C-4
appliedenergistics2:item.ItemFacade:0, Cable Facade - Fissure bomb
appliedenergistics2:item.ItemFacade:0, Cable Facade - Flame War in a Box
appliedenergistics2:item.ItemFacade:0, Cable Facade - Levitation Bomb
appliedenergistics2:item.ItemFacade:0, Cable Facade - Endothermic Bomb
appliedenergistics2:item.ItemFacade:0, Cable Facade - Exothermic Bomb
appliedenergistics2:item.ItemFacade:0, Cable Facade - EMP Device
appliedenergistics2:item.ItemFacade:0, Cable Facade - Explosive Charge
appliedenergistics2:item.ItemFacade:0, Cable Facade - Nuclear Charge
appliedenergistics2:item.ItemFacade:0, Cable Facade - Salted Nuclear Charge
appliedenergistics2:item.ItemFacade:0, Cable Facade - Mining Charge
appliedenergistics2:item.ItemFacade:0, Cable Facade - Ash
appliedenergistics2:item.ItemFacade:0, Cable Facade - Boron Sand
appliedenergistics2:item.ItemFacade:0, Cable Facade - Lead Sand
appliedenergistics2:item.ItemFacade:0, Cable Facade - Uranium Sand
appliedenergistics2:item.ItemFacade:0, Cable Facade - Polonium Sand
appliedenergistics2:item.ItemFacade:0, Cable Facade - Quartz Sand
appliedenergistics2:item.ItemFacade:0, Cable Facade - Silo Hatch Frame
appliedenergistics2:item.ItemFacade:0, Cable Facade - Silo Hatch Opener
appliedenergistics2:item.ItemFacade:0, Cable Facade - Burner Press Preheater
appliedenergistics2:item.ItemFacade:0, Cable Facade - Dense Superconducting Coil
appliedenergistics2:item.ItemFacade:0, Cable Facade - Dense Gold Coil
appliedenergistics2:item.ItemFacade:0, Cable Facade - Dense Neodymium Coil
appliedenergistics2:item.ItemFacade:0, Cable Facade - Dense 4000K Superconductor Coil
appliedenergistics2:item.ItemFacade:0, Cable Facade - Dense Schrabidic Coil
appliedenergistics2:item.ItemFacade:0, Cable Facade - Dense Schrabidate Coil
appliedenergistics2:item.ItemFacade:0, Cable Facade - Dense Starmetal Coil
appliedenergistics2:item.ItemFacade:0, Cable Facade - Dense Chlorophyte Coil
appliedenergistics2:item.ItemFacade:0, Cable Facade - Dense Mese Coil
appliedenergistics2:item.ItemFacade:0, Cable Facade - RBMK Steam Connector
appliedenergistics2:item.ItemFacade:0, Cable Facade - Capacitor Bus (LEGACY)
appliedenergistics2:item.ItemFacade:0, Cable Facade - 10k-20Hz Transformer
appliedenergistics2:item.ItemFacade:0, Cable Facade - Old Boiler
appliedenergistics2:item.ItemFacade:0, Cable Facade - Sand Bags
appliedenergistics2:item.ItemFacade:0, Cable Facade - Teleportation Anchor
appliedenergistics2:item.ItemFacade:0, Cable Facade - High Energy Field Jammer
appliedenergistics2:item.ItemFacade:0, Cable Facade - Armor Modification Table
appliedenergistics2:item.ItemFacade:0, Cable Facade - Weapon Modification Table
appliedenergistics2:item.ItemFacade:0, Cable Facade - Launch Pad Component Block
appliedenergistics2:item.ItemFacade:0, Cable Facade - Launch Pad Scaffold Block
appliedenergistics2:item.ItemFacade:0, Cable Facade - Steel Machine Casing
appliedenergistics2:item.ItemFacade:0, Cable Facade - Bronze Machine Casing
appliedenergistics2:item.ItemFacade:0, Cable Facade - Desh Machine Casing
appliedenergistics2:item.ItemFacade:0, Cable Facade - Technetium Steel Machine Casing
appliedenergistics2:item.ItemFacade:0, Cable Facade - Steel Sheet
appliedenergistics2:item.ItemFacade:0, Cable Facade - Bronze Sheet
appliedenergistics2:item.ItemFacade:0, Cable Facade - Desh Sheet
appliedenergistics2:item.ItemFacade:0, Cable Facade - Technetium Steel Sheet
appliedenergistics2:item.ItemFacade:0, Cable Facade - Motor Block
appliedenergistics2:item.ItemFacade:0, Cable Facade - Desh Motor Block
appliedenergistics2:item.ItemFacade:0, Cable Facade - Bismuth Motor Block
appliedenergistics2:item.ItemFacade:0, Cable Facade - Tier 1 Circuit Block
appliedenergistics2:item.ItemFacade:0, Cable Facade - Tier 2 Circuit Block
appliedenergistics2:item.ItemFacade:0, Cable Facade - Tier 3 Circuit Block
appliedenergistics2:item.ItemFacade:0, Cable Facade - Tier 4 Circuit Block
appliedenergistics2:item.ItemFacade:0, Cable Facade - Tier 5 Circuit Block
appliedenergistics2:item.ItemFacade:0, Cable Facade - Neutron Flux Receiver
appliedenergistics2:item.ItemFacade:0, Cable Facade - Heat Receiver
appliedenergistics2:item.ItemFacade:0, Cable Facade - Custom Machine Structure Positioning Anchor
appliedenergistics2:item.ItemFacade:0, Cable Facade - Chicago Pile Graphite Bricks
appliedenergistics2:item.ItemFacade:0, Cable Facade - PWR Fuel Rod
appliedenergistics2:item.ItemFacade:0, Cable Facade - PWR Control Rod
appliedenergistics2:item.ItemFacade:0, Cable Facade - PWR Coolant Channel
appliedenergistics2:item.ItemFacade:0, Cable Facade - PWR Heat Exchanger
appliedenergistics2:item.ItemFacade:0, Cable Facade - PWR Heatsink
appliedenergistics2:item.ItemFacade:0, Cable Facade - PWR Neutron Source
appliedenergistics2:item.ItemFacade:0, Cable Facade - PWR Neutron Reflector
appliedenergistics2:item.ItemFacade:0, Cable Facade - PWR Pressure Vessel
appliedenergistics2:item.ItemFacade:0, Cable Facade - PWR Access Port
appliedenergistics2:item.ItemFacade:0, Cable Facade - Plasma Heater Component
appliedenergistics2:item.ItemFacade:0, Cable Facade - Duct Deco Block
appliedenergistics2:item.ItemFacade:0, Cable Facade - Superconducting BSCCO Coils
appliedenergistics2:item.ItemFacade:0, Cable Facade - Welded BSCCO Coils
appliedenergistics2:item.ItemFacade:0, Cable Facade - Fusion Reactor Blanket
appliedenergistics2:item.ItemFacade:0, Cable Facade - Fusion Reactor Piping
appliedenergistics2:item.ItemFacade:0, Cable Facade - Watz Reaction Chamber
appliedenergistics2:item.ItemFacade:0, Cable Facade - Watz Reactor Supercooler
appliedenergistics2:item.ItemFacade:0, Cable Facade - Watz Reactor Stability Element
appliedenergistics2:item.ItemFacade:0, Cable Facade - Watz Reactor Stability Element (Riveted)
appliedenergistics2:item.ItemFacade:0, Cable Facade - ICF Laser Casing
appliedenergistics2:item.ItemFacade:0, Cable Facade - ICF Laser Port
appliedenergistics2:item.ItemFacade:0, Cable Facade - ICF Laser Cell
appliedenergistics2:item.ItemFacade:0, Cable Facade - ICF Laser Flash Tube
appliedenergistics2:item.ItemFacade:0, Cable Facade - ICF Laser Capacitor
appliedenergistics2:item.ItemFacade:0, Cable Facade - ICF Laser Turbocharger
appliedenergistics2:item.ItemFacade:0, Cable Facade - ICF Stability Element
appliedenergistics2:item.ItemFacade:0, Cable Facade - ICF Containment Vessel Wall
appliedenergistics2:item.ItemFacade:0, Cable Facade - ICF Containment Vessel Wall (Welded)
appliedenergistics2:item.ItemFacade:0, Cable Facade - ICF Casing
appliedenergistics2:item.ItemFacade:0, Cable Facade - ICF Casing (Riveted)
appliedenergistics2:item.ItemFacade:0, Cable Facade - Hbm's Nuclear Tech Mod Manual [LEGACY]
appliedenergistics2:item.ItemFacade:0, Cable Facade - Supply Crate
appliedenergistics2:item.ItemFacade:0, Cable Facade - Weapon Crate
appliedenergistics2:item.ItemFacade:0, Cable Facade - Hazmat Crate
appliedenergistics2:item.ItemFacade:0, Cable Facade - Machine Crate
appliedenergistics2:item.ItemFacade:0, Cable Facade - Red Crate
appliedenergistics2:item.ItemFacade:0, Cable Facade - Starmetal Crate
appliedenergistics2:item.ItemFacade:0, Cable Facade - Enargite Crate
appliedenergistics2:item.ItemFacade:0, Cable Facade - Crude Oil Extraction Pipe
appliedenergistics2:item.ItemFacade:0, Cable Facade - Hardened Dark Crystal
appliedenergistics2:item.ItemFacade:0, Cable Facade - Pulsating Crystal
appliedenergistics2:item.ItemFacade:0, Cable Facade - Dirt
appliedenergistics2:item.ItemFacade:0, Cable Facade - Pink Log
appliedenergistics2:item.ItemFacade:0, Cable Facade - Pink Wood Planks
appliedenergistics2:item.ItemFacade:0, Cable Facade - tile.pink_double_slab.name
appliedenergistics2:item.ItemFacade:0, Cable Facade - Elevator
appliedenergistics2:item.ItemFacade:0, Cable Facade - Black Lamp
appliedenergistics2:item.ItemFacade:0, Cable Facade - Black Lamp (Inverted)
appliedenergistics2:item.ItemFacade:0, Cable Facade - Dark Gray Lamp
appliedenergistics2:item.ItemFacade:0, Cable Facade - Dark Gray Lamp (Inverted)
appliedenergistics2:item.ItemFacade:0, Cable Facade - Gray Lamp
appliedenergistics2:item.ItemFacade:0, Cable Facade - Gray Lamp (Inverted)
appliedenergistics2:item.ItemFacade:0, Cable Facade - Light Gray Lamp
appliedenergistics2:item.ItemFacade:0, Cable Facade - Light Gray Lamp (Inverted)
appliedenergistics2:item.ItemFacade:0, Cable Facade - White Lamp
appliedenergistics2:item.ItemFacade:0, Cable Facade - White Lamp (Inverted)
appliedenergistics2:item.ItemFacade:0, Cable Facade - Dark Red Lamp
appliedenergistics2:item.ItemFacade:0, Cable Facade - Dark Red Lamp (Inverted)
appliedenergistics2:item.ItemFacade:0, Cable Facade - Red Lamp
appliedenergistics2:item.ItemFacade:0, Cable Facade - Red Lamp (Inverted)
appliedenergistics2:item.ItemFacade:0, Cable Facade - Magenta Lamp
appliedenergistics2:item.ItemFacade:0, Cable Facade - Magenta Lamp (Inverted)
appliedenergistics2:item.ItemFacade:0, Cable Facade - Bluish-Purple Lamp
appliedenergistics2:item.ItemFacade:0, Cable Facade - Bluish-Purple Lamp (Inverted)
appliedenergistics2:item.ItemFacade:0, Cable Facade - Bluish-Gray Lamp
appliedenergistics2:item.ItemFacade:0, Cable Facade - Bluish-Gray Lamp (Inverted)
appliedenergistics2:item.ItemFacade:0, Cable Facade - Dark Blue Lamp
appliedenergistics2:item.ItemFacade:0, Cable Facade - Dark Blue Lamp (Inverted)
appliedenergistics2:item.ItemFacade:0, Cable Facade - Blue Lamp
appliedenergistics2:item.ItemFacade:0, Cable Facade - Blue Lamp (Inverted)
appliedenergistics2:item.ItemFacade:0, Cable Facade - Light Blue Lamp
appliedenergistics2:item.ItemFacade:0, Cable Facade - Light Blue Lamp (Inverted)
appliedenergistics2:item.ItemFacade:0, Cable Facade - Cyan Lamp
appliedenergistics2:item.ItemFacade:0, Cable Facade - Cyan Lamp (Inverted)
appliedenergistics2:item.ItemFacade:0, Cable Facade - Pale Blue Lamp
appliedenergistics2:item.ItemFacade:0, Cable Facade - Pale Blue Lamp (Inverted)
appliedenergistics2:item.ItemFacade:0, Cable Facade - Pink Lamp
appliedenergistics2:item.ItemFacade:0, Cable Facade - Pink Lamp (Inverted)
appliedenergistics2:item.ItemFacade:0, Cable Facade - Bright Pink Lamp
appliedenergistics2:item.ItemFacade:0, Cable Facade - Bright Pink Lamp (Inverted)
appliedenergistics2:item.ItemFacade:0, Cable Facade - Purple Lamp
appliedenergistics2:item.ItemFacade:0, Cable Facade - Purple Lamp (Inverted)
appliedenergistics2:item.ItemFacade:0, Cable Facade - Dark Purple Lamp
appliedenergistics2:item.ItemFacade:0, Cable Facade - Dark Purple Lamp (Inverted)
appliedenergistics2:item.ItemFacade:0, Cable Facade - Sea-Green Lamp
appliedenergistics2:item.ItemFacade:0, Cable Facade - Sea-Green Lamp (Inverted)
appliedenergistics2:item.ItemFacade:0, Cable Facade - Green Lamp
appliedenergistics2:item.ItemFacade:0, Cable Facade - Green Lamp (Inverted)
appliedenergistics2:item.ItemFacade:0, Cable Facade - Lime Lamp
appliedenergistics2:item.ItemFacade:0, Cable Facade - Lime Lamp (Inverted)
appliedenergistics2:item.ItemFacade:0, Cable Facade - Yellow Lamp
appliedenergistics2:item.ItemFacade:0, Cable Facade - Yellow Lamp (Inverted)
appliedenergistics2:item.ItemFacade:0, Cable Facade - Dark Yellow Lamp
appliedenergistics2:item.ItemFacade:0, Cable Facade - Dark Yellow Lamp (Inverted)
appliedenergistics2:item.ItemFacade:0, Cable Facade - Brown Lamp
appliedenergistics2:item.ItemFacade:0, Cable Facade - Brown Lamp (Inverted)
appliedenergistics2:item.ItemFacade:0, Cable Facade - Orange Lamp
appliedenergistics2:item.ItemFacade:0, Cable Facade - Orange Lamp (Inverted)
appliedenergistics2:item.ItemFacade:0, Cable Facade - Bright Orange Lamp
appliedenergistics2:item.ItemFacade:0, Cable Facade - Bright Orange Lamp (Inverted)
appliedenergistics2:item.ItemFacade:0, Cable Facade - Red-Orange Lamp
appliedenergistics2:item.ItemFacade:0, Cable Facade - Red-Orange Lamp (Inverted)
appliedenergistics2:item.ItemFacade:0, Cable Facade - Pale Green Lamp
appliedenergistics2:item.ItemFacade:0, Cable Facade - Pale Green Lamp (Inverted)
appliedenergistics2:item.ItemFacade:0, Cable Facade - Light Green Lamp
appliedenergistics2:item.ItemFacade:0, Cable Facade - Light Green Lamp (Inverted)
appliedenergistics2:item.ItemFacade:0, Cable Facade - Yellow-Green Lamp
appliedenergistics2:item.ItemFacade:0, Cable Facade - Yellow-Green Lamp (Inverted)
appliedenergistics2:item.ItemFacade:0, Cable Facade - Light Purple Lamp
appliedenergistics2:item.ItemFacade:0, Cable Facade - Light Purple Lamp (Inverted)
appliedenergistics2:item.ItemFacade:0, Cable Facade - Aurora
appliedenergistics2:item.ItemFacade:0, Cable Facade - Garden Soil
appliedenergistics2:item.ItemFacade:0, Cable Facade - Agon ①
appliedenergistics2:item.ItemFacade:0, Cable Facade - Agon ②
appliedenergistics2:item.ItemFacade:0, Cable Facade - Agon ③
appliedenergistics2:item.ItemFacade:0, Cable Facade - Agon ④
appliedenergistics2:item.ItemFacade:0, Cable Facade - Agon ⑤
appliedenergistics2:item.ItemFacade:0, Cable Facade - Agon ⑥
appliedenergistics2:item.ItemFacade:0, Cable Facade - Agon ⑦
appliedenergistics2:item.ItemFacade:0, Cable Facade - Agon ⑧
appliedenergistics2:item.ItemFacade:0, Cable Facade - Agon ⑨
appliedenergistics2:item.ItemFacade:0, Cable Facade - Agon ⑩
appliedenergistics2:item.ItemFacade:0, Cable Facade - Agon ⑪
appliedenergistics2:item.ItemFacade:0, Cable Facade - Agon ⑫
appliedenergistics2:item.ItemFacade:0, Cable Facade - Agon ⑬
appliedenergistics2:item.ItemFacade:0, Cable Facade - Agon ⑭
appliedenergistics2:item.ItemFacade:0, Cable Facade - Agon ⑮
appliedenergistics2:item.ItemFacade:0, Cable Facade - Agon ⑯
appliedenergistics2:item.ItemFacade:0, Cable Facade - Azur ①
appliedenergistics2:item.ItemFacade:0, Cable Facade - Azur ②
appliedenergistics2:item.ItemFacade:0, Cable Facade - Azur ③
appliedenergistics2:item.ItemFacade:0, Cable Facade - Azur ④
appliedenergistics2:item.ItemFacade:0, Cable Facade - Azur ⑤
appliedenergistics2:item.ItemFacade:0, Cable Facade - Azur ⑥
appliedenergistics2:item.ItemFacade:0, Cable Facade - Azur ⑦
appliedenergistics2:item.ItemFacade:0, Cable Facade - Azur ⑧
appliedenergistics2:item.ItemFacade:0, Cable Facade - Azur ⑨
appliedenergistics2:item.ItemFacade:0, Cable Facade - Azur ⑩
appliedenergistics2:item.ItemFacade:0, Cable Facade - Azur ⑪
appliedenergistics2:item.ItemFacade:0, Cable Facade - Azur ⑫
appliedenergistics2:item.ItemFacade:0, Cable Facade - Azur ⑬
appliedenergistics2:item.ItemFacade:0, Cable Facade - Azur ⑭
appliedenergistics2:item.ItemFacade:0, Cable Facade - Azur ⑮
appliedenergistics2:item.ItemFacade:0, Cable Facade - Azur ⑯
appliedenergistics2:item.ItemFacade:0, Cable Facade - Bitt ①
appliedenergistics2:item.ItemFacade:0, Cable Facade - Bitt ②
appliedenergistics2:item.ItemFacade:0, Cable Facade - Bitt ③
appliedenergistics2:item.ItemFacade:0, Cable Facade - Bitt ④
appliedenergistics2:item.ItemFacade:0, Cable Facade - Bitt ⑤
appliedenergistics2:item.ItemFacade:0, Cable Facade - Bitt ⑥
appliedenergistics2:item.ItemFacade:0, Cable Facade - Bitt ⑦
appliedenergistics2:item.ItemFacade:0, Cable Facade - Bitt ⑧
appliedenergistics2:item.ItemFacade:0, Cable Facade - Bitt ⑨
appliedenergistics2:item.ItemFacade:0, Cable Facade - Bitt ⑩
appliedenergistics2:item.ItemFacade:0, Cable Facade - Bitt ⑪
appliedenergistics2:item.ItemFacade:0, Cable Facade - Bitt ⑫
appliedenergistics2:item.ItemFacade:0, Cable Facade - Bitt ⑬
appliedenergistics2:item.ItemFacade:0, Cable Facade - Bitt ⑭
appliedenergistics2:item.ItemFacade:0, Cable Facade - Bitt ⑮
appliedenergistics2:item.ItemFacade:0, Cable Facade - Bitt ⑯
appliedenergistics2:item.ItemFacade:0, Cable Facade - Cray ①
appliedenergistics2:item.ItemFacade:0, Cable Facade - Cray ②
appliedenergistics2:item.ItemFacade:0, Cable Facade - Cray ③
appliedenergistics2:item.ItemFacade:0, Cable Facade - Cray ④
appliedenergistics2:item.ItemFacade:0, Cable Facade - Cray ⑤
appliedenergistics2:item.ItemFacade:0, Cable Facade - Cray ⑥
appliedenergistics2:item.ItemFacade:0, Cable Facade - Cray ⑦
appliedenergistics2:item.ItemFacade:0, Cable Facade - Cray ⑧
appliedenergistics2:item.ItemFacade:0, Cable Facade - Cray ⑨
appliedenergistics2:item.ItemFacade:0, Cable Facade - Cray ⑩
appliedenergistics2:item.ItemFacade:0, Cable Facade - Cray ⑪
appliedenergistics2:item.ItemFacade:0, Cable Facade - Cray ⑫
appliedenergistics2:item.ItemFacade:0, Cable Facade - Cray ⑬
appliedenergistics2:item.ItemFacade:0, Cable Facade - Cray ⑭
appliedenergistics2:item.ItemFacade:0, Cable Facade - Cray ⑮
appliedenergistics2:item.ItemFacade:0, Cable Facade - Cray ⑯
appliedenergistics2:item.ItemFacade:0, Cable Facade - Fort ①
appliedenergistics2:item.ItemFacade:0, Cable Facade - Fort ②
appliedenergistics2:item.ItemFacade:0, Cable Facade - Fort ③
appliedenergistics2:item.ItemFacade:0, Cable Facade - Fort ④
appliedenergistics2:item.ItemFacade:0, Cable Facade - Fort ⑤
appliedenergistics2:item.ItemFacade:0, Cable Facade - Fort ⑥
appliedenergistics2:item.ItemFacade:0, Cable Facade - Fort ⑦
appliedenergistics2:item.ItemFacade:0, Cable Facade - Fort ⑧
appliedenergistics2:item.ItemFacade:0, Cable Facade - Fort ⑨
appliedenergistics2:item.ItemFacade:0, Cable Facade - Fort ⑩
appliedenergistics2:item.ItemFacade:0, Cable Facade - Fort ⑪
appliedenergistics2:item.ItemFacade:0, Cable Facade - Fort ⑫
appliedenergistics2:item.ItemFacade:0, Cable Facade - Fort ⑬
appliedenergistics2:item.ItemFacade:0, Cable Facade - Fort ⑭
appliedenergistics2:item.ItemFacade:0, Cable Facade - Fort ⑮
appliedenergistics2:item.ItemFacade:0, Cable Facade - Fort ⑯
appliedenergistics2:item.ItemFacade:0, Cable Facade - Iszm ①
appliedenergistics2:item.ItemFacade:0, Cable Facade - Iszm ②
appliedenergistics2:item.ItemFacade:0, Cable Facade - Iszm ③
appliedenergistics2:item.ItemFacade:0, Cable Facade - Iszm ④
appliedenergistics2:item.ItemFacade:0, Cable Facade - Iszm ⑤
appliedenergistics2:item.ItemFacade:0, Cable Facade - Iszm ⑥
appliedenergistics2:item.ItemFacade:0, Cable Facade - Iszm ⑦
appliedenergistics2:item.ItemFacade:0, Cable Facade - Iszm ⑧
appliedenergistics2:item.ItemFacade:0, Cable Facade - Iszm ⑨
appliedenergistics2:item.ItemFacade:0, Cable Facade - Iszm ⑩
appliedenergistics2:item.ItemFacade:0, Cable Facade - Iszm ⑪
appliedenergistics2:item.ItemFacade:0, Cable Facade - Iszm ⑫
appliedenergistics2:item.ItemFacade:0, Cable Facade - Iszm ⑬
appliedenergistics2:item.ItemFacade:0, Cable Facade - Iszm ⑭
appliedenergistics2:item.ItemFacade:0, Cable Facade - Iszm ⑮
appliedenergistics2:item.ItemFacade:0, Cable Facade - Iszm ⑯
appliedenergistics2:item.ItemFacade:0, Cable Facade - Jelt ①
appliedenergistics2:item.ItemFacade:0, Cable Facade - Jelt ②
appliedenergistics2:item.ItemFacade:0, Cable Facade - Jelt ③
appliedenergistics2:item.ItemFacade:0, Cable Facade - Jelt ④
appliedenergistics2:item.ItemFacade:0, Cable Facade - Jelt ⑤
appliedenergistics2:item.ItemFacade:0, Cable Facade - Jelt ⑥
appliedenergistics2:item.ItemFacade:0, Cable Facade - Jelt ⑦
appliedenergistics2:item.ItemFacade:0, Cable Facade - Jelt ⑧
appliedenergistics2:item.ItemFacade:0, Cable Facade - Jelt ⑨
appliedenergistics2:item.ItemFacade:0, Cable Facade - Jelt ⑩
appliedenergistics2:item.ItemFacade:0, Cable Facade - Jelt ⑪
appliedenergistics2:item.ItemFacade:0, Cable Facade - Jelt ⑫
appliedenergistics2:item.ItemFacade:0, Cable Facade - Jelt ⑬
appliedenergistics2:item.ItemFacade:0, Cable Facade - Jelt ⑭
appliedenergistics2:item.ItemFacade:0, Cable Facade - Jelt ⑮
appliedenergistics2:item.ItemFacade:0, Cable Facade - Jelt ⑯
appliedenergistics2:item.ItemFacade:0, Cable Facade - Korp ①
appliedenergistics2:item.ItemFacade:0, Cable Facade - Korp ②
appliedenergistics2:item.ItemFacade:0, Cable Facade - Korp ③
appliedenergistics2:item.ItemFacade:0, Cable Facade - Korp ④
appliedenergistics2:item.ItemFacade:0, Cable Facade - Korp ⑤
appliedenergistics2:item.ItemFacade:0, Cable Facade - Korp ⑥
appliedenergistics2:item.ItemFacade:0, Cable Facade - Korp ⑦
appliedenergistics2:item.ItemFacade:0, Cable Facade - Korp ⑧
appliedenergistics2:item.ItemFacade:0, Cable Facade - Korp ⑨
appliedenergistics2:item.ItemFacade:0, Cable Facade - Korp ⑩
appliedenergistics2:item.ItemFacade:0, Cable Facade - Korp ⑪
appliedenergistics2:item.ItemFacade:0, Cable Facade - Korp ⑫
appliedenergistics2:item.ItemFacade:0, Cable Facade - Korp ⑬
appliedenergistics2:item.ItemFacade:0, Cable Facade - Korp ⑭
appliedenergistics2:item.ItemFacade:0, Cable Facade - Korp ⑮
appliedenergistics2:item.ItemFacade:0, Cable Facade - Korp ⑯
appliedenergistics2:item.ItemFacade:0, Cable Facade - Kryp ①
appliedenergistics2:item.ItemFacade:0, Cable Facade - Kryp ②
appliedenergistics2:item.ItemFacade:0, Cable Facade - Kryp ③
appliedenergistics2:item.ItemFacade:0, Cable Facade - Kryp ④
appliedenergistics2:item.ItemFacade:0, Cable Facade - Kryp ⑤
appliedenergistics2:item.ItemFacade:0, Cable Facade - Kryp ⑥
appliedenergistics2:item.ItemFacade:0, Cable Facade - Kryp ⑦
appliedenergistics2:item.ItemFacade:0, Cable Facade - Kryp ⑧
appliedenergistics2:item.ItemFacade:0, Cable Facade - Kryp ⑨
appliedenergistics2:item.ItemFacade:0, Cable Facade - Kryp ⑩
appliedenergistics2:item.ItemFacade:0, Cable Facade - Kryp ⑪
appliedenergistics2:item.ItemFacade:0, Cable Facade - Kryp ⑫
appliedenergistics2:item.ItemFacade:0, Cable Facade - Kryp ⑬
appliedenergistics2:item.ItemFacade:0, Cable Facade - Kryp ⑭
appliedenergistics2:item.ItemFacade:0, Cable Facade - Kryp ⑮
appliedenergistics2:item.ItemFacade:0, Cable Facade - Kryp ⑯
appliedenergistics2:item.ItemFacade:0, Cable Facade - Lair ①
appliedenergistics2:item.ItemFacade:0, Cable Facade - Lair ②
appliedenergistics2:item.ItemFacade:0, Cable Facade - Lair ③
appliedenergistics2:item.ItemFacade:0, Cable Facade - Lair ④
appliedenergistics2:item.ItemFacade:0, Cable Facade - Lair ⑤
appliedenergistics2:item.ItemFacade:0, Cable Facade - Lair ⑥
appliedenergistics2:item.ItemFacade:0, Cable Facade - Lair ⑦
appliedenergistics2:item.ItemFacade:0, Cable Facade - Lair ⑧
appliedenergistics2:item.ItemFacade:0, Cable Facade - Lair ⑨
appliedenergistics2:item.ItemFacade:0, Cable Facade - Lair ⑩
appliedenergistics2:item.ItemFacade:0, Cable Facade - Lair ⑪
appliedenergistics2:item.ItemFacade:0, Cable Facade - Lair ⑫
appliedenergistics2:item.ItemFacade:0, Cable Facade - Lair ⑬
appliedenergistics2:item.ItemFacade:0, Cable Facade - Lair ⑭
appliedenergistics2:item.ItemFacade:0, Cable Facade - Lair ⑮
appliedenergistics2:item.ItemFacade:0, Cable Facade - Lair ⑯
appliedenergistics2:item.ItemFacade:0, Cable Facade - Lave ①
appliedenergistics2:item.ItemFacade:0, Cable Facade - Lave ②
appliedenergistics2:item.ItemFacade:0, Cable Facade - Lave ③
appliedenergistics2:item.ItemFacade:0, Cable Facade - Lave ④
appliedenergistics2:item.ItemFacade:0, Cable Facade - Lave ⑤
appliedenergistics2:item.ItemFacade:0, Cable Facade - Lave ⑥
appliedenergistics2:item.ItemFacade:0, Cable Facade - Lave ⑦
appliedenergistics2:item.ItemFacade:0, Cable Facade - Lave ⑧
appliedenergistics2:item.ItemFacade:0, Cable Facade - Lave ⑨
appliedenergistics2:item.ItemFacade:0, Cable Facade - Lave ⑩
appliedenergistics2:item.ItemFacade:0, Cable Facade - Lave ⑪
appliedenergistics2:item.ItemFacade:0, Cable Facade - Lave ⑫
appliedenergistics2:item.ItemFacade:0, Cable Facade - Lave ⑬
appliedenergistics2:item.ItemFacade:0, Cable Facade - Lave ⑭
appliedenergistics2:item.ItemFacade:0, Cable Facade - Lave ⑮
appliedenergistics2:item.ItemFacade:0, Cable Facade - Lave ⑯
appliedenergistics2:item.ItemFacade:0, Cable Facade - Mint ①
appliedenergistics2:item.ItemFacade:0, Cable Facade - Mint ②
appliedenergistics2:item.ItemFacade:0, Cable Facade - Mint ③
appliedenergistics2:item.ItemFacade:0, Cable Facade - Mint ④
appliedenergistics2:item.ItemFacade:0, Cable Facade - Mint ⑤
appliedenergistics2:item.ItemFacade:0, Cable Facade - Mint ⑥
appliedenergistics2:item.ItemFacade:0, Cable Facade - Mint ⑦
appliedenergistics2:item.ItemFacade:0, Cable Facade - Mint ⑧
appliedenergistics2:item.ItemFacade:0, Cable Facade - Mint ⑨
appliedenergistics2:item.ItemFacade:0, Cable Facade - Mint ⑩
appliedenergistics2:item.ItemFacade:0, Cable Facade - Mint ⑪
appliedenergistics2:item.ItemFacade:0, Cable Facade - Mint ⑫
appliedenergistics2:item.ItemFacade:0, Cable Facade - Mint ⑬
appliedenergistics2:item.ItemFacade:0, Cable Facade - Mint ⑭
appliedenergistics2:item.ItemFacade:0, Cable Facade - Mint ⑮
appliedenergistics2:item.ItemFacade:0, Cable Facade - Mint ⑯
appliedenergistics2:item.ItemFacade:0, Cable Facade - Myst ①
appliedenergistics2:item.ItemFacade:0, Cable Facade - Myst ②
appliedenergistics2:item.ItemFacade:0, Cable Facade - Myst ③
appliedenergistics2:item.ItemFacade:0, Cable Facade - Myst ④
appliedenergistics2:item.ItemFacade:0, Cable Facade - Myst ⑤
appliedenergistics2:item.ItemFacade:0, Cable Facade - Myst ⑥
appliedenergistics2:item.ItemFacade:0, Cable Facade - Myst ⑦
appliedenergistics2:item.ItemFacade:0, Cable Facade - Myst ⑧
appliedenergistics2:item.ItemFacade:0, Cable Facade - Myst ⑨
appliedenergistics2:item.ItemFacade:0, Cable Facade - Myst ⑩
appliedenergistics2:item.ItemFacade:0, Cable Facade - Myst ⑪
appliedenergistics2:item.ItemFacade:0, Cable Facade - Myst ⑫
appliedenergistics2:item.ItemFacade:0, Cable Facade - Myst ⑬
appliedenergistics2:item.ItemFacade:0, Cable Facade - Myst ⑭
appliedenergistics2:item.ItemFacade:0, Cable Facade - Myst ⑮
appliedenergistics2:item.ItemFacade:0, Cable Facade - Myst ⑯
appliedenergistics2:item.ItemFacade:0, Cable Facade - Reds ①
appliedenergistics2:item.ItemFacade:0, Cable Facade - Reds ②
appliedenergistics2:item.ItemFacade:0, Cable Facade - Reds ③
appliedenergistics2:item.ItemFacade:0, Cable Facade - Reds ④
appliedenergistics2:item.ItemFacade:0, Cable Facade - Reds ⑤
appliedenergistics2:item.ItemFacade:0, Cable Facade - Reds ⑥
appliedenergistics2:item.ItemFacade:0, Cable Facade - Reds ⑦
appliedenergistics2:item.ItemFacade:0, Cable Facade - Reds ⑧
appliedenergistics2:item.ItemFacade:0, Cable Facade - Reds ⑨
appliedenergistics2:item.ItemFacade:0, Cable Facade - Reds ⑩
appliedenergistics2:item.ItemFacade:0, Cable Facade - Reds ⑪
appliedenergistics2:item.ItemFacade:0, Cable Facade - Reds ⑫
appliedenergistics2:item.ItemFacade:0, Cable Facade - Reds ⑬
appliedenergistics2:item.ItemFacade:0, Cable Facade - Reds ⑭
appliedenergistics2:item.ItemFacade:0, Cable Facade - Reds ⑮
appliedenergistics2:item.ItemFacade:0, Cable Facade - Reds ⑯
appliedenergistics2:item.ItemFacade:0, Cable Facade - Reed ①
appliedenergistics2:item.ItemFacade:0, Cable Facade - Reed ②
appliedenergistics2:item.ItemFacade:0, Cable Facade - Reed ③
appliedenergistics2:item.ItemFacade:0, Cable Facade - Reed ④
appliedenergistics2:item.ItemFacade:0, Cable Facade - Reed ⑤
appliedenergistics2:item.ItemFacade:0, Cable Facade - Reed ⑥
appliedenergistics2:item.ItemFacade:0, Cable Facade - Reed ⑦
appliedenergistics2:item.ItemFacade:0, Cable Facade - Reed ⑧
appliedenergistics2:item.ItemFacade:0, Cable Facade - Reed ⑨
appliedenergistics2:item.ItemFacade:0, Cable Facade - Reed ⑩
appliedenergistics2:item.ItemFacade:0, Cable Facade - Reed ⑪
appliedenergistics2:item.ItemFacade:0, Cable Facade - Reed ⑫
appliedenergistics2:item.ItemFacade:0, Cable Facade - Reed ⑬
appliedenergistics2:item.ItemFacade:0, Cable Facade - Reed ⑭
appliedenergistics2:item.ItemFacade:0, Cable Facade - Reed ⑮
appliedenergistics2:item.ItemFacade:0, Cable Facade - Reed ⑯
appliedenergistics2:item.ItemFacade:0, Cable Facade - Roen ①
appliedenergistics2:item.ItemFacade:0, Cable Facade - Roen ②
appliedenergistics2:item.ItemFacade:0, Cable Facade - Roen ③
appliedenergistics2:item.ItemFacade:0, Cable Facade - Roen ④
appliedenergistics2:item.ItemFacade:0, Cable Facade - Roen ⑤
appliedenergistics2:item.ItemFacade:0, Cable Facade - Roen ⑥
appliedenergistics2:item.ItemFacade:0, Cable Facade - Roen ⑦
appliedenergistics2:item.ItemFacade:0, Cable Facade - Roen ⑧
appliedenergistics2:item.ItemFacade:0, Cable Facade - Roen ⑨
appliedenergistics2:item.ItemFacade:0, Cable Facade - Roen ⑩
appliedenergistics2:item.ItemFacade:0, Cable Facade - Roen ⑪
appliedenergistics2:item.ItemFacade:0, Cable Facade - Roen ⑫
appliedenergistics2:item.ItemFacade:0, Cable Facade - Roen ⑬
appliedenergistics2:item.ItemFacade:0, Cable Facade - Roen ⑭
appliedenergistics2:item.ItemFacade:0, Cable Facade - Roen ⑮
appliedenergistics2:item.ItemFacade:0, Cable Facade - Roen ⑯
appliedenergistics2:item.ItemFacade:0, Cable Facade - Sols ①
appliedenergistics2:item.ItemFacade:0, Cable Facade - Sols ②
appliedenergistics2:item.ItemFacade:0, Cable Facade - Sols ③
appliedenergistics2:item.ItemFacade:0, Cable Facade - Sols ④
appliedenergistics2:item.ItemFacade:0, Cable Facade - Sols ⑤
appliedenergistics2:item.ItemFacade:0, Cable Facade - Sols ⑥
appliedenergistics2:item.ItemFacade:0, Cable Facade - Sols ⑦
appliedenergistics2:item.ItemFacade:0, Cable Facade - Sols ⑧
appliedenergistics2:item.ItemFacade:0, Cable Facade - Sols ⑨
appliedenergistics2:item.ItemFacade:0, Cable Facade - Sols ⑩
appliedenergistics2:item.ItemFacade:0, Cable Facade - Sols ⑪
appliedenergistics2:item.ItemFacade:0, Cable Facade - Sols ⑫
appliedenergistics2:item.ItemFacade:0, Cable Facade - Sols ⑬
appliedenergistics2:item.ItemFacade:0, Cable Facade - Sols ⑭
appliedenergistics2:item.ItemFacade:0, Cable Facade - Sols ⑮
appliedenergistics2:item.ItemFacade:0, Cable Facade - Sols ⑯
appliedenergistics2:item.ItemFacade:0, Cable Facade - Sync ①
appliedenergistics2:item.ItemFacade:0, Cable Facade - Sync ②
appliedenergistics2:item.ItemFacade:0, Cable Facade - Sync ③
appliedenergistics2:item.ItemFacade:0, Cable Facade - Sync ④
appliedenergistics2:item.ItemFacade:0, Cable Facade - Sync ⑤
appliedenergistics2:item.ItemFacade:0, Cable Facade - Sync ⑥
appliedenergistics2:item.ItemFacade:0, Cable Facade - Sync ⑦
appliedenergistics2:item.ItemFacade:0, Cable Facade - Sync ⑧
appliedenergistics2:item.ItemFacade:0, Cable Facade - Sync ⑨
appliedenergistics2:item.ItemFacade:0, Cable Facade - Sync ⑩
appliedenergistics2:item.ItemFacade:0, Cable Facade - Sync ⑪
appliedenergistics2:item.ItemFacade:0, Cable Facade - Sync ⑫
appliedenergistics2:item.ItemFacade:0, Cable Facade - Sync ⑬
appliedenergistics2:item.ItemFacade:0, Cable Facade - Sync ⑭
appliedenergistics2:item.ItemFacade:0, Cable Facade - Sync ⑮
appliedenergistics2:item.ItemFacade:0, Cable Facade - Sync ⑯
appliedenergistics2:item.ItemFacade:0, Cable Facade - Tank ①
appliedenergistics2:item.ItemFacade:0, Cable Facade - Tank ②
appliedenergistics2:item.ItemFacade:0, Cable Facade - Tank ③
appliedenergistics2:item.ItemFacade:0, Cable Facade - Tank ④
appliedenergistics2:item.ItemFacade:0, Cable Facade - Tank ⑤
appliedenergistics2:item.ItemFacade:0, Cable Facade - Tank ⑥
appliedenergistics2:item.ItemFacade:0, Cable Facade - Tank ⑦
appliedenergistics2:item.ItemFacade:0, Cable Facade - Tank ⑧
appliedenergistics2:item.ItemFacade:0, Cable Facade - Tank ⑨
appliedenergistics2:item.ItemFacade:0, Cable Facade - Tank ⑩
appliedenergistics2:item.ItemFacade:0, Cable Facade - Tank ⑪
appliedenergistics2:item.ItemFacade:0, Cable Facade - Tank ⑫
appliedenergistics2:item.ItemFacade:0, Cable Facade - Tank ⑬
appliedenergistics2:item.ItemFacade:0, Cable Facade - Tank ⑭
appliedenergistics2:item.ItemFacade:0, Cable Facade - Tank ⑮
appliedenergistics2:item.ItemFacade:0, Cable Facade - Tank ⑯
appliedenergistics2:item.ItemFacade:0, Cable Facade - Test ①
appliedenergistics2:item.ItemFacade:0, Cable Facade - Test ②
appliedenergistics2:item.ItemFacade:0, Cable Facade - Test ③
appliedenergistics2:item.ItemFacade:0, Cable Facade - Test ④
appliedenergistics2:item.ItemFacade:0, Cable Facade - Test ⑤
appliedenergistics2:item.ItemFacade:0, Cable Facade - Test ⑥
appliedenergistics2:item.ItemFacade:0, Cable Facade - Test ⑦
appliedenergistics2:item.ItemFacade:0, Cable Facade - Test ⑧
appliedenergistics2:item.ItemFacade:0, Cable Facade - Test ⑨
appliedenergistics2:item.ItemFacade:0, Cable Facade - Test ⑩
appliedenergistics2:item.ItemFacade:0, Cable Facade - Test ⑪
appliedenergistics2:item.ItemFacade:0, Cable Facade - Test ⑫
appliedenergistics2:item.ItemFacade:0, Cable Facade - Test ⑬
appliedenergistics2:item.ItemFacade:0, Cable Facade - Test ⑭
appliedenergistics2:item.ItemFacade:0, Cable Facade - Test ⑮
appliedenergistics2:item.ItemFacade:0, Cable Facade - Test ⑯
appliedenergistics2:item.ItemFacade:0, Cable Facade - Tile ①
appliedenergistics2:item.ItemFacade:0, Cable Facade - Tile ②
appliedenergistics2:item.ItemFacade:0, Cable Facade - Tile ③
appliedenergistics2:item.ItemFacade:0, Cable Facade - Tile ④
appliedenergistics2:item.ItemFacade:0, Cable Facade - Tile ⑤
appliedenergistics2:item.ItemFacade:0, Cable Facade - Tile ⑥
appliedenergistics2:item.ItemFacade:0, Cable Facade - Tile ⑦
appliedenergistics2:item.ItemFacade:0, Cable Facade - Tile ⑧
appliedenergistics2:item.ItemFacade:0, Cable Facade - Tile ⑨
appliedenergistics2:item.ItemFacade:0, Cable Facade - Tile ⑩
appliedenergistics2:item.ItemFacade:0, Cable Facade - Tile ⑪
appliedenergistics2:item.ItemFacade:0, Cable Facade - Tile ⑫
appliedenergistics2:item.ItemFacade:0, Cable Facade - Tile ⑬
appliedenergistics2:item.ItemFacade:0, Cable Facade - Tile ⑭
appliedenergistics2:item.ItemFacade:0, Cable Facade - Tile ⑮
appliedenergistics2:item.ItemFacade:0, Cable Facade - Tile ⑯
appliedenergistics2:item.ItemFacade:0, Cable Facade - Vect ①
appliedenergistics2:item.ItemFacade:0, Cable Facade - Vect ②
appliedenergistics2:item.ItemFacade:0, Cable Facade - Vect ③
appliedenergistics2:item.ItemFacade:0, Cable Facade - Vect ④
appliedenergistics2:item.ItemFacade:0, Cable Facade - Vect ⑤
appliedenergistics2:item.ItemFacade:0, Cable Facade - Vect ⑥
appliedenergistics2:item.ItemFacade:0, Cable Facade - Vect ⑦
appliedenergistics2:item.ItemFacade:0, Cable Facade - Vect ⑧
appliedenergistics2:item.ItemFacade:0, Cable Facade - Vect ⑨
appliedenergistics2:item.ItemFacade:0, Cable Facade - Vect ⑩
appliedenergistics2:item.ItemFacade:0, Cable Facade - Vect ⑪
appliedenergistics2:item.ItemFacade:0, Cable Facade - Vect ⑫
appliedenergistics2:item.ItemFacade:0, Cable Facade - Vect ⑬
appliedenergistics2:item.ItemFacade:0, Cable Facade - Vect ⑭
appliedenergistics2:item.ItemFacade:0, Cable Facade - Vect ⑮
appliedenergistics2:item.ItemFacade:0, Cable Facade - Vect ⑯
appliedenergistics2:item.ItemFacade:0, Cable Facade - Vena ①
appliedenergistics2:item.ItemFacade:0, Cable Facade - Vena ②
appliedenergistics2:item.ItemFacade:0, Cable Facade - Vena ③
appliedenergistics2:item.ItemFacade:0, Cable Facade - Vena ④
appliedenergistics2:item.ItemFacade:0, Cable Facade - Vena ⑤
appliedenergistics2:item.ItemFacade:0, Cable Facade - Vena ⑥
appliedenergistics2:item.ItemFacade:0, Cable Facade - Vena ⑦
appliedenergistics2:item.ItemFacade:0, Cable Facade - Vena ⑧
appliedenergistics2:item.ItemFacade:0, Cable Facade - Vena ⑨
appliedenergistics2:item.ItemFacade:0, Cable Facade - Vena ⑩
appliedenergistics2:item.ItemFacade:0, Cable Facade - Vena ⑪
appliedenergistics2:item.ItemFacade:0, Cable Facade - Vena ⑫
appliedenergistics2:item.ItemFacade:0, Cable Facade - Vena ⑬
appliedenergistics2:item.ItemFacade:0, Cable Facade - Vena ⑭
appliedenergistics2:item.ItemFacade:0, Cable Facade - Vena ⑮
appliedenergistics2:item.ItemFacade:0, Cable Facade - Vena ⑯
appliedenergistics2:item.ItemFacade:0, Cable Facade - Zane ①
appliedenergistics2:item.ItemFacade:0, Cable Facade - Zane ②
appliedenergistics2:item.ItemFacade:0, Cable Facade - Zane ③
appliedenergistics2:item.ItemFacade:0, Cable Facade - Zane ④
appliedenergistics2:item.ItemFacade:0, Cable Facade - Zane ⑤
appliedenergistics2:item.ItemFacade:0, Cable Facade - Zane ⑥
appliedenergistics2:item.ItemFacade:0, Cable Facade - Zane ⑦
appliedenergistics2:item.ItemFacade:0, Cable Facade - Zane ⑧
appliedenergistics2:item.ItemFacade:0, Cable Facade - Zane ⑨
appliedenergistics2:item.ItemFacade:0, Cable Facade - Zane ⑩
appliedenergistics2:item.ItemFacade:0, Cable Facade - Zane ⑪
appliedenergistics2:item.ItemFacade:0, Cable Facade - Zane ⑫
appliedenergistics2:item.ItemFacade:0, Cable Facade - Zane ⑬
appliedenergistics2:item.ItemFacade:0, Cable Facade - Zane ⑭
appliedenergistics2:item.ItemFacade:0, Cable Facade - Zane ⑮
appliedenergistics2:item.ItemFacade:0, Cable Facade - Zane ⑯
appliedenergistics2:item.ItemFacade:0, Cable Facade - Zech ①
appliedenergistics2:item.ItemFacade:0, Cable Facade - Zech ②
appliedenergistics2:item.ItemFacade:0, Cable Facade - Zech ③
appliedenergistics2:item.ItemFacade:0, Cable Facade - Zech ④
appliedenergistics2:item.ItemFacade:0, Cable Facade - Zech ⑤
appliedenergistics2:item.ItemFacade:0, Cable Facade - Zech ⑥
appliedenergistics2:item.ItemFacade:0, Cable Facade - Zech ⑦
appliedenergistics2:item.ItemFacade:0, Cable Facade - Zech ⑧
appliedenergistics2:item.ItemFacade:0, Cable Facade - Zech ⑨
appliedenergistics2:item.ItemFacade:0, Cable Facade - Zech ⑩
appliedenergistics2:item.ItemFacade:0, Cable Facade - Zech ⑪
appliedenergistics2:item.ItemFacade:0, Cable Facade - Zech ⑫
appliedenergistics2:item.ItemFacade:0, Cable Facade - Zech ⑬
appliedenergistics2:item.ItemFacade:0, Cable Facade - Zech ⑭
appliedenergistics2:item.ItemFacade:0, Cable Facade - Zech ⑮
appliedenergistics2:item.ItemFacade:0, Cable Facade - Zech ⑯
appliedenergistics2:item.ItemFacade:0, Cable Facade - Zest ①
appliedenergistics2:item.ItemFacade:0, Cable Facade - Zest ②
appliedenergistics2:item.ItemFacade:0, Cable Facade - Zest ③
appliedenergistics2:item.ItemFacade:0, Cable Facade - Zest ④
appliedenergistics2:item.ItemFacade:0, Cable Facade - Zest ⑤
appliedenergistics2:item.ItemFacade:0, Cable Facade - Zest ⑥
appliedenergistics2:item.ItemFacade:0, Cable Facade - Zest ⑦
appliedenergistics2:item.ItemFacade:0, Cable Facade - Zest ⑧
appliedenergistics2:item.ItemFacade:0, Cable Facade - Zest ⑨
appliedenergistics2:item.ItemFacade:0, Cable Facade - Zest ⑩
appliedenergistics2:item.ItemFacade:0, Cable Facade - Zest ⑪
appliedenergistics2:item.ItemFacade:0, Cable Facade - Zest ⑫
appliedenergistics2:item.ItemFacade:0, Cable Facade - Zest ⑬
appliedenergistics2:item.ItemFacade:0, Cable Facade - Zest ⑭
appliedenergistics2:item.ItemFacade:0, Cable Facade - Zest ⑮
appliedenergistics2:item.ItemFacade:0, Cable Facade - Zest ⑯
appliedenergistics2:item.ItemFacade:0, Cable Facade - Zeta ①
appliedenergistics2:item.ItemFacade:0, Cable Facade - Zeta ②
appliedenergistics2:item.ItemFacade:0, Cable Facade - Zeta ③
appliedenergistics2:item.ItemFacade:0, Cable Facade - Zeta ④
appliedenergistics2:item.ItemFacade:0, Cable Facade - Zeta ⑤
appliedenergistics2:item.ItemFacade:0, Cable Facade - Zeta ⑥
appliedenergistics2:item.ItemFacade:0, Cable Facade - Zeta ⑦
appliedenergistics2:item.ItemFacade:0, Cable Facade - Zeta ⑧
appliedenergistics2:item.ItemFacade:0, Cable Facade - Zeta ⑨
appliedenergistics2:item.ItemFacade:0, Cable Facade - Zeta ⑩
appliedenergistics2:item.ItemFacade:0, Cable Facade - Zeta ⑪
appliedenergistics2:item.ItemFacade:0, Cable Facade - Zeta ⑫
appliedenergistics2:item.ItemFacade:0, Cable Facade - Zeta ⑬
appliedenergistics2:item.ItemFacade:0, Cable Facade - Zeta ⑭
appliedenergistics2:item.ItemFacade:0, Cable Facade - Zeta ⑮
appliedenergistics2:item.ItemFacade:0, Cable Facade - Zeta ⑯
appliedenergistics2:item.ItemFacade:0, Cable Facade - Zion ①
appliedenergistics2:item.ItemFacade:0, Cable Facade - Zion ②
appliedenergistics2:item.ItemFacade:0, Cable Facade - Zion ③
appliedenergistics2:item.ItemFacade:0, Cable Facade - Zion ④
appliedenergistics2:item.ItemFacade:0, Cable Facade - Zion ⑤
appliedenergistics2:item.ItemFacade:0, Cable Facade - Zion ⑥
appliedenergistics2:item.ItemFacade:0, Cable Facade - Zion ⑦
appliedenergistics2:item.ItemFacade:0, Cable Facade - Zion ⑧
appliedenergistics2:item.ItemFacade:0, Cable Facade - Zion ⑨
appliedenergistics2:item.ItemFacade:0, Cable Facade - Zion ⑩
appliedenergistics2:item.ItemFacade:0, Cable Facade - Zion ⑪
appliedenergistics2:item.ItemFacade:0, Cable Facade - Zion ⑫
appliedenergistics2:item.ItemFacade:0, Cable Facade - Zion ⑬
appliedenergistics2:item.ItemFacade:0, Cable Facade - Zion ⑭
appliedenergistics2:item.ItemFacade:0, Cable Facade - Zion ⑮
appliedenergistics2:item.ItemFacade:0, Cable Facade - Zion ⑯
appliedenergistics2:item.ItemFacade:0, Cable Facade - Zkul ①
appliedenergistics2:item.ItemFacade:0, Cable Facade - Zkul ②
appliedenergistics2:item.ItemFacade:0, Cable Facade - Zkul ③
appliedenergistics2:item.ItemFacade:0, Cable Facade - Zkul ④
appliedenergistics2:item.ItemFacade:0, Cable Facade - Zkul ⑤
appliedenergistics2:item.ItemFacade:0, Cable Facade - Zkul ⑥
appliedenergistics2:item.ItemFacade:0, Cable Facade - Zkul ⑦
appliedenergistics2:item.ItemFacade:0, Cable Facade - Zkul ⑧
appliedenergistics2:item.ItemFacade:0, Cable Facade - Zkul ⑨
appliedenergistics2:item.ItemFacade:0, Cable Facade - Zkul ⑩
appliedenergistics2:item.ItemFacade:0, Cable Facade - Zkul ⑪
appliedenergistics2:item.ItemFacade:0, Cable Facade - Zkul ⑫
appliedenergistics2:item.ItemFacade:0, Cable Facade - Zkul ⑬
appliedenergistics2:item.ItemFacade:0, Cable Facade - Zkul ⑭
appliedenergistics2:item.ItemFacade:0, Cable Facade - Zkul ⑮
appliedenergistics2:item.ItemFacade:0, Cable Facade - Zkul ⑯
appliedenergistics2:item.ItemFacade:0, Cable Facade - Zoea ①
appliedenergistics2:item.ItemFacade:0, Cable Facade - Zoea ②
appliedenergistics2:item.ItemFacade:0, Cable Facade - Zoea ③
appliedenergistics2:item.ItemFacade:0, Cable Facade - Zoea ④
appliedenergistics2:item.ItemFacade:0, Cable Facade - Zoea ⑤
appliedenergistics2:item.ItemFacade:0, Cable Facade - Zoea ⑥
appliedenergistics2:item.ItemFacade:0, Cable Facade - Zoea ⑦
appliedenergistics2:item.ItemFacade:0, Cable Facade - Zoea ⑧
appliedenergistics2:item.ItemFacade:0, Cable Facade - Zoea ⑨
appliedenergistics2:item.ItemFacade:0, Cable Facade - Zoea ⑩
appliedenergistics2:item.ItemFacade:0, Cable Facade - Zoea ⑪
appliedenergistics2:item.ItemFacade:0, Cable Facade - Zoea ⑫
appliedenergistics2:item.ItemFacade:0, Cable Facade - Zoea ⑬
appliedenergistics2:item.ItemFacade:0, Cable Facade - Zoea ⑭
appliedenergistics2:item.ItemFacade:0, Cable Facade - Zoea ⑮
appliedenergistics2:item.ItemFacade:0, Cable Facade - Zoea ⑯
appliedenergistics2:item.ItemFacade:0, Cable Facade - Zome ①
appliedenergistics2:item.ItemFacade:0, Cable Facade - Zome ②
appliedenergistics2:item.ItemFacade:0, Cable Facade - Zome ③
appliedenergistics2:item.ItemFacade:0, Cable Facade - Zome ④
appliedenergistics2:item.ItemFacade:0, Cable Facade - Zome ⑤
appliedenergistics2:item.ItemFacade:0, Cable Facade - Zome ⑥
appliedenergistics2:item.ItemFacade:0, Cable Facade - Zome ⑦
appliedenergistics2:item.ItemFacade:0, Cable Facade - Zome ⑧
appliedenergistics2:item.ItemFacade:0, Cable Facade - Zome ⑨
appliedenergistics2:item.ItemFacade:0, Cable Facade - Zome ⑩
appliedenergistics2:item.ItemFacade:0, Cable Facade - Zome ⑪
appliedenergistics2:item.ItemFacade:0, Cable Facade - Zome ⑫
appliedenergistics2:item.ItemFacade:0, Cable Facade - Zome ⑬
appliedenergistics2:item.ItemFacade:0, Cable Facade - Zome ⑭
appliedenergistics2:item.ItemFacade:0, Cable Facade - Zome ⑮
appliedenergistics2:item.ItemFacade:0, Cable Facade - Zome ⑯
appliedenergistics2:item.ItemFacade:0, Cable Facade - Zone ①
appliedenergistics2:item.ItemFacade:0, Cable Facade - Zone ②
appliedenergistics2:item.ItemFacade:0, Cable Facade - Zone ③
appliedenergistics2:item.ItemFacade:0, Cable Facade - Zone ④
appliedenergistics2:item.ItemFacade:0, Cable Facade - Zone ⑤
appliedenergistics2:item.ItemFacade:0, Cable Facade - Zone ⑥
appliedenergistics2:item.ItemFacade:0, Cable Facade - Zone ⑦
appliedenergistics2:item.ItemFacade:0, Cable Facade - Zone ⑧
appliedenergistics2:item.ItemFacade:0, Cable Facade - Zone ⑨
appliedenergistics2:item.ItemFacade:0, Cable Facade - Zone ⑩
appliedenergistics2:item.ItemFacade:0, Cable Facade - Zone ⑪
appliedenergistics2:item.ItemFacade:0, Cable Facade - Zone ⑫
appliedenergistics2:item.ItemFacade:0, Cable Facade - Zone ⑬
appliedenergistics2:item.ItemFacade:0, Cable Facade - Zone ⑭
appliedenergistics2:item.ItemFacade:0, Cable Facade - Zone ⑮
appliedenergistics2:item.ItemFacade:0, Cable Facade - Zone ⑯
appliedenergistics2:item.ItemFacade:0, Cable Facade - Zorg ①
appliedenergistics2:item.ItemFacade:0, Cable Facade - Zorg ②
appliedenergistics2:item.ItemFacade:0, Cable Facade - Zorg ③
appliedenergistics2:item.ItemFacade:0, Cable Facade - Zorg ④
appliedenergistics2:item.ItemFacade:0, Cable Facade - Zorg ⑤
appliedenergistics2:item.ItemFacade:0, Cable Facade - Zorg ⑥
appliedenergistics2:item.ItemFacade:0, Cable Facade - Zorg ⑦
appliedenergistics2:item.ItemFacade:0, Cable Facade - Zorg ⑧
appliedenergistics2:item.ItemFacade:0, Cable Facade - Zorg ⑨
appliedenergistics2:item.ItemFacade:0, Cable Facade - Zorg ⑩
appliedenergistics2:item.ItemFacade:0, Cable Facade - Zorg ⑪
appliedenergistics2:item.ItemFacade:0, Cable Facade - Zorg ⑫
appliedenergistics2:item.ItemFacade:0, Cable Facade - Zorg ⑬
appliedenergistics2:item.ItemFacade:0, Cable Facade - Zorg ⑭
appliedenergistics2:item.ItemFacade:0, Cable Facade - Zorg ⑮
appliedenergistics2:item.ItemFacade:0, Cable Facade - Zorg ⑯
appliedenergistics2:item.ItemFacade:0, Cable Facade - Ztyl ①
appliedenergistics2:item.ItemFacade:0, Cable Facade - Ztyl ②
appliedenergistics2:item.ItemFacade:0, Cable Facade - Ztyl ③
appliedenergistics2:item.ItemFacade:0, Cable Facade - Ztyl ④
appliedenergistics2:item.ItemFacade:0, Cable Facade - Ztyl ⑤
appliedenergistics2:item.ItemFacade:0, Cable Facade - Ztyl ⑥
appliedenergistics2:item.ItemFacade:0, Cable Facade - Ztyl ⑦
appliedenergistics2:item.ItemFacade:0, Cable Facade - Ztyl ⑧
appliedenergistics2:item.ItemFacade:0, Cable Facade - Ztyl ⑨
appliedenergistics2:item.ItemFacade:0, Cable Facade - Ztyl ⑩
appliedenergistics2:item.ItemFacade:0, Cable Facade - Ztyl ⑪
appliedenergistics2:item.ItemFacade:0, Cable Facade - Ztyl ⑫
appliedenergistics2:item.ItemFacade:0, Cable Facade - Ztyl ⑬
appliedenergistics2:item.ItemFacade:0, Cable Facade - Ztyl ⑭
appliedenergistics2:item.ItemFacade:0, Cable Facade - Ztyl ⑮
appliedenergistics2:item.ItemFacade:0, Cable Facade - Ztyl ⑯
appliedenergistics2:item.ItemFacade:0, Cable Facade - Zyth ①
appliedenergistics2:item.ItemFacade:0, Cable Facade - Zyth ②
appliedenergistics2:item.ItemFacade:0, Cable Facade - Zyth ③
appliedenergistics2:item.ItemFacade:0, Cable Facade - Zyth ④
appliedenergistics2:item.ItemFacade:0, Cable Facade - Zyth ⑤
appliedenergistics2:item.ItemFacade:0, Cable Facade - Zyth ⑥
appliedenergistics2:item.ItemFacade:0, Cable Facade - Zyth ⑦
appliedenergistics2:item.ItemFacade:0, Cable Facade - Zyth ⑧
appliedenergistics2:item.ItemFacade:0, Cable Facade - Zyth ⑨
appliedenergistics2:item.ItemFacade:0, Cable Facade - Zyth ⑩
appliedenergistics2:item.ItemFacade:0, Cable Facade - Zyth ⑪
appliedenergistics2:item.ItemFacade:0, Cable Facade - Zyth ⑫
appliedenergistics2:item.ItemFacade:0, Cable Facade - Zyth ⑬
appliedenergistics2:item.ItemFacade:0, Cable Facade - Zyth ⑭
appliedenergistics2:item.ItemFacade:0, Cable Facade - Zyth ⑮
appliedenergistics2:item.ItemFacade:0, Cable Facade - Zyth ⑯
appliedenergistics2:item.ItemCrystalSeed:0, Certus Quartz Seed
appliedenergistics2:item.ItemCrystalSeed:600, Nether Quartz Seed
appliedenergistics2:item.ItemCrystalSeed:1200, Fluix Seed
appliedenergistics2:item.ItemCrystalSeed:0, Certus Quartz Seed
appliedenergistics2:item.ItemCrystalSeed:600, Nether Quartz Seed
appliedenergistics2:item.ItemCrystalSeed:1200, Fluix Seed
appliedenergistics2:item.ItemCrystalSeed:0, Certus Quartz Seed
appliedenergistics2:item.ItemCrystalSeed:600, Nether Quartz Seed
appliedenergistics2:item.ItemCrystalSeed:1200, Fluix Seed
appliedenergistics2:item.ItemEncodedPattern, Encoded Pattern
appliedenergistics2:item.ItemEncodedUltimatePattern, Encoded Ultimate Pattern
appliedenergistics2:item.ItemTunnelPattern, Tunnel Pattern
appliedenergistics2:item.ToolColorApplicator, Color Applicator
appliedenergistics2:item.ToolColorizer, Colorizer
appliedenergistics2:item.ItemPaintBall:0, Paint Ball - White
appliedenergistics2:item.ItemPaintBall:1, Paint Ball - Orange
appliedenergistics2:item.ItemPaintBall:2, Paint Ball - Magenta
appliedenergistics2:item.ItemPaintBall:3, Paint Ball - Light Blue
appliedenergistics2:item.ItemPaintBall:4, Paint Ball - Yellow
appliedenergistics2:item.ItemPaintBall:5, Paint Ball - Lime
appliedenergistics2:item.ItemPaintBall:6, Paint Ball - Pink
appliedenergistics2:item.ItemPaintBall:7, Paint Ball - Gray
appliedenergistics2:item.ItemPaintBall:8, Paint Ball - Light Gray
appliedenergistics2:item.ItemPaintBall:9, Paint Ball - Cyan
appliedenergistics2:item.ItemPaintBall:10, Paint Ball - Purple
appliedenergistics2:item.ItemPaintBall:11, Paint Ball - Blue
appliedenergistics2:item.ItemPaintBall:12, Paint Ball - Brown
appliedenergistics2:item.ItemPaintBall:13, Paint Ball - Green
appliedenergistics2:item.ItemPaintBall:14, Paint Ball - Red
appliedenergistics2:item.ItemPaintBall:15, Paint Ball - Black
appliedenergistics2:item.ItemPaintBall:20, Paint Ball - Lumen White
appliedenergistics2:item.ItemPaintBall:21, Paint Ball - Lumen Orange
appliedenergistics2:item.ItemPaintBall:22, Paint Ball - Lumen Magenta
appliedenergistics2:item.ItemPaintBall:23, Paint Ball - Lumen Light Blue
appliedenergistics2:item.ItemPaintBall:24, Paint Ball - Lumen Yellow
appliedenergistics2:item.ItemPaintBall:25, Paint Ball - Lumen Lime
appliedenergistics2:item.ItemPaintBall:26, Paint Ball - Lumen Pink
appliedenergistics2:item.ItemPaintBall:27, Paint Ball - Lumen Gray
appliedenergistics2:item.ItemPaintBall:28, Paint Ball - Lumen Light Gray
appliedenergistics2:item.ItemPaintBall:29, Paint Ball - Lumen Cyan
appliedenergistics2:item.ItemPaintBall:30, Paint Ball - Lumen Purple
appliedenergistics2:item.ItemPaintBall:31, Paint Ball - Lumen Blue
appliedenergistics2:item.ItemPaintBall:32, Paint Ball - Lumen Brown
appliedenergistics2:item.ItemPaintBall:33, Paint Ball - Lumen Green
appliedenergistics2:item.ItemPaintBall:34, Paint Ball - Lumen Red
appliedenergistics2:item.ItemPaintBall:35, Paint Ball - Lumen Black
appliedenergistics2:item.ToolNetworkVisualiser, Network Visualization Tool
appliedenergistics2:item.ToolWirelessKit, Wireless Kit
appliedenergistics2:item.ItemMEStackPacket, ME Stack Packet
appliedenergistics2:item.ItemMultiMaterial:0, Certus Quartz Crystal
appliedenergistics2:item.ItemMultiMaterial:1, Charged Certus Quartz Crystal
appliedenergistics2:item.ItemMultiMaterial:2, Certus Quartz Dust
appliedenergistics2:item.ItemMultiMaterial:45, Sky Stone Dust
appliedenergistics2:item.ItemMultiMaterial:46, Ender Dust
appliedenergistics2:item.ItemMultiMaterial:4, Flour
appliedenergistics2:item.ItemMultiMaterial:6, Matter Ball
appliedenergistics2:item.ItemMultiMaterial:7, Fluix Crystal
appliedenergistics2:item.ItemMultiMaterial:8, Fluix Dust
appliedenergistics2:item.ItemMultiMaterial:9, Fluix Pearl
appliedenergistics2:item.ItemMultiMaterial:10, Pure Certus Quartz Crystal
appliedenergistics2:item.ItemMultiMaterial:11, Pure Nether Quartz Crystal
appliedenergistics2:item.ItemMultiMaterial:12, Pure Fluix Crystal
appliedenergistics2:item.ItemMultiMaterial:13, Inscriber Calculation Press
appliedenergistics2:item.ItemMultiMaterial:14, Inscriber Engineering Press
appliedenergistics2:item.ItemMultiMaterial:15, Inscriber Logic Press
appliedenergistics2:item.ItemMultiMaterial:19, Inscriber Silicon Press
appliedenergistics2:item.ItemMultiMaterial:21, Inscriber Name Press
appliedenergistics2:item.ItemMultiMaterial:16, Printed Calculation Circuit
appliedenergistics2:item.ItemMultiMaterial:17, Printed Engineering Circuit
appliedenergistics2:item.ItemMultiMaterial:18, Printed Logic Circuit
appliedenergistics2:item.ItemMultiMaterial:20, Printed Silicon
appliedenergistics2:item.ItemMultiMaterial:22, Logic Processor
appliedenergistics2:item.ItemMultiMaterial:23, Calculation Processor
appliedenergistics2:item.ItemMultiMaterial:24, Engineering Processor
appliedenergistics2:item.ItemMultiMaterial:25, Basic Card
appliedenergistics2:item.ItemMultiMaterial:26, Redstone Card
appliedenergistics2:item.ItemMultiMaterial:27, Capacity Card
appliedenergistics2:item.ItemMultiMaterial:53, Crafting Card
appliedenergistics2:item.ItemMultiMaterial:64, Sticky Card
appliedenergistics2:item.ItemMultiMaterial:68, Overflow Void Card
appliedenergistics2:item.ItemMultiMaterial:28, Advanced Card
appliedenergistics2:item.ItemMultiMaterial:29, Fuzzy Card
appliedenergistics2:item.ItemMultiMaterial:30, Acceleration Card
appliedenergistics2:item.ItemMultiMaterial:31, Inverter Card
appliedenergistics2:item.ItemMultiMaterial:54, Pattern Capacity Card
appliedenergistics2:item.ItemMultiMaterial:55, Ore Dictionary Filter Card
appliedenergistics2:item.ItemMultiMaterial:56, Hyper-Acceleration Card
appliedenergistics2:item.ItemMultiMaterial:63, Advanced Blocking Card
appliedenergistics2:item.ItemMultiMaterial:65, Locking Card
appliedenergistics2:item.ItemMultiMaterial:66, Fake Crafting Card
appliedenergistics2:item.ItemMultiMaterial:67, Superluminal Acceleration Card
appliedenergistics2:item.ItemMultiMaterial:69, Equal Distribution Card
appliedenergistics2:item.ItemMultiMaterial:32, 2³ Spatial Component
appliedenergistics2:item.ItemMultiMaterial:33, 16³ Spatial Component
appliedenergistics2:item.ItemMultiMaterial:34, 128³ Spatial Component
appliedenergistics2:item.ItemMultiMaterial:35, §61k§r ME Storage Component
appliedenergistics2:item.ItemMultiMaterial:36, §e4k§r ME Storage Component
appliedenergistics2:item.ItemMultiMaterial:37, §a16k§r ME Storage Component
appliedenergistics2:item.ItemMultiMaterial:38, §b64k§r ME Storage Component
appliedenergistics2:item.ItemMultiMaterial:57, §9256k§r ME Storage Component
appliedenergistics2:item.ItemMultiMaterial:58, §d1024k§r ME Storage Component
appliedenergistics2:item.ItemMultiMaterial:59, §c4096k§r ME Storage Component
appliedenergistics2:item.ItemMultiMaterial:60, §516384k§r ME Storage Component
appliedenergistics2:item.ItemMultiMaterial:39, ME Storage Housing
appliedenergistics2:item.ItemMultiMaterial:61, ME Advanced Storage Housing
appliedenergistics2:item.ItemMultiMaterial:52, Blank Pattern
appliedenergistics2:item.ItemMultiMaterial:40, Wooden Gear
appliedenergistics2:item.ItemMultiMaterial:41, Wireless Receiver
appliedenergistics2:item.ItemMultiMaterial:42, Wireless Booster
appliedenergistics2:item.ItemMultiMaterial:43, Formation Core
appliedenergistics2:item.ItemMultiMaterial:44, Annihilation Core
appliedenergistics2:item.ItemMultiMaterial:47, Singularity
appliedenergistics2:item.ItemMultiMaterial:48, Quantum Entangled Singularity
appliedenergistics2:item.ItemMultiPart:16, ME Glass Cable - Fluix
appliedenergistics2:item.ItemMultiPart:0, ME Glass Cable - White
appliedenergistics2:item.ItemMultiPart:1, ME Glass Cable - Orange
appliedenergistics2:item.ItemMultiPart:2, ME Glass Cable - Magenta
appliedenergistics2:item.ItemMultiPart:3, ME Glass Cable - Light Blue
appliedenergistics2:item.ItemMultiPart:4, ME Glass Cable - Yellow
appliedenergistics2:item.ItemMultiPart:5, ME Glass Cable - Lime
appliedenergistics2:item.ItemMultiPart:6, ME Glass Cable - Pink
appliedenergistics2:item.ItemMultiPart:7, ME Glass Cable - Gray
appliedenergistics2:item.ItemMultiPart:8, ME Glass Cable - Light Gray
appliedenergistics2:item.ItemMultiPart:9, ME Glass Cable - Cyan
appliedenergistics2:item.ItemMultiPart:10, ME Glass Cable - Purple
appliedenergistics2:item.ItemMultiPart:11, ME Glass Cable - Blue
appliedenergistics2:item.ItemMultiPart:12, ME Glass Cable - Brown
appliedenergistics2:item.ItemMultiPart:13, ME Glass Cable - Green
appliedenergistics2:item.ItemMultiPart:14, ME Glass Cable - Red
appliedenergistics2:item.ItemMultiPart:15, ME Glass Cable - Black
appliedenergistics2:item.ItemMultiPart:36, ME Covered Cable - Fluix
appliedenergistics2:item.ItemMultiPart:20, ME Covered Cable - White
appliedenergistics2:item.ItemMultiPart:21, ME Covered Cable - Orange
appliedenergistics2:item.ItemMultiPart:22, ME Covered Cable - Magenta
appliedenergistics2:item.ItemMultiPart:23, ME Covered Cable - Light Blue
appliedenergistics2:item.ItemMultiPart:24, ME Covered Cable - Yellow
appliedenergistics2:item.ItemMultiPart:25, ME Covered Cable - Lime
appliedenergistics2:item.ItemMultiPart:26, ME Covered Cable - Pink
appliedenergistics2:item.ItemMultiPart:27, ME Covered Cable - Gray
appliedenergistics2:item.ItemMultiPart:28, ME Covered Cable - Light Gray
appliedenergistics2:item.ItemMultiPart:29, ME Covered Cable - Cyan
appliedenergistics2:item.ItemMultiPart:30, ME Covered Cable - Purple
appliedenergistics2:item.ItemMultiPart:31, ME Covered Cable - Blue
appliedenergistics2:item.ItemMultiPart:32, ME Covered Cable - Brown
appliedenergistics2:item.ItemMultiPart:33, ME Covered Cable - Green
appliedenergistics2:item.ItemMultiPart:34, ME Covered Cable - Red
appliedenergistics2:item.ItemMultiPart:35, ME Covered Cable - Black
appliedenergistics2:item.ItemMultiPart:56, ME Smart Cable - Fluix
appliedenergistics2:item.ItemMultiPart:40, ME Smart Cable - White
appliedenergistics2:item.ItemMultiPart:41, ME Smart Cable - Orange
appliedenergistics2:item.ItemMultiPart:42, ME Smart Cable - Magenta
appliedenergistics2:item.ItemMultiPart:43, ME Smart Cable - Light Blue
appliedenergistics2:item.ItemMultiPart:44, ME Smart Cable - Yellow
appliedenergistics2:item.ItemMultiPart:45, ME Smart Cable - Lime
appliedenergistics2:item.ItemMultiPart:46, ME Smart Cable - Pink
appliedenergistics2:item.ItemMultiPart:47, ME Smart Cable - Gray
appliedenergistics2:item.ItemMultiPart:48, ME Smart Cable - Light Gray
appliedenergistics2:item.ItemMultiPart:49, ME Smart Cable - Cyan
appliedenergistics2:item.ItemMultiPart:50, ME Smart Cable - Purple
appliedenergistics2:item.ItemMultiPart:51, ME Smart Cable - Blue
appliedenergistics2:item.ItemMultiPart:52, ME Smart Cable - Brown
appliedenergistics2:item.ItemMultiPart:53, ME Smart Cable - Green
appliedenergistics2:item.ItemMultiPart:54, ME Smart Cable - Red
appliedenergistics2:item.ItemMultiPart:55, ME Smart Cable - Black
appliedenergistics2:item.ItemMultiPart:76, ME Dense Smart Cable - Fluix
appliedenergistics2:item.ItemMultiPart:60, ME Dense Smart Cable - White
appliedenergistics2:item.ItemMultiPart:61, ME Dense Smart Cable - Orange
appliedenergistics2:item.ItemMultiPart:62, ME Dense Smart Cable - Magenta
appliedenergistics2:item.ItemMultiPart:63, ME Dense Smart Cable - Light Blue
appliedenergistics2:item.ItemMultiPart:64, ME Dense Smart Cable - Yellow
appliedenergistics2:item.ItemMultiPart:65, ME Dense Smart Cable - Lime
appliedenergistics2:item.ItemMultiPart:66, ME Dense Smart Cable - Pink
appliedenergistics2:item.ItemMultiPart:67, ME Dense Smart Cable - Gray
appliedenergistics2:item.ItemMultiPart:68, ME Dense Smart Cable - Light Gray
appliedenergistics2:item.ItemMultiPart:69, ME Dense Smart Cable - Cyan
appliedenergistics2:item.ItemMultiPart:70, ME Dense Smart Cable - Purple
appliedenergistics2:item.ItemMultiPart:71, ME Dense Smart Cable - Blue
appliedenergistics2:item.ItemMultiPart:72, ME Dense Smart Cable - Brown
appliedenergistics2:item.ItemMultiPart:73, ME Dense Smart Cable - Green
appliedenergistics2:item.ItemMultiPart:74, ME Dense Smart Cable - Red
appliedenergistics2:item.ItemMultiPart:75, ME Dense Smart Cable - Black
appliedenergistics2:item.ItemMultiPart:80, ME Toggle Bus
appliedenergistics2:item.ItemMultiPart:100, ME Inverted Toggle Bus
appliedenergistics2:item.ItemMultiPart:120, Cable Anchor
appliedenergistics2:item.ItemMultiPart:140, Quartz Fiber
appliedenergistics2:item.ItemMultiPart:160, Bright Illuminated Panel
appliedenergistics2:item.ItemMultiPart:180, Illuminated Panel
appliedenergistics2:item.ItemMultiPart:200, Dark Illuminated Panel
appliedenergistics2:item.ItemMultiPart:220, ME Storage Bus
appliedenergistics2:item.ItemMultiPart:240, ME Import Bus
appliedenergistics2:item.ItemMultiPart:260, ME Export Bus
appliedenergistics2:item.ItemMultiPart:280, ME Level Emitter
appliedenergistics2:item.ItemMultiPart:281, ME Advanced Level Emitter
appliedenergistics2:item.ItemMultiPart:300, ME Annihilation Plane
appliedenergistics2:item.ItemMultiPart:301, ME Identity Annihilation Plane
appliedenergistics2:item.ItemMultiPart:320, ME Formation Plane
appliedenergistics2:item.ItemMultiPart:340, ME Pattern Terminal
appliedenergistics2:item.ItemMultiPart:360, ME Crafting Terminal
appliedenergistics2:item.ItemMultiPart:370, ME Crafting Diagnostic Terminal
appliedenergistics2:item.ItemMultiPart:380, ME Terminal
appliedenergistics2:item.ItemMultiPart:400, ME Storage Monitor
appliedenergistics2:item.ItemMultiPart:410, ME Throughput Monitor
appliedenergistics2:item.ItemMultiPart:420, ME Conversion Monitor
appliedenergistics2:item.ItemMultiPart:440, ME Interface
appliedenergistics2:item.ItemMultiPart:460, P2P Tunnel - ME
appliedenergistics2:item.ItemMultiPart:461, P2P Tunnel - Redstone
appliedenergistics2:item.ItemMultiPart:462, P2P Tunnel - Item
appliedenergistics2:item.ItemMultiPart:463, P2P Tunnel - Fluid
appliedenergistics2:item.ItemMultiPart:466, P2P Tunnel - RF
appliedenergistics2:item.ItemMultiPart:467, P2P Tunnel - Light
appliedenergistics2:item.ItemMultiPart:468, P2P Tunnel - OpenComputers
appliedenergistics2:item.ItemMultiPart:471, P2P Tunnel - ME Interface
appliedenergistics2:item.ItemMultiPart:472, P2P Tunnel - Sound
appliedenergistics2:item.ItemMultiPart:473, ME Pattern Repeater
appliedenergistics2:item.ItemMultiPart:480, ME Interface Terminal
appliedenergistics2:item.ItemMultiPart:500, ME Processing Pattern Terminal
appliedenergistics2:item.ItemMultiPart:536, ME Dense Covered Cable - Fluix
appliedenergistics2:item.ItemMultiPart:520, ME Dense Covered Cable - White
appliedenergistics2:item.ItemMultiPart:521, ME Dense Covered Cable - Orange
appliedenergistics2:item.ItemMultiPart:522, ME Dense Covered Cable - Magenta
appliedenergistics2:item.ItemMultiPart:523, ME Dense Covered Cable - Light Blue
appliedenergistics2:item.ItemMultiPart:524, ME Dense Covered Cable - Yellow
appliedenergistics2:item.ItemMultiPart:525, ME Dense Covered Cable - Lime
appliedenergistics2:item.ItemMultiPart:526, ME Dense Covered Cable - Pink
appliedenergistics2:item.ItemMultiPart:527, ME Dense Covered Cable - Gray
appliedenergistics2:item.ItemMultiPart:528, ME Dense Covered Cable - Light Gray
appliedenergistics2:item.ItemMultiPart:529, ME Dense Covered Cable - Cyan
appliedenergistics2:item.ItemMultiPart:530, ME Dense Covered Cable - Purple
appliedenergistics2:item.ItemMultiPart:531, ME Dense Covered Cable - Blue
appliedenergistics2:item.ItemMultiPart:532, ME Dense Covered Cable - Brown
appliedenergistics2:item.ItemMultiPart:533, ME Dense Covered Cable - Green
appliedenergistics2:item.ItemMultiPart:534, ME Dense Covered Cable - Red
appliedenergistics2:item.ItemMultiPart:535, ME Dense Covered Cable - Black
appliedenergistics2:item.ItemMultiPart:690, Creative Energy Anchor
ae2stuff:WirelessKit, Wireless Setup Kit
ae2stuff:AdvWirelessKit, Advanced Wireless Setup Kit
ae2stuff:Visualiser, Network Visualisation Tool
ArchitectureCraft:sawblade, Circular Saw Blade
ArchitectureCraft:largePulley, Large Pulley
ArchitectureCraft:chisel, Architect's Chisel
ArchitectureCraft:hammer, Architect's Hammer
ArchitectureCraft:cladding, Cladding
ArchitectureCraft:glowbrush, Architect's Glowbrush
betterbuilderswands:wandStone, Stone Wand
betterbuilderswands:wandIron, Iron Wand
betterbuilderswands:wandUnbreakable, Unbreakable Wand
betterbuilderswands:wandDiamond, Diamond Wand
betterp2p:advanced_memory_card, Advanced Memory Card
questbook:ItemQuestBook, Quest Book
BiblioCraft:item.StockroomCatalog, Stockroom Catalog
BiblioCraft:item.PlumbLine, Plumb line
BiblioCraft:item.FramingSaw, Framing Saw
BiblioCraft:item.FramingBoard, Framing Board
BiblioCraft:item.FramingSheet, Framing Sheet
BiblioCraft:item.TesterItem, ItemStack Name Tester
BiblioCraft:item.AtlasBook:0, Atlas
BiblioCraft:item.AtlasPlate, Atlas Plate
BiblioCraft:item.DeathCompass, Eternal Compass
BiblioCraft:item.PaintingCanvas, Painting Canvas
BiblioCraft:item.BigBook, Big Writing Book
BiblioCraft:item.RecipeBook, Empty Recipe Book
BiblioCraft:item.SlottedBook, Slotted Book
BiblioCraft:item.HandDrill, Hand Drill
BiblioCraft:item.tapeMeasure, Tape Measure
BiblioCraft:item.tape, Tape Measure Reel
BiblioCraft:item.BiblioChase, Print Press Chase
BiblioCraft:item.PrintPlate, Print Press Plate
BiblioCraft:item.EnchantedPlate, Enchanted Plate
BiblioCraft:item.BiblioRedBook, Redstone: Volume I
BiblioCraft:item.BiblioGlasses:0, Reading Glasses
BiblioCraft:item.BiblioGlasses:1, Tinted Glasses
BiblioCraft:item.BiblioGlasses:2, Monocle
BiblioCraft:item.BiblioDrill, Screw Gun
BiblioCraft:item.BiblioCreativeLock, Lock and Key
BiblioCraft:item.BiblioClipboard, Clipboard
BiblioCraft:item.seatBack:0, Oak Seat Back
BiblioCraft:item.seatBack:1, Spruce Seat Back
BiblioCraft:item.seatBack:2, Birch Seat Back
BiblioCraft:item.seatBack:3, Jungle Seat Back
BiblioCraft:item.seatBack:4, Acacia Seat Back
BiblioCraft:item.seatBack:5, Dark Oak Seat Back
BiblioCraft:item.seatBack:6, Framed Seat Back
BiblioCraft:item.seatBack2:0, Oak Seat Back
BiblioCraft:item.seatBack2:1, Spruce Seat Back
BiblioCraft:item.seatBack2:2, Birch Seat Back
BiblioCraft:item.seatBack2:3, Jungle Seat Back
BiblioCraft:item.seatBack2:4, Acacia Seat Back
BiblioCraft:item.seatBack2:5, Dark Oak Seat Back
BiblioCraft:item.seatBack2:6, Framed Seat Back
BiblioCraft:item.seatBack3:0, Oak Seat Back
BiblioCraft:item.seatBack3:1, Spruce Seat Back
BiblioCraft:item.seatBack3:2, Birch Seat Back
BiblioCraft:item.seatBack3:3, Jungle Seat Back
BiblioCraft:item.seatBack3:4, Acacia Seat Back
BiblioCraft:item.seatBack3:5, Dark Oak Seat Back
BiblioCraft:item.seatBack3:6, Framed Seat Back
BiblioCraft:item.seatBack4:0, Oak Seat Back
BiblioCraft:item.seatBack4:1, Spruce Seat Back
BiblioCraft:item.seatBack4:2, Birch Seat Back
BiblioCraft:item.seatBack4:3, Jungle Seat Back
BiblioCraft:item.seatBack4:4, Acacia Seat Back
BiblioCraft:item.seatBack4:5, Dark Oak Seat Back
BiblioCraft:item.seatBack4:6, Framed Seat Back
BiblioCraft:item.seatBack5:0, Oak Seat Back
BiblioCraft:item.seatBack5:1, Spruce Seat Back
BiblioCraft:item.seatBack5:2, Birch Seat Back
BiblioCraft:item.seatBack5:3, Jungle Seat Back
BiblioCraft:item.seatBack5:4, Acacia Seat Back
BiblioCraft:item.seatBack5:5, Dark Oak Seat Back
BiblioCraft:item.seatBack5:6, Framed Seat Back
BiblioCraft:item.BiblioMapTool, Drafting Compass
BiblioCraft:item.BiblioWayPointCompass, Waypoint Compass
CarpentersBlocks:itemCarpentersHammer, Carpenter's Hammer
CarpentersBlocks:itemCarpentersChisel, Carpenter's Chisel
CarpentersBlocks:itemCarpentersTile, Carpenter's Tile
CarpentersBlocks:itemCarpentersDoor, Carpenter's Door
CarpentersBlocks:itemCarpentersBed, Carpenter's Bed
chisel:upgrade:0, Speed Upgrade
chisel:upgrade:1, Automation Upgrade
chisel:upgrade:2, Stack Upgrade
chisel:upgrade:3, Reversion Upgrade
chisel:ballomoss, Ball O' Moss
chisel:chisel, Chisel
chisel:diamondChisel, Diamond Chisel
chisel:obsidianChisel, Obsidian Chisel
chisel:netherStarChisel, Nether Star Chisel
chisel:cloudinabottle, Cloud In A Bottle
chisel:smashingrock, Smashing Rock
OpenComputers:item:27, Arithmetic Logic Unit (ALU)
OpenComputers:item:101, Accelerated Processing Unit (APU) (Tier 1)
OpenComputers:item:102, Accelerated Processing Unit (APU) (Tier 2)
OpenComputers:item:103, Accelerated Processing Unit (APU) (Tier 3)
OpenComputers:item:18, Grog
OpenComputers:item:0, Analyzer
OpenComputers:item:21, Arrow Keys
OpenComputers:item:20, Button Group
OpenComputers:item:29, Central Processing Unit (CPU) (Tier 1)
OpenComputers:item:42, Central Processing Unit (CPU) (Tier 2)
OpenComputers:item:43, Central Processing Unit (CPU) (Tier 3)
OpenComputers:item:33, Card Base
OpenComputers:item:96, Chamelium
OpenComputers:item:31, Circuit Board
OpenComputers:item:70, Component Bus (Tier 1)
OpenComputers:item:71, Component Bus (Tier 2)
OpenComputers:item:72, Component Bus (Tier 3)
OpenComputers:item:114, Component Bus (Creative)
OpenComputers:item:28, Control Unit (CU)
OpenComputers:item:17, Cutting Wire
OpenComputers:item:104, Data Card (Tier 1)
OpenComputers:item:105, Data Card (Tier 2)
OpenComputers:item:106, Data Card (Tier 3)
OpenComputers:item:73, Debug Card
OpenComputers:item:81, Network Debugger
OpenComputers:item:111, Diamond Chip
OpenComputers:item:19, Disk Platter
OpenComputers:item:109, Disk Drive
OpenComputers:item:83, Drone Case (Tier 1)
OpenComputers:item:87, Drone Case (Tier 2)
OpenComputers:item:91, Drone Case (Tier 3)
OpenComputers:item:4, Floppy Disk
OpenComputers:item:8, Graphics Card (Tier 1)
OpenComputers:item:9, Graphics Card (Tier 2)
OpenComputers:item:10, Graphics Card (Tier 3)
OpenComputers:item:5, Hard Disk Drive (Tier 1) (1MB)
OpenComputers:item:6, Hard Disk Drive (Tier 2) (2MB)
OpenComputers:item:7, Hard Disk Drive (Tier 3) (4MB)
OpenComputers:item:95, Ink Cartridge
OpenComputers:item:94, Ink Cartridge (Empty)
OpenComputers:item:44, Internet Card
OpenComputers:item:48, Interweb
OpenComputers:item:16, Iron Nugget
OpenComputers:item:51, Linked Card
OpenComputers:item:98, OpenComputers Manual
OpenComputers:item:1, Memory (Tier 1)
OpenComputers:item:50, Memory (Tier 1.5)
OpenComputers:item:2, Memory (Tier 2)
OpenComputers:item:3, Memory (Tier 2.5)
OpenComputers:item:38, Memory (Tier 3)
OpenComputers:item:39, Memory (Tier 3.5)
OpenComputers:item:24, Microchip (Tier 1)
OpenComputers:item:25, Microchip (Tier 2)
OpenComputers:item:26, Microchip (Tier 3)
OpenComputers:item:82, Microcontroller Case (Tier 1)
OpenComputers:item:86, Microcontroller Case (Tier 2)
OpenComputers:item:90, Microcontroller Case (Tier 3)
OpenComputers:item:107, Nanomachines
OpenComputers:item:11, Network Card
OpenComputers:item:22, Numeric Keypad
OpenComputers:item:32, Printed Circuit Board (PCB)
OpenComputers:item:30, Raw Circuit Board
OpenComputers:item:66, Redstone Card (Tier 1)
OpenComputers:item:45, Server (Tier 1)
OpenComputers:item:46, Server (Tier 2)
OpenComputers:item:40, Server (Tier 3)
OpenComputers:item:69, Server (Tier 4)
OpenComputers:item:74, Tablet Case (Tier 1)
OpenComputers:item:92, Tablet Case (Tier 2)
OpenComputers:item:93, Tablet Case (Tier 3)
OpenComputers:item:41, Remote Terminal
OpenComputers:item:108, Terminal Server
OpenComputers:item:97, Texture Picker
OpenComputers:item:117, TPS card
OpenComputers:item:23, Transistor
OpenComputers:item:49, Angel Upgrade
OpenComputers:item:63, Battery Upgrade (Tier 1)
OpenComputers:item:64, Battery Upgrade (Tier 2)
OpenComputers:item:65, Battery Upgrade (Tier 3)
OpenComputers:item:62, Chunkloader Upgrade
OpenComputers:item:115, Configurator Upgrade
OpenComputers:item:57, Card Container (Tier 1)
OpenComputers:item:58, Card Container (Tier 2)
OpenComputers:item:59, Card Container (Tier 3)
OpenComputers:item:54, Upgrade Container (Tier 1)
OpenComputers:item:55, Upgrade Container (Tier 2)
OpenComputers:item:56, Upgrade Container (Tier 3)
OpenComputers:item:14, Crafting Upgrade
OpenComputers:item:78, Database Upgrade (Tier 1)
OpenComputers:item:79, Database Upgrade (Tier 2)
OpenComputers:item:80, Database Upgrade (Tier 3)
OpenComputers:item:52, Experience Upgrade
OpenComputers:item:15, Generator Upgrade
OpenComputers:item:99, Hover Upgrade (Tier 1)
OpenComputers:item:100, Hover Upgrade (Tier 2)
OpenComputers:item:53, Inventory Upgrade
OpenComputers:item:61, Inventory Controller Upgrade
OpenComputers:item:85, Leash Upgrade
OpenComputers:item:112, MFU
OpenComputers:item:36, Navigation Upgrade
OpenComputers:item:75, Piston Upgrade
OpenComputers:item:116, RITEG Upgrade
OpenComputers:item:35, Sign I/O Upgrade
OpenComputers:item:34, Solar Generator Upgrade
OpenComputers:item:76, Tank Upgrade
OpenComputers:item:77, Tank Controller Upgrade
OpenComputers:item:67, Tractor Beam Upgrade
OpenComputers:item:110, Trading Upgrade
OpenComputers:item:113, Wireless Network Card (Tier 1)
OpenComputers:item:13, Wireless Network Card (Tier 2)
OpenComputers:item:84, Crecopter
OpenComputers:item:0, Microcontroller
OpenComputers:item:0, Creatix
OpenComputers:item:68, Tablet
OpenComputers:item:0, Hover Boots
OpenComputers:item:0, EEPROM (Lua BIOS)
OpenComputers:eeprom, EEPROM
OpenComputers:wrench, Scrench
OpenComputers:hoverBoots, Hover Boots
computronics:computronics.tape:0, Cassette Tape
computronics:computronics.tape:1, Cassette Tape
computronics:computronics.tape:2, Cassette Tape
computronics:computronics.tape:3, Cassette Tape
computronics:computronics.tape:4, Cassette Tape
computronics:computronics.tape:5, Cassette Tape
computronics:computronics.tape:6, Cassette Tape
computronics:computronics.tape:8, Cassette Tape
computronics:computronics.parts:0, Tape Track
computronics:computronics.portableTapeDrive, Portable Tape Drive
computronics:computronics.ocParts:0, Camera Upgrade
computronics:computronics.ocParts:1, Chat Upgrade
computronics:computronics.ocParts:2, Radar Upgrade
computronics:computronics.ocParts:3, Particle Effects Card
computronics:computronics.ocParts:4, Spoofing Card
computronics:computronics.ocParts:5, Beep Card
computronics:computronics.ocParts:6, Self-Destructing Card
computronics:computronics.ocParts:7, Colorful Upgrade
computronics:computronics.ocParts:8, Noise Card
computronics:computronics.ocParts:9, Sound Card
computronics:computronics.ocParts:10, Light Board
computronics:computronics.ocParts:11, Server Self-Destructor
computronics:computronics.ocParts:12, Rack Capacitor
computronics:computronics.ocParts:13, Switch Board
computronics:computronics.ocParts:14, Speech Upgrade
computronics:computronics.ocSpecialParts:0, Magical Memory (Creative)
effortless:item.building_gadget, Building Gadget
enhancedlootbags:lootbag:0, LootBag (Default)
enhancedlootbags:lootbag:10, LootBag (Earlygame Lootcrate)
enhancedlootbags:lootbag:10, LootBag (Earlygame Lootcrate)
enhancedlootbags:lootbag:20, LootBag (Midgame Lootcrate)
enhancedlootbags:lootbag:20, LootBag (Midgame Lootcrate)
etfuturum:mutton_raw, Raw Mutton
etfuturum:mutton_cooked, Cooked Mutton
etfuturum:prismarine_shard, Prismarine Shard
etfuturum:prismarine_crystals, Prismarine Crystal
etfuturum:wooden_armorstand, Armor Stand
etfuturum:rabbit_raw, Raw Rabbit
etfuturum:rabbit_cooked, Cooked Rabbit
etfuturum:rabbit_foot, Rabbit's Foot
etfuturum:rabbit_hide, Rabbit Hide
etfuturum:rabbit_stew, Rabbit Stew
etfuturum:beetroot, Beetroot
etfuturum:beetroot_seeds, Beetroot Seeds
etfuturum:beetroot_soup, Beetroot Soup
etfuturum:chorus_fruit, Chorus Fruit
etfuturum:chorus_fruit_popped, Popped Chorus Fruit
etfuturum:tipped_arrow:8193, Arrow of Regeneration
etfuturum:tipped_arrow:8225, Arrow of Regeneration
etfuturum:tipped_arrow:8257, Arrow of Regeneration
etfuturum:tipped_arrow:8194, Arrow of Swiftness
etfuturum:tipped_arrow:8226, Arrow of Swiftness
etfuturum:tipped_arrow:8258, Arrow of Swiftness
etfuturum:tipped_arrow:8227, Arrow of Fire Resistance
etfuturum:tipped_arrow:8259, Arrow of Fire Resistance
etfuturum:tipped_arrow:8196, Arrow of Poison
etfuturum:tipped_arrow:8228, Arrow of Poison
etfuturum:tipped_arrow:8260, Arrow of Poison
etfuturum:tipped_arrow:8261, Arrow of Healing
etfuturum:tipped_arrow:8229, Arrow of Healing
etfuturum:tipped_arrow:8230, Arrow of Night Vision
etfuturum:tipped_arrow:8262, Arrow of Night Vision
etfuturum:tipped_arrow:8232, Arrow of Weakness
etfuturum:tipped_arrow:8264, Arrow of Weakness
etfuturum:tipped_arrow:8201, Arrow of Strength
etfuturum:tipped_arrow:8233, Arrow of Strength
etfuturum:tipped_arrow:8265, Arrow of Strength
etfuturum:tipped_arrow:8234, Arrow of Slowness
etfuturum:tipped_arrow:8266, Arrow of Slowness
etfuturum:tipped_arrow:8268, Arrow of Harming
etfuturum:tipped_arrow:8236, Arrow of Harming
etfuturum:tipped_arrow:8237, Arrow of Water Breathing
etfuturum:tipped_arrow:8269, Arrow of Water Breathing
etfuturum:tipped_arrow:8238, Arrow of Invisibility
etfuturum:tipped_arrow:8270, Arrow of Invisibility
etfuturum:end_crystal, End Crystal
etfuturum:netherite_scrap, Netherite Scrap
etfuturum:netherite_ingot, Netherite Ingot
etfuturum:netherite_helmet, Netherite Helmet
etfuturum:netherite_chestplate, Netherite Chestplate
etfuturum:netherite_leggings, Netherite Leggings
etfuturum:netherite_boots, Netherite Boots
etfuturum:netherite_pickaxe, Netherite Pickaxe
etfuturum:netherite_spade, Netherite Shovel
etfuturum:netherite_axe, Netherite Axe
etfuturum:netherite_hoe, Netherite Hoe
etfuturum:netherite_sword, Netherite Sword
etfuturum:dye:0, White Dye
etfuturum:dye:1, Blue Dye
etfuturum:dye:2, Brown Dye
etfuturum:dye:3, Black Dye
etfuturum:suspicious_stew, Suspicious Stew
etfuturum:sweet_berries, Sweet Berries
etfuturum:glow_berries_item, Glow Berries
etfuturum:shulker_shell, Shulker Shell
etfuturum:pigstep_record, Music Disc
etfuturum:otherside_record, Music Disc
etfuturum:precipice_record, Music Disc
etfuturum:creator_music_box_record, Music Disc
etfuturum:creator_record, Music Disc
etfuturum:tears_record, Music Disc
etfuturum:lava_chicken_record, Music Disc
etfuturum:five_record, Music Disc
etfuturum:disc_fragment_5, Disc Fragment
etfuturum:amethyst_shard, Amethyst Shard
etfuturum:shulker_box_upgrade:0, Vanilla to Iron Shulker Box Upgrade
etfuturum:shulker_box_upgrade:1, Vanilla to Copper Shulker Box Upgrade
etfuturum:shulker_box_upgrade:2, Iron to Gold Shulker Box Upgrade
etfuturum:shulker_box_upgrade:3, Gold to Diamond Shulker Box Upgrade
etfuturum:shulker_box_upgrade:4, Diamond to Obsidian Shulker Box Upgrade
etfuturum:shulker_box_upgrade:5, Diamond to Crystal Shulker Box Upgrade
etfuturum:shulker_box_upgrade:6, Copper to Iron Shulker Box Upgrade
etfuturum:shulker_box_upgrade:7, Copper to Silver Shulker Box Upgrade
etfuturum:shulker_box_upgrade:8, Silver to Gold Shulker Box Upgrade
etfuturum:barrel_upgrade:0, Vanilla to Iron Barrel Upgrade
etfuturum:barrel_upgrade:1, Vanilla to Copper Barrel Upgrade
etfuturum:barrel_upgrade:2, Iron to Gold Barrel Upgrade
etfuturum:barrel_upgrade:3, Gold to Diamond Barrel Upgrade
etfuturum:barrel_upgrade:4, Steel to Gold Barrel Upgrade
etfuturum:barrel_upgrade:5, Diamond to Obsidian Barrel Upgrade
etfuturum:barrel_upgrade:6, Obsidian to Netherite Barrel Upgrade
etfuturum:barrel_upgrade:7, Obsidian to Dark Steel Barrel Upgrade
etfuturum:barrel_upgrade:8, Copper to Iron Barrel Upgrade
etfuturum:barrel_upgrade:9, Copper to Silver Barrel Upgrade
etfuturum:barrel_upgrade:10, Silver to Gold Barrel Upgrade
etfuturum:honeycomb, Honeycomb
etfuturum:honey_bottle, Honey Bottle
etfuturum:bamboo, Bamboo
etfuturum:oak_chest_boat, Oak Boat with Chest
etfuturum:spruce_boat, Spruce Boat
etfuturum:spruce_chest_boat, Spruce Boat with Chest
etfuturum:birch_boat, Birch Boat
etfuturum:birch_chest_boat, Birch Boat with Chest
etfuturum:jungle_boat, Jungle Boat
etfuturum:jungle_chest_boat, Jungle Boat with Chest
etfuturum:acacia_boat, Acacia Boat
etfuturum:acacia_chest_boat, Acacia Boat with Chest
etfuturum:dark_oak_boat, Dark Oak Boat
etfuturum:dark_oak_chest_boat, Dark Oak Boat with Chest
etfuturum:cherry_boat, Cherry Boat
etfuturum:cherry_chest_boat, Cherry Boat with Chest
etfuturum:bamboo_raft, Bamboo Raft
etfuturum:bamboo_chest_raft, Bamboo Raft with Chest
etfuturum:item_sign_spruce, Spruce Sign
etfuturum:item_sign_birch, Birch Sign
etfuturum:item_sign_jungle, Jungle Sign
etfuturum:item_sign_acacia, Acacia Sign
etfuturum:item_sign_dark_oak, Dark Oak Sign
ForgeMicroblock:sawStone, Stone Saw
ForgeMicroblock:sawIron, Iron Saw
ForgeMicroblock:sawDiamond, Diamond Saw
ForgeMicroblock:stoneRod, Stone Rod
hbm:item.redstone_sword, Redstone Sword
hbm:item.big_sword, Great Sword
hbm:item.butter_sword, item.butter_sword.name
hbm:item.ingot_uranium, Uranium Ingot
hbm:item.ingot_u233, Uranium-233 Ingot
hbm:item.ingot_u235, Uranium-235 Ingot
hbm:item.ingot_u238, Uranium-238 Ingot
hbm:item.ingot_u238m2:0, Metastable Uranium-238M2 Ingot
hbm:item.ingot_th232, Thorium-232 Ingot
hbm:item.ingot_plutonium, Plutonium Ingot
hbm:item.ingot_pu238, Plutonium-238 Ingot
hbm:item.ingot_pu239, Plutonium-239 Ingot
hbm:item.ingot_pu240, Plutonium-240 Ingot
hbm:item.ingot_pu241, Plutonium-241 Ingot
hbm:item.ingot_pu_mix, Reactor Grade Plutonium Ingot
hbm:item.ingot_am241, Americium-241 Ingot
hbm:item.ingot_am242, Americium-242 Ingot
hbm:item.ingot_am_mix, Reactor Grade Americium Ingot
hbm:item.ingot_cm242, Curium-242 Ingot
hbm:item.ingot_cm243, Curium-243 Ingot
hbm:item.ingot_cm244, Curium-244 Ingot
hbm:item.ingot_cm245, Curium-245 Ingot
hbm:item.ingot_cm246, Curium-246 Ingot
hbm:item.ingot_cm247, Curium-247 Ingot
hbm:item.ingot_cm_fuel, Ingot of Curium Fuel
hbm:item.ingot_cm_mix, Reactor-Grade Curium Ingot
hbm:item.ingot_bk247, Berkelium-247 Ingot
hbm:item.ingot_cf251, Californium-251 Ingot
hbm:item.ingot_cf252, Californium-252 Ingot
hbm:item.ingot_es253, Einsteinium-253 Ingot
hbm:item.ingot_es255, Einstenium-255 Ingot
hbm:item.ingot_neptunium, Neptunium Ingot
hbm:item.ingot_polonium, Polonium-210 Ingot
hbm:item.ingot_technetium, Technetium-99 Ingot
hbm:item.ingot_co60, Cobalt-60 Ingot
hbm:item.ingot_sr90, Strontium-90 Ingot
hbm:item.ingot_au198, Gold-198 Ingot
hbm:item.ingot_pb209, Lead-209 Ingot
hbm:item.ingot_ra226, Radium-226 Ingot
hbm:item.ingot_titanium, Titanium Ingot
hbm:item.ingot_nickel, Nickel Ingot
hbm:item.ingot_copper, Industrial Grade Copper Ingot
hbm:item.ingot_red_copper, Minecraft Grade Copper Ingot
hbm:item.billet_red_copper, Minecraft Grade Copper Billet
hbm:item.ingot_zinc, Zinc Ingot
hbm:item.ingot_tungsten, Tungsten Ingot
hbm:item.ingot_gallium, Gallium Ingot
hbm:item.ingot_gaas, Gallium Arsenide Ingot
hbm:item.ingot_tt, Techtactium Ingot
hbm:item.ingot_ttas, Techtactium Arsenide Ingot
hbm:item.ingot_iridium, Iridium Ingot
hbm:item.ingot_palladium, Palladium Ingot
hbm:item.ingot_tungsten_carbide, Tungsten Carbide Ingot
hbm:item.ingot_aluminium, Aluminium Ingot
hbm:item.ingot_steel, Steel Ingot
hbm:item.ingot_stainless, Stainless Steel Ingot
hbm:item.ingot_tcalloy, Technetium Steel Ingot
hbm:item.ingot_cdalloy, Cadmium Steel Ingot
hbm:item.ingot_bismuth_bronze, Bismuth Bronze Ingot
hbm:item.ingot_arsenic_bronze, Arsenic Bronze Ingot
hbm:item.ingot_bscco, BSCCO Ingot
hbm:item.ingot_menthol, Menthol Crystals
hbm:item.ingot_lead, Lead Ingot
hbm:item.ingot_bismuth, Bismuth Ingot
hbm:item.ingot_arsenic, Arsenic Ingot
hbm:item.ingot_calcium, Calcium Ingot
hbm:item.ingot_cadmium, Cadmium Ingot
hbm:item.ingot_tantalium, Tantalum Ingot
hbm:item.ingot_silicon, Silicon Boule
hbm:item.ingot_niobium, Niobium Ingot
hbm:item.ingot_beryllium, Beryllium Ingot
hbm:item.ingot_cobalt, Cobalt Ingot
hbm:item.ingot_boron, Boron Ingot
hbm:item.ingot_graphite, Graphite Ingot
hbm:item.ingot_firebrick, Firebrick
hbm:item.ingot_dura_steel, High-Speed Steel Ingot
hbm:item.ingot_polymer, Polymer Bar
hbm:item.ingot_bakelite, Bakelite Bar
hbm:item.ingot_biorubber, Latex Bar
hbm:item.ingot_rubber, Rubber Bar
hbm:item.ingot_pc, Hard Plastic Bar
hbm:item.ingot_pvc, PVC Bar
hbm:item.ingot_mud, Solid Mud Brick
hbm:item.ingot_magma, Vulcanite Ingot
hbm:item.ingot_cft, Crystalline Fullerite
hbm:item.ingot_schraranium, Schraranium Ingot
hbm:item.ingot_schrabidium, Schrabidium Ingot
hbm:item.ingot_schrabidate, Ferric Schrabidate Ingot
hbm:item.ingot_magnetized_tungsten, Magnetized Tungsten Ingot
hbm:item.ingot_combine_steel, CMB Steel Ingot
hbm:item.ingot_solinium, Solinium Ingot
hbm:item.ingot_gh336, Ghiorsium-336 Ingot
hbm:item.ingot_cn989, Chinesium-989 Ingot
hbm:item.ingot_uranium_fuel, Ingot of Uranium Fuel
hbm:item.ingot_thorium_fuel, Ingot of Thorium Fuel
hbm:item.ingot_plutonium_fuel, Ingot of Plutonium Fuel
hbm:item.ingot_neptunium_fuel, Neptunium Fuel Ingot
hbm:item.ingot_mox_fuel, Ingot of MOX Fuel
hbm:item.ingot_americium_fuel, Ingot of Americium Fuel
hbm:item.ingot_schrabidium_fuel, Ingot of Schrabidium Fuel
hbm:item.ingot_hes, Highly Enriched Schrabidium Fuel Ingot
hbm:item.ingot_les, Low Enriched Schrabidium Fuel Ingot
hbm:item.ingot_australium, Australium Ingot
hbm:item.ingot_australium_lesser, Lesser Australium Ingot
hbm:item.ingot_australium_greater, Greater Australium Ingot
hbm:item.ingot_lanthanium, Semi-Stable Lanthanium Ingot
hbm:item.ingot_actinium, Actinium-227 Ingot
hbm:item.powder_diffused_buurmium, Diffused Buurmium
hbm:item.powder_pure_buurmium, Pure Buurmium
hbm:item.powder_metastable_buurmium, Metastable Buurmium-2137
hbm:item.ingot_desh, Desh Ingot
hbm:item.ingot_ferrouranium, Ferrouranium Ingot
hbm:item.ingot_starmetal:0, §9Starmetal Ingot§r
hbm:item.ingot_gunmetal, Gunmetal Ingot
hbm:item.ingot_weaponsteel, Weapon Steel Ingot
hbm:item.ingot_saturnite, Saturnite Ingot
hbm:item.ingot_euphemium, Euphemium Ingot
hbm:item.ingot_dineutronium, Dineutronium Ingot
hbm:item.ingot_electronium, Electronium Ingot
hbm:item.ingot_gwenium, Gwenium Ingot
hbm:item.ingot_smore, S'more Ingot
hbm:item.ingot_osmiridium, Osmiridium Ingot
hbm:item.ingot_hafnium, Hafnium Ingot
hbm:item.ingot_steel_dusted:0, Dusted Steel Ingot
hbm:item.ingot_chainsteel, Heavy Chainsteel
hbm:item.ingot_meteorite, Meteorite Ingot
hbm:item.ingot_meteorite_forged, Forged Meteorite Ingot
hbm:item.blade_meteorite, Meteorite Blade
hbm:item.ingot_phosphorus, Bar of White Phosphorus
hbm:item.lithium, Lithium Cube
hbm:item.ingot_zirconium, Zirconium Cube
hbm:item.ingot_semtex, Bar of Semtex
hbm:item.ingot_c4, Bar of Composition C-4
hbm:item.oil_tar:0, Oil Tar
hbm:item.oil_tar:1, Crack Oil Tar
hbm:item.oil_tar:2, Coal Tar
hbm:item.oil_tar:3, Wood Tar
hbm:item.oil_tar:4, Chlorinated Petroleum Wax
hbm:item.oil_tar:5, Paraffin Wax
hbm:item.solid_fuel, Solid Fuel
hbm:item.solid_fuel_presto, Presto Log
hbm:item.solid_fuel_presto_triplet, Boosted Presto Logs
hbm:item.solid_fuel_bf, Solid Fuel (Balefire)
hbm:item.solid_fuel_presto_bf, Presto Log (Balefire)
hbm:item.solid_fuel_presto_triplet_bf, Boosted Presto Logs (Balefire)
hbm:item.rocket_fuel, Solid Fuel (Rocket Propellant)
hbm:item.ingot_fiberglass, Fiberglass Bar
hbm:item.ingot_asbestos, Asbestos Sheet
hbm:item.ingot_raw:1, Redstone Ingot
hbm:item.ingot_raw:51, Bloatate Ingot
hbm:item.ingot_raw:6000, Neodymium Ingot
hbm:item.ingot_raw:501, Borax Ingot
hbm:item.ingot_raw:1100, Sodium Ingot
hbm:item.ingot_raw:3800, Strontium Ingot
hbm:item.ingot_raw:7700, Iridium Ingot
hbm:item.ingot_raw:41, Slag Ingot
hbm:item.billet_uranium, Uranium Billet
hbm:item.billet_u233, Uranium-233 Billet
hbm:item.billet_u235, Uranium-235 Billet
hbm:item.billet_u238, Uranium-238 Billet
hbm:item.billet_uzh, Uranium Zirconium Hydride Billet
hbm:item.billet_th232, Thorium-232 Billet
hbm:item.billet_plutonium, Plutonium Billet
hbm:item.billet_pu238, Plutonium-238 Billet
hbm:item.billet_pu239, Plutonium-239 Billet
hbm:item.billet_pu240, Plutonium-240 Billet
hbm:item.billet_pu241, Plutonium-241 Billet
hbm:item.billet_pu_mix, Reactor Grade Plutonium Billet
hbm:item.billet_am241, Americium-241 Billet
hbm:item.billet_am242, Americium-242 Billet
hbm:item.billet_am_mix, Reactor Grade Americium Billet
hbm:item.billet_bk247, Berkelium-247 Billet
hbm:item.billet_cm242, Curium-242 Billet
hbm:item.billet_cm243, Curium-243 Billet
hbm:item.billet_cm244, Curium-244 Billet
hbm:item.billet_cm245, Curium-245 Billet
hbm:item.billet_cm246, Curium-246 Billet
hbm:item.billet_cm247, Curium-247 Billet
hbm:item.billet_cm_fuel, Curium Fuel Billet
hbm:item.billet_cm_mix, Reactor-Grade Curium Billet
hbm:item.billet_cf251, Californium-251 Billet
hbm:item.billet_cf252, Californium-252 Billet
hbm:item.billet_es253, Einsteinium-253 Billet
hbm:item.billet_cn989, Chinesium-989 Billet
hbm:item.billet_neptunium, Neptunium Billet
hbm:item.billet_polonium, Polonium-210 Billet
hbm:item.billet_technetium, Technetium-99 Billet
hbm:item.billet_cobalt, Cobalt Billet
hbm:item.billet_co60, Cobalt-60 Billet
hbm:item.billet_sr90, Strontium-90 Billet
hbm:item.billet_au198, Gold-198 Billet
hbm:item.billet_pb209, Lead-209 Billet
hbm:item.billet_ra226, Radium-226 Billet
hbm:item.billet_actinium, Actinium-227 Billet
hbm:item.billet_schrabidium, Schrabidium Billet
hbm:item.billet_solinium, Solinium Billet
hbm:item.billet_gh336, Ghiorsium-336 Billet
hbm:item.billet_gaas, Gallium Arsenide Billet
hbm:item.billet_australium, Australium Billet
hbm:item.billet_australium_lesser, Lesser Australium Billet
hbm:item.billet_australium_greater, Greater Australium Billet
hbm:item.billet_uranium_fuel, Uranium Fuel Billet
hbm:item.billet_thorium_fuel, Thorium Fuel Billet
hbm:item.billet_plutonium_fuel, Plutonium Fuel Billet
hbm:item.billet_neptunium_fuel, Neptunium Fuel Billet
hbm:item.billet_mox_fuel, MOX Fuel Billet
hbm:item.billet_bloatate, Bloatate Billet
hbm:item.billet_americium_fuel, Americium Fuel Billet
hbm:item.billet_les, Low Enriched Schrabidium Fuel Billet
hbm:item.billet_schrabidium_fuel, Schrabidium Fuel Billet
hbm:item.billet_hes, Highly Enriched Schrabidium Fuel Billet
hbm:item.billet_po210be, Po210Be Billet
hbm:item.billet_ra226be, Ra226Be Billet
hbm:item.billet_pu238be, Pu238Be Billet
hbm:item.billet_beryllium, Beryllium Billet
hbm:item.billet_bismuth, Bismuth Billet
hbm:item.billet_silicon, Silicon Wafer
hbm:item.billet_zirconium, Zirconium Billet
hbm:item.billet_zfb_bismuth, Bismuth ZFB Billet
hbm:item.billet_zfb_pu241, Pu-241 ZFB Billet
hbm:item.billet_zfb_am_mix, Reactor Grade Americium ZFB Billet
hbm:item.billet_yharonite, Yharonite Billet
hbm:item.billet_balefire_gold, Flashgold Billet
hbm:item.billet_flashlead, Flashlead Billet
hbm:item.billet_nuclear_waste, Nuclear Waste Billet
hbm:item.billet_menthol, Menthol Billet
hbm:item.chocolate_mint_billet, Mint Slice
hbm:item.cinnebar, Cinnabar
hbm:item.nugget_mercury_tiny, Tiny Drop of Mercury
hbm:item.nugget_mercury, Drop of Mercury
hbm:item.bottle_mercury, Bottle of Mercury
hbm:item.coke:0, Coal Coke
hbm:item.coke:1, Lignite Coke
hbm:item.coke:2, Petroleum Coke
hbm:item.powder_coke:0, Coal Coke Powder
hbm:item.powder_coke:1, Lignite Coke Powder
hbm:item.powder_coke:2, Petroleum Coke Powder
hbm:item.lignite, Lignite
hbm:item.coal_infernal, Infernal Coal
hbm:item.coal_eternal, Eternal Coal
hbm:item.briquette:0, Coal Briquette
hbm:item.briquette:1, Lignite Briquette
hbm:item.briquette:2, Sawdust Briquette
hbm:item.woodemium_briquette, Balefire Infused Woodemium Briquette
hbm:item.sulfur, Sulfur
hbm:item.niter, Niter
hbm:item.nitra, Nitra
hbm:item.nitra_small, Small Pile of Nitra
hbm:item.fluorite, Fluorite
hbm:item.powder_coal, Coal Powder
hbm:item.powder_coal_tiny, Tiny Pile of Coal Powder
hbm:item.powder_iron, Iron Powder
hbm:item.powder_gold, Gold Powder
hbm:item.powder_lapis, Lapis Lazuli Powder
hbm:item.powder_quartz, Quartz Powder
hbm:item.powder_diamond, Diamond Powder
hbm:item.powder_emerald, Emerald Powder
hbm:item.powder_uranium, Uranium Powder
hbm:item.powder_plutonium, Plutonium Powder
hbm:item.powder_neptunium, Neptunium Powder
hbm:item.powder_polonium, Polonium-210 Powder
hbm:item.powder_co60, Cobalt-60 Powder
hbm:item.powder_sr90, Strontium-90 Powder
hbm:item.powder_sr90_tiny, Tiny Pile of Strontium-90 Powder
hbm:item.powder_i131, Iodine-131 Powder
hbm:item.powder_i131_tiny, Tiny Pile of Iodine-131 Powder
hbm:item.powder_xe135, Xenon-135 Powder
hbm:item.powder_xe135_tiny, Tiny Pile of Xenon-135 Powder
hbm:item.powder_cs137, Caesium-137 Powder
hbm:item.powder_cs137_tiny, Tiny Pile of Caesium-137 Powder
hbm:item.powder_cn989, Chinesium-989 Powder
hbm:item.powder_au198, Gold-198 Powder
hbm:item.powder_ra226, Radium-226 Powder
hbm:item.powder_at209, Astatine-209 Powder
hbm:item.powder_titanium, Titanium Powder
hbm:item.powder_nickel, Nickel Powder
hbm:item.powder_copper, Copper Powder
hbm:item.powder_zinc, Zinc Powder
hbm:item.powder_gallium_tiny, Tiny Pile of Gallium Powder
hbm:item.powder_gallium, Gallium Powder
hbm:item.powder_red_copper, Red Copper Powder
hbm:item.powder_tungsten, Tungsten Powder
hbm:item.powder_aluminium, Aluminium Powder
hbm:item.powder_steel, Steel Powder
hbm:item.powder_steel_tiny, Tiny Pile of Steel Powder
hbm:item.powder_tcalloy, Technetium Steel Powder
hbm:item.powder_lead, Lead Powder
hbm:item.powder_bismuth, Bismuth Powder
hbm:item.powder_calcium, Calcium Powder
hbm:item.powder_cadmium, Cadmium Powder
hbm:item.powder_coltan_ore, Crushed Coltan
hbm:item.powder_coltan, Purified Tantalite
hbm:item.powder_tantalium, Tantalum Powder
hbm:item.powder_tektite, Tektite Powder
hbm:item.powder_paleogenite, Paleogenite Powder
hbm:item.powder_paleogenite_tiny, Tiny Pile of Paleogenite Powder
hbm:item.powder_impure_osmiridium, Impure Osmiridium Powder
hbm:item.powder_borax, Borax
hbm:item.powder_chlorocalcite, Chlorocalcite
hbm:item.powder_molysite, Molysite
hbm:item.powder_yellowcake, Yellowcake
hbm:item.powder_beryllium, Beryllium Powder
hbm:item.powder_dura_steel, High-Speed Steel Powder
hbm:item.powder_polymer, Polymer Powder
hbm:item.powder_bakelite, Bakelite Powder
hbm:item.powder_rubber, Rubber Powder
hbm:item.powder_pvc, PVC Powder
hbm:item.powder_schrabidium, Schrabidium Powder
hbm:item.powder_schrabidate, Ferric Schrabidate Powder
hbm:item.powder_magnetized_tungsten, Magnetized Tungsten Powder
hbm:item.powder_chlorophyte, Chlorophyte Powder
hbm:item.powder_combine_steel, CMB Steel Powder
hbm:item.powder_lithium, Lithium Powder
hbm:item.powder_lithium_tiny, Tiny Pile of Lithium Powder
hbm:item.powder_zirconium, Zirconium Powder
hbm:item.powder_sodium, Sodium
hbm:item.powder_lignite, Lignite Powder
hbm:item.powder_iodine, Iodine Powder
hbm:item.powder_thorium, Thorium Powder
hbm:item.powder_neodymium, Neodymium Powder
hbm:item.powder_neodymium_tiny, Tiny Pile of Neodymium Powder
hbm:item.powder_astatine, Astatine Powder
hbm:item.powder_caesium, Caesium Powder
hbm:item.powder_australium, Australium Powder
hbm:item.powder_strontium, Strontium Powder
hbm:item.powder_cobalt, Cobalt Powder
hbm:item.powder_cobalt_tiny, Tiny Pile of Cobalt Powder
hbm:item.powder_bromine, Bromine Powder
hbm:item.powder_niobium, Niobium Powder
hbm:item.powder_niobium_tiny, Tiny Pile of Niobium Powder
hbm:item.powder_tennessine, Tennessine Powder
hbm:item.powder_cerium, Cerium Powder
hbm:item.powder_cerium_tiny, Tiny Pile of Cerium Powder
hbm:item.powder_lanthanium, Lanthanium Powder
hbm:item.powder_lanthanium_tiny, Tiny Pile of Lanthanium Powder
hbm:item.powder_actinium, Actinium Powder
hbm:item.powder_actinium_tiny, Tiny Pile of Actinium Powder
hbm:item.powder_boron, Boron Powder
hbm:item.powder_boron_tiny, Tiny Pile of Boron Powder
hbm:item.powder_asbestos, Asbestos Powder
hbm:item.powder_magic, Pulverized Enchantment
hbm:item.powder_sawdust, Sawdust
hbm:item.powder_flux, Flux
hbm:item.powder_fertilizer, Industrial Fertilizer
hbm:item.powder_balefire, Thermonuclear Ashes
hbm:item.bloodclot, Bloodclot
hbm:item.powder_semtex_mix, Semtex Blend
hbm:item.powder_desh_mix, Desh Blend
hbm:item.powder_desh_ready, DeshReady™ Blend
hbm:item.powder_desh, Desh Powder
hbm:item.powder_nitan_mix, Nitanium Blend
hbm:item.powder_spark_mix, Spark Blend
hbm:item.powder_meteorite, Meteorite Powder
hbm:item.powder_meteorite_tiny, Tiny Pile of Meteorite Powder
hbm:item.powder_euphemium, Euphemium Powder
hbm:item.powder_wd2004_tiny, Tiny Pile Of Woodemium-2004-Anti-mass Lattice Powder
hbm:item.powder_wd2004, Woodemium-2004-Anti-mass Lattice Powder
hbm:item.powder_dineutronium, Dineutronium Powder
hbm:item.dust, Dust
hbm:item.dust_tiny, Tiny Pile of Dust
hbm:item.fallout, Pile of Fallout
hbm:item.powder_ash:0, Wood Ash
hbm:item.powder_ash:1, Coal Ash
hbm:item.powder_ash:2, Ash
hbm:item.powder_ash:3, Fly Ash
hbm:item.powder_ash:4, Fine Soot
hbm:item.powder_ash:5, Fullerene
hbm:item.powder_limestone, Limestone Powder
hbm:item.powder_cement, Cement
hbm:item.nickel_salts, Nickel Salts
hbm:item.powder_fire, Red Phosphorus
hbm:item.powder_ice, Cryo Powder
hbm:item.powder_poison, Poison Powder
hbm:item.powder_thermite, Thermite
hbm:item.powder_power, Energy Powder
hbm:item.cordite, Cordite
hbm:item.ammonium_nitrate, Ammonium Nitrate
hbm:item.ballistite, Ballistite
hbm:item.ball_dynamite, Dynamite
hbm:item.ball_tnt, TNT
hbm:item.ball_tatb, TATB
hbm:item.ball_resin, Latex
hbm:item.ball_fireclay, Fireclay
hbm:item.ball_ferric_clay, Ferric Clay
hbm:item.ore_bedrock:0, Iron Bedrock Ore
hbm:item.ore_bedrock:1, Copper Bedrock Ore
hbm:item.ore_bedrock:2, Borax Bedrock Ore
hbm:item.ore_bedrock:3, Asbestos Bedrock Ore
hbm:item.ore_bedrock:4, Niobium Bedrock Ore
hbm:item.ore_bedrock:5, Nickel Bedrock Ore
hbm:item.ore_bedrock:6, Zinc Bedrock Ore
hbm:item.ore_bedrock:7, Titanium Bedrock Ore
hbm:item.ore_bedrock:8, Tungsten Bedrock Ore
hbm:item.ore_bedrock:9, Gold Bedrock Ore
hbm:item.ore_bedrock:10, Bismuth Bedrock Ore
hbm:item.ore_bedrock:11, Cadmium Bedrock Ore
hbm:item.ore_bedrock:12, Uranium Bedrock Ore
hbm:item.ore_bedrock:13, Thorium Bedrock Ore
hbm:item.ore_bedrock:14, Chlorocalcite Bedrock Ore
hbm:item.ore_bedrock:15, Fluorite Bedrock Ore
hbm:item.ore_bedrock:16, Hematite Bedrock Ore
hbm:item.ore_bedrock:17, Malachite Bedrock Ore
hbm:item.ore_bedrock:18, Neodymium Bedrock Ore
hbm:item.bedrock_ore_fragment:600, Coal Bedrock Ore Fragment
hbm:item.bedrock_ore_fragment:601, Lignite Bedrock Ore Fragment
hbm:item.bedrock_ore_fragment:1430, Diamond Bedrock Ore Fragment
hbm:item.bedrock_ore_fragment:2600, Iron Bedrock Ore Fragment
hbm:item.bedrock_ore_fragment:7900, Gold Bedrock Ore Fragment
hbm:item.bedrock_ore_fragment:1, Redstone Bedrock Ore Fragment
hbm:item.bedrock_ore_fragment:5, Glowstone Bedrock Ore Fragment
hbm:item.bedrock_ore_fragment:2902, Bauxite Bedrock Ore Fragment
hbm:item.bedrock_ore_fragment:2903, Cryolite Bedrock Ore Fragment
hbm:item.bedrock_ore_fragment:9200, Uranium Bedrock Ore Fragment
hbm:item.bedrock_ore_fragment:9233, Uranium-233 Bedrock Ore Fragment
hbm:item.bedrock_ore_fragment:9235, Uranium-235 Bedrock Ore Fragment
hbm:item.bedrock_ore_fragment:9238, Uranium-238 Bedrock Ore Fragment
hbm:item.bedrock_ore_fragment:9032, Thorium-232 Bedrock Ore Fragment
hbm:item.bedrock_ore_fragment:9400, Plutonium Bedrock Ore Fragment
hbm:item.bedrock_ore_fragment:9439, Plutonium-239 Bedrock Ore Fragment
hbm:item.bedrock_ore_fragment:9337, Neptunium-237 Bedrock Ore Fragment
hbm:item.bedrock_ore_fragment:8410, Polonium-210 Bedrock Ore Fragment
hbm:item.bedrock_ore_fragment:4399, Technetium-99 Bedrock Ore Fragment
hbm:item.bedrock_ore_fragment:8826, Radium-226 Bedrock Ore Fragment
hbm:item.bedrock_ore_fragment:2760, Cobalt-60 Bedrock Ore Fragment
hbm:item.bedrock_ore_fragment:7998, Gold-198 Bedrock Ore Fragment
hbm:item.bedrock_ore_fragment:8209, Lead-209 Bedrock Ore Fragment
hbm:item.bedrock_ore_fragment:12626, Schrabidium Bedrock Ore Fragment
hbm:item.bedrock_ore_fragment:12627, Solinium Bedrock Ore Fragment
hbm:item.bedrock_ore_fragment:12836, Ghiorsium-336 Bedrock Ore Fragment
hbm:item.bedrock_ore_fragment:13800, Australium Bedrock Ore Fragment
hbm:item.bedrock_ore_fragment:13895, Tasmanite Bedrock Ore Fragment
hbm:item.bedrock_ore_fragment:13851, Ayerite Bedrock Ore Fragment
hbm:item.bedrock_ore_fragment:2200, Titanium Bedrock Ore Fragment
hbm:item.bedrock_ore_fragment:2900, Copper Bedrock Ore Fragment
hbm:item.bedrock_ore_fragment:7400, Tungsten Bedrock Ore Fragment
hbm:item.bedrock_ore_fragment:1300, Aluminium Bedrock Ore Fragment
hbm:item.bedrock_ore_fragment:8200, Lead Bedrock Ore Fragment
hbm:item.bedrock_ore_fragment:8300, Bismuth Bedrock Ore Fragment
hbm:item.bedrock_ore_fragment:3300, Arsenic Bedrock Ore Fragment
hbm:item.bedrock_ore_fragment:7300, Tantalum Bedrock Ore Fragment
hbm:item.bedrock_ore_fragment:6000, Neodymium Bedrock Ore Fragment
hbm:item.bedrock_ore_fragment:4100, Niobium Bedrock Ore Fragment
hbm:item.bedrock_ore_fragment:400, Beryllium Bedrock Ore Fragment
hbm:item.bedrock_ore_fragment:401, Emerald Bedrock Ore Fragment
hbm:item.bedrock_ore_fragment:2700, Cobalt Bedrock Ore Fragment
hbm:item.bedrock_ore_fragment:2701, Lapis Lazuli Bedrock Ore Fragment
hbm:item.bedrock_ore_fragment:500, Boron Bedrock Ore Fragment
hbm:item.bedrock_ore_fragment:501, Borax Bedrock Ore Fragment
hbm:item.bedrock_ore_fragment:5700, Lanthanium Bedrock Ore Fragment
hbm:item.bedrock_ore_fragment:4000, Zirconium Bedrock Ore Fragment
hbm:item.bedrock_ore_fragment:1100, Sodium Bedrock Ore Fragment
hbm:item.bedrock_ore_fragment:1101, Sodalite Bedrock Ore Fragment
hbm:item.bedrock_ore_fragment:3800, Strontium Bedrock Ore Fragment
hbm:item.bedrock_ore_fragment:300, Lithium Bedrock Ore Fragment
hbm:item.bedrock_ore_fragment:1600, Sulfur Bedrock Ore Fragment
hbm:item.bedrock_ore_fragment:700, Niter Bedrock Ore Fragment
hbm:item.bedrock_ore_fragment:900, Fluorite Bedrock Ore Fragment
hbm:item.bedrock_ore_fragment:1500, Red Phosphorus Bedrock Ore Fragment
hbm:item.bedrock_ore_fragment:1501, White Phosphorus Bedrock Ore Fragment
hbm:item.bedrock_ore_fragment:1701, Chlorocalcite Bedrock Ore Fragment
hbm:item.bedrock_ore_fragment:1702, Molysite Bedrock Ore Fragment
hbm:item.bedrock_ore_fragment:8001, Cinnabar Bedrock Ore Fragment
hbm:item.bedrock_ore_fragment:4800, Cadmium Bedrock Ore Fragment
hbm:item.bedrock_ore_fragment:1400, Silicon Bedrock Ore Fragment
hbm:item.bedrock_ore_fragment:1401, Asbestos Bedrock Ore Fragment
hbm:item.bedrock_ore_fragment:1402, Quartz Bedrock Ore Fragment
hbm:item.bedrock_ore_fragment:2800, Nickel Bedrock Ore Fragment
hbm:item.bedrock_ore_fragment:3100, Gallium Bedrock Ore Fragment
hbm:item.bedrock_ore_fragment:3000, Zinc Bedrock Ore Fragment
hbm:item.bedrock_ore_fragment:3500, Bromine Bedrock Ore Fragment
hbm:item.bedrock_ore_fragment:5300, Iodine Bedrock Ore Fragment
hbm:item.bedrock_ore_fragment:7200, Hafnium Bedrock Ore Fragment
hbm:item.bedrock_ore_fragment:24003, Semtex Bedrock Ore Fragment
hbm:item.bedrock_ore_fragment:20000, Rare Earth Bedrock Ore Fragment
hbm:item.bedrock_ore_fragment:20001, Polymer Bedrock Ore Fragment
hbm:item.bedrock_ore_fragment:20003, Rubber Bedrock Ore Fragment
hbm:item.bedrock_ore_fragment:20005, PVC Bedrock Ore Fragment
hbm:item.ore_centrifuged:0, Centrifuged Iron Ore
hbm:item.ore_centrifuged:1, Centrifuged Copper Ore
hbm:item.ore_centrifuged:2, Centrifuged Borax Ore
hbm:item.ore_centrifuged:3, Centrifuged Asbestos Ore
hbm:item.ore_centrifuged:4, Centrifuged Niobium Ore
hbm:item.ore_centrifuged:5, Centrifuged Nickel Ore
hbm:item.ore_centrifuged:6, Centrifuged Zinc Ore
hbm:item.ore_centrifuged:7, Centrifuged Titanium Ore
hbm:item.ore_centrifuged:8, Centrifuged Tungsten Ore
hbm:item.ore_centrifuged:9, Centrifuged Gold Ore
hbm:item.ore_centrifuged:10, Centrifuged Bismuth Ore
hbm:item.ore_centrifuged:11, Centrifuged Cadmium Ore
hbm:item.ore_centrifuged:12, Centrifuged Uranium Ore
hbm:item.ore_centrifuged:13, Centrifuged Thorium Ore
hbm:item.ore_centrifuged:14, Centrifuged Chlorocalcite Ore
hbm:item.ore_centrifuged:15, Centrifuged Fluorite Ore
hbm:item.ore_centrifuged:16, Centrifuged Hematite Ore
hbm:item.ore_centrifuged:17, Centrifuged Malachite Ore
hbm:item.ore_centrifuged:18, Centrifuged Neodymium Ore
hbm:item.ore_cleaned:0, Cleaned Iron Ore
hbm:item.ore_cleaned:1, Cleaned Copper Ore
hbm:item.ore_cleaned:2, Cleaned Borax Ore
hbm:item.ore_cleaned:3, Cleaned Asbestos Ore
hbm:item.ore_cleaned:4, Cleaned Niobium Ore
hbm:item.ore_cleaned:5, Cleaned Nickel Ore
hbm:item.ore_cleaned:6, Cleaned Zinc Ore
hbm:item.ore_cleaned:7, Cleaned Titanium Ore
hbm:item.ore_cleaned:8, Cleaned Tungsten Ore
hbm:item.ore_cleaned:9, Cleaned Gold Ore
hbm:item.ore_cleaned:10, Cleaned Bismuth Ore
hbm:item.ore_cleaned:11, Cleaned Cadmium Ore
hbm:item.ore_cleaned:12, Cleaned Uranium Ore
hbm:item.ore_cleaned:13, Cleaned Thorium Ore
hbm:item.ore_cleaned:14, Cleaned Chlorocalcite Ore
hbm:item.ore_cleaned:15, Cleaned Fluorite Ore
hbm:item.ore_cleaned:16, Cleaned Hematite Ore
hbm:item.ore_cleaned:17, Cleaned Malachite Ore
hbm:item.ore_cleaned:18, Cleaned Neodymium Ore
hbm:item.ore_separated:0, Separated Iron Ore
hbm:item.ore_separated:1, Separated Copper Ore
hbm:item.ore_separated:2, Separated Borax Ore
hbm:item.ore_separated:3, Separated Asbestos Ore
hbm:item.ore_separated:4, Separated Niobium Ore
hbm:item.ore_separated:5, Separated Nickel Ore
hbm:item.ore_separated:6, Separated Zinc Ore
hbm:item.ore_separated:7, Separated Titanium Ore
hbm:item.ore_separated:8, Separated Tungsten Ore
hbm:item.ore_separated:9, Separated Gold Ore
hbm:item.ore_separated:10, Separated Bismuth Ore
hbm:item.ore_separated:11, Separated Cadmium Ore
hbm:item.ore_separated:12, Separated Uranium Ore
hbm:item.ore_separated:13, Separated Thorium Ore
hbm:item.ore_separated:14, Separated Chlorocalcite Ore
hbm:item.ore_separated:15, Separated Fluorite Ore
hbm:item.ore_separated:16, Separated Hematite Ore
hbm:item.ore_separated:17, Separated Malachite Ore
hbm:item.ore_separated:18, Separated Neodymium Ore
hbm:item.ore_purified:0, Purified Iron Ore
hbm:item.ore_purified:1, Purified Copper Ore
hbm:item.ore_purified:2, Purified Borax Ore
hbm:item.ore_purified:3, Purified Asbestos Ore
hbm:item.ore_purified:4, Purified Niobium Ore
hbm:item.ore_purified:5, Purified Nickel Ore
hbm:item.ore_purified:6, Purified Zinc Ore
hbm:item.ore_purified:7, Purified Titanium Ore
hbm:item.ore_purified:8, Purified Tungsten Ore
hbm:item.ore_purified:9, Purified Gold Ore
hbm:item.ore_purified:10, Purified Bismuth Ore
hbm:item.ore_purified:11, Purified Cadmium Ore
hbm:item.ore_purified:12, Purified Uranium Ore
hbm:item.ore_purified:13, Purified Thorium Ore
hbm:item.ore_purified:14, Purified Chlorocalcite Ore
hbm:item.ore_purified:15, Purified Fluorite Ore
hbm:item.ore_purified:16, Purified Hematite Ore
hbm:item.ore_purified:17, Purified Malachite Ore
hbm:item.ore_purified:18, Purified Neodymium Ore
hbm:item.ore_nitrated:0, Nitrated Iron Ore
hbm:item.ore_nitrated:1, Nitrated Copper Ore
hbm:item.ore_nitrated:2, Nitrated Borax Ore
hbm:item.ore_nitrated:3, Nitrated Asbestos Ore
hbm:item.ore_nitrated:4, Nitrated Niobium Ore
hbm:item.ore_nitrated:5, Nitrated Nickel Ore
hbm:item.ore_nitrated:6, Nitrated Zinc Ore
hbm:item.ore_nitrated:7, Nitrated Titanium Ore
hbm:item.ore_nitrated:8, Nitrated Tungsten Ore
hbm:item.ore_nitrated:9, Nitrated Gold Ore
hbm:item.ore_nitrated:10, Nitrated Bismuth Ore
hbm:item.ore_nitrated:11, Nitrated Cadmium Ore
hbm:item.ore_nitrated:12, Nitrated Uranium Ore
hbm:item.ore_nitrated:13, Nitrated Thorium Ore
hbm:item.ore_nitrated:14, Nitrated Chlorocalcite Ore
hbm:item.ore_nitrated:15, Nitrated Fluorite Ore
hbm:item.ore_nitrated:16, Nitrated Hematite Ore
hbm:item.ore_nitrated:17, Nitrated Malachite Ore
hbm:item.ore_nitrated:18, Nitrated Neodymium Ore
hbm:item.ore_nitrocrystalline:0, Nitrocrystalline Iron Ore
hbm:item.ore_nitrocrystalline:1, Nitrocrystalline Copper Ore
hbm:item.ore_nitrocrystalline:2, Nitrocrystalline Borax Ore
hbm:item.ore_nitrocrystalline:3, Nitrocrystalline Asbestos Ore
hbm:item.ore_nitrocrystalline:4, Nitrocrystalline Niobium Ore
hbm:item.ore_nitrocrystalline:5, Nitrocrystalline Nickel Ore
hbm:item.ore_nitrocrystalline:6, Nitrocrystalline Zinc Ore
hbm:item.ore_nitrocrystalline:7, Nitrocrystalline Titanium Ore
hbm:item.ore_nitrocrystalline:8, Nitrocrystalline Tungsten Ore
hbm:item.ore_nitrocrystalline:9, Nitrocrystalline Gold Ore
hbm:item.ore_nitrocrystalline:10, Nitrocrystalline Bismuth Ore
hbm:item.ore_nitrocrystalline:11, Nitrocrystalline Cadmium Ore
hbm:item.ore_nitrocrystalline:12, Nitrocrystalline Uranium Ore
hbm:item.ore_nitrocrystalline:13, Nitrocrystalline Thorium Ore
hbm:item.ore_nitrocrystalline:14, Nitrocrystalline Chlorocalcite Ore
hbm:item.ore_nitrocrystalline:15, Nitrocrystalline Fluorite Ore
hbm:item.ore_nitrocrystalline:16, Nitrocrystalline Hematite Ore
hbm:item.ore_nitrocrystalline:17, Nitrocrystalline Malachite Ore
hbm:item.ore_nitrocrystalline:18, Nitrocrystalline Neodymium Ore
hbm:item.ore_deepcleaned:0, Deep Cleaned Iron Ore
hbm:item.ore_deepcleaned:1, Deep Cleaned Copper Ore
hbm:item.ore_deepcleaned:2, Deep Cleaned Borax Ore
hbm:item.ore_deepcleaned:3, Deep Cleaned Asbestos Ore
hbm:item.ore_deepcleaned:4, Deep Cleaned Niobium Ore
hbm:item.ore_deepcleaned:5, Deep Cleaned Nickel Ore
hbm:item.ore_deepcleaned:6, Deep Cleaned Zinc Ore
hbm:item.ore_deepcleaned:7, Deep Cleaned Titanium Ore
hbm:item.ore_deepcleaned:8, Deep Cleaned Tungsten Ore
hbm:item.ore_deepcleaned:9, Deep Cleaned Gold Ore
hbm:item.ore_deepcleaned:10, Deep Cleaned Bismuth Ore
hbm:item.ore_deepcleaned:11, Deep Cleaned Cadmium Ore
hbm:item.ore_deepcleaned:12, Deep Cleaned Uranium Ore
hbm:item.ore_deepcleaned:13, Deep Cleaned Thorium Ore
hbm:item.ore_deepcleaned:14, Deep Cleaned Chlorocalcite Ore
hbm:item.ore_deepcleaned:15, Deep Cleaned Fluorite Ore
hbm:item.ore_deepcleaned:16, Deep Cleaned Hematite Ore
hbm:item.ore_deepcleaned:17, Deep Cleaned Malachite Ore
hbm:item.ore_deepcleaned:18, Deep Cleaned Neodymium Ore
hbm:item.ore_seared:0, Seared Iron Ore
hbm:item.ore_seared:1, Seared Copper Ore
hbm:item.ore_seared:2, Seared Borax Ore
hbm:item.ore_seared:3, Seared Asbestos Ore
hbm:item.ore_seared:4, Seared Niobium Ore
hbm:item.ore_seared:5, Seared Nickel Ore
hbm:item.ore_seared:6, Seared Zinc Ore
hbm:item.ore_seared:7, Seared Titanium Ore
hbm:item.ore_seared:8, Seared Tungsten Ore
hbm:item.ore_seared:9, Seared Gold Ore
hbm:item.ore_seared:10, Seared Bismuth Ore
hbm:item.ore_seared:11, Seared Cadmium Ore
hbm:item.ore_seared:12, Seared Uranium Ore
hbm:item.ore_seared:13, Seared Thorium Ore
hbm:item.ore_seared:14, Seared Chlorocalcite Ore
hbm:item.ore_seared:15, Seared Fluorite Ore
hbm:item.ore_seared:16, Seared Hematite Ore
hbm:item.ore_seared:17, Seared Malachite Ore
hbm:item.ore_seared:18, Seared Neodymium Ore
hbm:item.ore_enriched:0, Enriched Iron Ore
hbm:item.ore_enriched:1, Enriched Copper Ore
hbm:item.ore_enriched:2, Enriched Borax Ore
hbm:item.ore_enriched:3, Enriched Asbestos Ore
hbm:item.ore_enriched:4, Enriched Niobium Ore
hbm:item.ore_enriched:5, Enriched Nickel Ore
hbm:item.ore_enriched:6, Enriched Zinc Ore
hbm:item.ore_enriched:7, Enriched Titanium Ore
hbm:item.ore_enriched:8, Enriched Tungsten Ore
hbm:item.ore_enriched:9, Enriched Gold Ore
hbm:item.ore_enriched:10, Enriched Bismuth Ore
hbm:item.ore_enriched:11, Enriched Cadmium Ore
hbm:item.ore_enriched:12, Enriched Uranium Ore
hbm:item.ore_enriched:13, Enriched Thorium Ore
hbm:item.ore_enriched:14, Enriched Chlorocalcite Ore
hbm:item.ore_enriched:15, Enriched Fluorite Ore
hbm:item.ore_enriched:16, Enriched Hematite Ore
hbm:item.ore_enriched:17, Enriched Malachite Ore
hbm:item.ore_enriched:18, Enriched Neodymium Ore
hbm:item.ore_byproduct:0, Crystalline Iron Fragment
hbm:item.ore_byproduct:1, Crystalline Copper Fragment
hbm:item.ore_byproduct:2, Crystalline Lithium Fragment
hbm:item.ore_byproduct:3, Crystalline Silicon Fragment
hbm:item.ore_byproduct:4, Crystalline Lead Fragment
hbm:item.ore_byproduct:5, Crystalline Titanium Fragment
hbm:item.ore_byproduct:6, Crystalline Aluminium Fragment
hbm:item.ore_byproduct:7, Crystalline Sulfur Fragment
hbm:item.ore_byproduct:8, Crystalline Calcium Fragment
hbm:item.ore_byproduct:9, Crystalline Bismuth Fragment
hbm:item.ore_byproduct:10, Crystalline Arsenic Fragment
hbm:item.ore_byproduct:11, Crystalline Radium Fragment
hbm:item.ore_byproduct:12, Crystalline Technetium Fragment
hbm:item.ore_byproduct:13, Crystalline Polonium Fragment
hbm:item.ore_byproduct:14, Crystalline Uranium Fragment
hbm:item.ore_byproduct:15, item.ore_byproduct.b_strontium.name
hbm:item.bedrock_ore_base:1, Raw Bedrock Ore
hbm:item.bedrock_ore_base:2, Raw Bedrock Ore
hbm:item.bedrock_ore_base:3, Raw Bedrock Ore
hbm:item.bedrock_ore_base:4, Raw Bedrock Ore
hbm:item.bedrock_ore_base:5, Raw Bedrock Ore
hbm:item.bedrock_ore_base:6, Raw Bedrock Ore
hbm:item.bedrock_ore_base:7, Raw Bedrock Ore
hbm:item.bedrock_ore_base:8, Raw Bedrock Ore
hbm:item.bedrock_ore_base:9, Raw Bedrock Ore
hbm:item.bedrock_ore_base:10, Raw Bedrock Ore
hbm:item.bedrock_ore_base:11, Raw Bedrock Ore
hbm:item.bedrock_ore_base:12, Raw Bedrock Ore
hbm:item.bedrock_ore:0, Light Metal Bedrock Ore (Earth)
hbm:item.bedrock_ore:1, Heavy Metal Bedrock Ore (Earth)
hbm:item.bedrock_ore:2, Non-Metal Bedrock Ore (Earth)
hbm:item.bedrock_ore:3, Crystalline Bedrock Ore (Earth)
hbm:item.bedrock_ore:4, Light Metal Bedrock Ore (Mun)
hbm:item.bedrock_ore:5, Heavy Metal Bedrock Ore (Mun)
hbm:item.bedrock_ore:6, Rare Earth Bedrock Ore (Mun)
hbm:item.bedrock_ore:7, Non-Metal Bedrock Ore (Mun)
hbm:item.bedrock_ore:8, Crystalline Bedrock Ore (Mun)
hbm:item.bedrock_ore:9, Light Metal Bedrock Ore (Minmus)
hbm:item.bedrock_ore:10, Heavy Metal Bedrock Ore (Minmus)
hbm:item.bedrock_ore:11, Rare Earth Bedrock Ore (Minmus)
hbm:item.bedrock_ore:12, Non-Metal Bedrock Ore (Minmus)
hbm:item.bedrock_ore:13, Crystalline Bedrock Ore (Minmus)
hbm:item.bedrock_ore:14, Light Metal Bedrock Ore (Duna)
hbm:item.bedrock_ore:15, Heavy Metal Bedrock Ore (Duna)
hbm:item.bedrock_ore:16, Rare Earth Bedrock Ore (Duna)
hbm:item.bedrock_ore:17, Actinide Bedrock Ore (Duna)
hbm:item.bedrock_ore:18, Non-Metal Bedrock Ore (Duna)
hbm:item.bedrock_ore:19, Crystalline Bedrock Ore (Duna)
hbm:item.bedrock_ore:20, Light Metal Bedrock Ore (Moho)
hbm:item.bedrock_ore:21, Heavy Metal Bedrock Ore (Moho)
hbm:item.bedrock_ore:22, Rare Earth Bedrock Ore (Moho)
hbm:item.bedrock_ore:23, Actinide Bedrock Ore (Moho)
hbm:item.bedrock_ore:24, Non-Metal Bedrock Ore (Moho)
hbm:item.bedrock_ore:25, Crystalline Bedrock Ore (Moho)
hbm:item.bedrock_ore:26, Light Metal Bedrock Ore (Dres)
hbm:item.bedrock_ore:27, Heavy Metal Bedrock Ore (Dres)
hbm:item.bedrock_ore:28, Rare Earth Bedrock Ore (Dres)
hbm:item.bedrock_ore:29, Actinide Bedrock Ore (Dres)
hbm:item.bedrock_ore:30, Non-Metal Bedrock Ore (Dres)
hbm:item.bedrock_ore:31, Crystalline Bedrock Ore (Dres)
hbm:item.bedrock_ore:32, Light Metal Bedrock Ore (Eve)
hbm:item.bedrock_ore:33, Heavy Metal Bedrock Ore (Eve)
hbm:item.bedrock_ore:34, Rare Earth Bedrock Ore (Eve)
hbm:item.bedrock_ore:35, Actinide Bedrock Ore (Eve)
hbm:item.bedrock_ore:36, Schrabidic Bedrock Ore (Eve)
hbm:item.bedrock_ore:37, Crystalline Bedrock Ore (Eve)
hbm:item.bedrock_ore:38, Light Metal Bedrock Ore (Ike)
hbm:item.bedrock_ore:39, Heavy Metal Bedrock Ore (Ike)
hbm:item.bedrock_ore:40, Rare Earth Bedrock Ore (Ike)
hbm:item.bedrock_ore:41, Hazardous Waste Bedrock Ore (Ike)
hbm:item.bedrock_ore:42, Light Metal Bedrock Ore (Laythe)
hbm:item.bedrock_ore:43, Heavy Metal Bedrock Ore (Laythe)
hbm:item.bedrock_ore:44, Rare Earth Bedrock Ore (Laythe)
hbm:item.bedrock_ore:45, Actinide Bedrock Ore (Laythe)
hbm:item.bedrock_ore:46, Non-Metal Bedrock Ore (Laythe)
hbm:item.bedrock_ore:47, Crystalline Bedrock Ore (Laythe)
hbm:item.bedrock_ore:48, Light Metal Bedrock Ore (Tekto)
hbm:item.bedrock_ore:49, Heavy Metal Bedrock Ore (Tekto)
hbm:item.bedrock_ore:50, Rare Earth Bedrock Ore (Tekto)
hbm:item.bedrock_ore:51, Actinide Bedrock Ore (Tekto)
hbm:item.bedrock_ore:52, Crystalline Bedrock Ore (Tekto)
hbm:item.bedrock_ore:53, Plastic Bedrock Ore (Tekto)
hbm:item.bedrock_ore:54, Light Metal Bedrock Ore (Czechoslowakia)
hbm:item.bedrock_ore:55, Heavy Metal Bedrock Ore (Czechoslowakia)
hbm:item.bedrock_ore:56, Non-Metal Bedrock Ore (Czechoslowakia)
hbm:item.bedrock_ore:57, Crystalline Bedrock Ore (Czechoslowakia)
hbm:item.bedrock_ore:58, Light Metal Bedrock Ore (Dross)
hbm:item.bedrock_ore:59, Heavy Metal Bedrock Ore (Dross)
hbm:item.bedrock_ore:60, Actinide Bedrock Ore (Dross)
hbm:item.bedrock_ore:61, Non-Metal Bedrock Ore (Dross)
hbm:item.bedrock_ore:62, Plastic Bedrock Ore (Dross)
hbm:item.crystal_mineral, Mineral Crystals
hbm:item.crystal_cleaned, Cleaned Mineral Crystals
hbm:item.mineral_dust, Mineral Dust
hbm:item.mineral_fragment:0, Acidized Minerals
hbm:item.mineral_fragment:1, Nitride Minerals
hbm:item.mineral_fragment:2, Sulfuric Minerals
hbm:item.mineral_fragment:3, Solvent Minerals
hbm:item.mineral_fragment:4, Chloride Minerals
hbm:item.mineral_fragment:5, Schrabidic Minerals
hbm:item.crystal_coal, Coal Crystals
hbm:item.crystal_iron, Iron Crystals
hbm:item.crystal_gold, Gold Crystals
hbm:item.crystal_redstone, Redstone Crystals
hbm:item.crystal_lapis, Lapis Crystals
hbm:item.crystal_diamond, Diamond Crystals
hbm:item.crystal_uranium, Uranium Crystals
hbm:item.crystal_thorium, Thorium Crystals
hbm:item.crystal_plutonium, Plutonium Crystals
hbm:item.crystal_titanium, Titanium Crystals
hbm:item.crystal_sulfur, Sulfur Crystals
hbm:item.crystal_niter, Niter Crystals
hbm:item.crystal_copper, Copper Crystals
hbm:item.crystal_tungsten, Tungsten Crystals
hbm:item.crystal_aluminium, Aluminium Crystals
hbm:item.crystal_fluorite, Fluorite Crystals
hbm:item.crystal_beryllium, Beryllium Crystals
hbm:item.crystal_lead, Lead Crystals
hbm:item.crystal_schraranium, Schraranium Crystals
hbm:item.crystal_schrabidium, Schrabidium Crystals
hbm:item.crystal_rare, Rare Earth Crystals
hbm:item.crystal_phosphorus, Phosphorus Crystals
hbm:item.crystal_lithium, Lithium Crystals
hbm:item.crystal_cobalt, Cobalt Crystals
hbm:item.crystal_starmetal, Starmetal Crystals
hbm:item.crystal_cinnebar, Cinnabar Crystals
hbm:item.crystal_trixite, Trixite Crystals
hbm:item.crystal_osmiridium, Osmiridium Crystals
hbm:item.gem_sodalite, Sodalite
hbm:item.gem_tantalium, Tantalum Polycrystal
hbm:item.gem_volcanic, Volcanic Gem
hbm:item.gem_rad, Radioactive Gem
hbm:item.gem_alexandrite, Alexandrite
hbm:item.crystal_nickel, Nickel Crystals
hbm:item.crystal_niobium, Niobium Crystals
hbm:item.crystal_zinc, Zinc Crystal
hbm:item.fragment_neodymium, Neodymium Fragment
hbm:item.fragment_cobalt, Cobalt Fragment
hbm:item.fragment_niobium, Niobium Fragment
hbm:item.fragment_cerium, Cerium Fragment
hbm:item.fragment_lanthanium, Lanthanium Fragment
hbm:item.fragment_actinium, Actinium-227 Fragment
hbm:item.fragment_boron, Boron Fragment
hbm:item.fragment_meteorite, Meteorite Fragment
hbm:item.fragment_coltan, Coltan
hbm:item.chunk_ore:0, Rare Earth Ore Chunk
hbm:item.chunk_ore:1, Malachite Chunk
hbm:item.chunk_ore:2, Anthracite Chunk
hbm:item.chunk_ore:3, Flaming Anthracite Chunk
hbm:item.chunk_ore:4, Cryolite Chunk
hbm:item.chunk_ore:5, Pentlandite Chunk
hbm:item.chunk_ore:6, Moonstone
hbm:item.biomass, Biomass
hbm:item.biomass_compressed, Compressed Biomass
hbm:item.bio_wafer, Algae Wafer
hbm:item.flesh, Flesh
hbm:item.flesh_wafer, Flesh Patty
hbm:item.grilled_flesh, Grilled Flesh Patty
hbm:item.flesh_burger, Flesh Burger
hbm:item.stick_pvc, PVC Stick
hbm:item.stick_vinyl, Vinyl Stick
hbm:item.nugget_uranium, Uranium Nugget
hbm:item.nugget_u233, Uranium-233 Nugget
hbm:item.nugget_u235, Uranium-235 Nugget
hbm:item.nugget_u238, Uranium-238 Nugget
hbm:item.nugget_th232, Thorium-232 Nugget
hbm:item.nugget_plutonium, Plutonium Nugget
hbm:item.nugget_pu238, Plutonium-238 Nugget
hbm:item.nugget_pu239, Plutonium-239 Nugget
hbm:item.nugget_pu240, Plutonium-240 Nugget
hbm:item.nugget_pu241, Plutonium-241 Nugget
hbm:item.nugget_pu_mix, Reactor Grade Plutonium Nugget
hbm:item.nugget_am241, Americium-241 Nugget
hbm:item.nugget_am242, Americium-242 Nugget
hbm:item.nugget_am_mix, Reactor Grade Americium Nugget
hbm:item.nugget_bk247, Berkelium-247 Nugget
hbm:item.nugget_cm_mix, Reactor-Grade Curium Nugget
hbm:item.nugget_cm242, Curium-242 Nugget
hbm:item.nugget_cm243, Curium-243 Nugget
hbm:item.nugget_cm244, Curium-244 Nugget
hbm:item.nugget_cm245, Curium-245 Nugget
hbm:item.nugget_cm246, Curium-246 Nugget
hbm:item.nugget_cm247, Curium-247 Nugget
hbm:item.nugget_cm_fuel, Nugget of Curium Fuel
hbm:item.nugget_cf251, Californium-251 Nugget
hbm:item.nugget_cf252, Californium-252 Nugget
hbm:item.nugget_es253, Einsteinium-253 Nugget
hbm:item.nugget_cn989, Chinesium-989 Nugget
hbm:item.nugget_neptunium, Neptunium Nugget
hbm:item.nugget_polonium, Polonium-210 Nugget
hbm:item.nugget_cobalt, Cobalt Nugget
hbm:item.nugget_co60, Cobalt-60 Nugget
hbm:item.nugget_sr90, Strontium-90 Nugget
hbm:item.nugget_technetium, Technetium-99 Nugget
hbm:item.nugget_au198, Gold-198 Nugget
hbm:item.nugget_pb209, Lead-209 Nugget
hbm:item.nugget_ra226, Radium-226 Nugget
hbm:item.nugget_actinium, Actinium-227 Nugget
hbm:item.nugget_lead, Lead Nugget
hbm:item.nugget_menthol, Menthol Nugget
hbm:item.nugget_bismuth, Bismuth Nugget
hbm:item.nugget_arsenic, Arsenic Nugget
hbm:item.nugget_tantalium, Tantalum Nugget
hbm:item.nugget_silicon, Silicon Nugget
hbm:item.nugget_niobium, Niobium Nugget
hbm:item.nugget_beryllium, Beryllium Nugget
hbm:item.nugget_schrabidium, Schrabidium Nugget
hbm:item.nugget_solinium, Solinium Nugget
hbm:item.nugget_gh336, Ghiorsium-336 Nugget
hbm:item.nugget_uranium_fuel, Nugget of Uranium Fuel
hbm:item.nugget_thorium_fuel, Nugget of Thorium Fuel
hbm:item.nugget_plutonium_fuel, Nugget of Plutonium Fuel
hbm:item.nugget_neptunium_fuel, Neptunium Fuel Nugget
hbm:item.nugget_mox_fuel, Nugget of MOX Fuel
hbm:item.nugget_americium_fuel, Americium Fuel Nugget
hbm:item.nugget_schrabidium_fuel, Nugget of Schrabidium Fuel
hbm:item.nugget_hes, Highly Enriched Schrabidium Fuel Nugget
hbm:item.nugget_les, Low Enriched Schrabidium Fuel Nugget
hbm:item.nugget_zirconium, Zirconium Splinter
hbm:item.nugget_nickel, Nickel Nugget
hbm:item.nugget_gaas, Gallium Arsenide Nugget
hbm:item.nugget_zinc, Zinc Nugget
hbm:item.nugget_gallium, Gallium Nugget
hbm:item.nugget_australium, Australium Nugget
hbm:item.nugget_australium_lesser, Lesser Australium Nugget
hbm:item.nugget_australium_greater, Greater Australium Nugget
hbm:item.nugget_desh, Desh Nugget
hbm:item.nugget_euphemium, Euphemium Nugget
hbm:item.nugget_dineutronium, Dineutronium Nugget
hbm:item.nugget_osmiridium, Osmiridium Nugget
hbm:item.nugget_hafnium, Hafnium Nugget
hbm:item.nugget_lanthanium, Semi-Stable Lanthanium Nugget
hbm:item.plate_iron, Iron Plate
hbm:item.plate_gold, Gold Plate
hbm:item.plate_titanium, Titanium Plate
hbm:item.plate_nickel, Nickel Plate
hbm:item.plate_aluminium, Aluminium Plate
hbm:item.plate_steel, Steel Plate
hbm:item.plate_stainless, Stainless Steel Plate
hbm:item.plate_lead, Lead Plate
hbm:item.plate_copper, Copper Plate
hbm:item.plate_dura_steel, High-Speed Steel Plate
hbm:item.neutron_reflector, Neutron Reflector
hbm:item.plate_schrabidium, Schrabidium Plate
hbm:item.plate_combine_steel, CMB Steel Plate
hbm:item.plate_mixed, Mixed Plate
hbm:item.plate_gunmetal, Gunmetal Plate
hbm:item.plate_weaponsteel, Weapon Steel Plate
hbm:item.plate_saturnite, Saturnite Plate
hbm:item.plate_paa, PaA Alloy Plate
hbm:item.plate_polymer, Insulator
hbm:item.plate_kevlar, Kevlar Sheet
hbm:item.plate_dalekanium, Angry Metal
hbm:item.plate_desh, Desh Compound Plate
hbm:item.plate_bismuth, Bismuth Compound Plate
hbm:item.plate_euphemium, Euphemium Compound Plate
hbm:item.plate_dineutronium, Dineutronium Compound Plate
hbm:item.plate_cn989, Chinesium-989 Plate
hbm:item.plate_armor_titanium, Titanium Armor Plate
hbm:item.plate_armor_ajr, Iron-Shod Armor Plating
hbm:item.plate_armor_hev, Reactive Armor Plating
hbm:item.plate_armor_lunar, Lunar Plating
hbm:item.plate_armor_fau, Fau Armor Plating
hbm:item.plate_armor_dnt, DNT Armor Plating
hbm:item.plate_cast:2600, Cast Iron Plate
hbm:item.plate_cast:7900, Cast Gold Plate
hbm:item.plate_cast:12626, Cast Schrabidium Plate
hbm:item.plate_cast:12600, Cast Ferric Schrabidate Plate
hbm:item.plate_cast:2200, Cast Titanium Plate
hbm:item.plate_cast:2900, Cast Copper Plate
hbm:item.plate_cast:7400, Cast Tungsten Plate
hbm:item.plate_cast:1300, Cast Aluminium Plate
hbm:item.plate_cast:8200, Cast Lead Plate
hbm:item.plate_cast:4000, Cast Zirconium Plate
hbm:item.plate_cast:7699, Cast Osmiridium Plate
hbm:item.plate_cast:30, Cast Steel Plate
hbm:item.plate_cast:33, Cast High-Speed Steel Plate
hbm:item.plate_cast:42, Cast Desh Plate
hbm:item.plate_cast:35, Cast Starmetal Plate
hbm:item.plate_cast:37, Cast Ferrouranium Plate
hbm:item.plate_cast:36, Cast Technetium Steel Plate
hbm:item.plate_cast:43, Cast Cadmium Steel Plate
hbm:item.plate_cast:46, Cast Bismuth Bronze Plate
hbm:item.plate_cast:47, Cast Arsenic Bronze Plate
hbm:item.plate_cast:39, Cast Combine Steel Plate
hbm:item.plate_cast:50, Cast Weapon Steel Plate
hbm:item.plate_cast:34, Cast Saturnite Plate
hbm:item.plate_cast:24001, Cast Stainless Steel Plate
hbm:item.plate_welded:2600, Welded Iron Plate
hbm:item.plate_welded:2200, Welded Titanium Plate
hbm:item.plate_welded:2900, Welded Copper Plate
hbm:item.plate_welded:7400, Welded Tungsten Plate
hbm:item.plate_welded:1300, Welded Aluminium Plate
hbm:item.plate_welded:4000, Welded Zirconium Plate
hbm:item.plate_welded:7699, Welded Osmiridium Plate
hbm:item.plate_welded:30, Welded Steel Plate
hbm:item.plate_welded:36, Welded Technetium Steel Plate
hbm:item.plate_welded:43, Welded Cadmium Steel Plate
hbm:item.plate_welded:39, Welded Combine Steel Plate
hbm:item.plate_welded:24001, Welded Stainless Steel Plate
hbm:item.shell:2200, Titanium Shell
hbm:item.shell:2900, Copper Shell
hbm:item.shell:1300, Aluminium Shell
hbm:item.shell:30, Steel Shell
hbm:item.shell:50, Weapon Steel Shell
hbm:item.shell:34, Saturnite Shell
hbm:item.pipe:2600, Iron Pipe
hbm:item.pipe:2900, Copper Pipe
hbm:item.pipe:1300, Aluminium Pipe
hbm:item.pipe:8200, Lead Pipe
hbm:item.pipe:30, Steel Pipe
hbm:item.pipe:33, High-Speed Steel Pipe
hbm:item.pipe:20003, Rubber Pipe
hbm:item.bolt:7400, Tungsten Bolt
hbm:item.bolt:8200, Lead Bolt
hbm:item.bolt:30, Steel Bolt
hbm:item.bolt:33, High-Speed Steel Bolt
hbm:item.bolt_spike, Railroad Spike
hbm:item.hazmat_cloth, Hazmat Cloth
hbm:item.hazmat_cloth_red, Advanced Hazmat Cloth
hbm:item.hazmat_cloth_grey, Lead-Reinforced Hazmat Cloth
hbm:item.asbestos_cloth, Fire Proximity Cloth
hbm:item.rag, Cloth
hbm:item.rag_damp, Damp Cloth
hbm:item.rag_piss, Piss-Soaked Rag
hbm:item.rag_blood, Blood-Soaked Rag
hbm:item.filter_coal, Activated Carbon Filter
hbm:item.wire_fine:699, Carbon Wire
hbm:item.wire_fine:7900, Gold Wire
hbm:item.wire_fine:12626, Schrabidium Wire
hbm:item.wire_fine:2900, Copper Wire
hbm:item.wire_fine:7400, Tungsten Wire
hbm:item.wire_fine:1300, Aluminium Wire
hbm:item.wire_fine:8200, Lead Wire
hbm:item.wire_fine:4000, Zirconium Wire
hbm:item.wire_fine:3000, Zinc Wire
hbm:item.wire_fine:30, Steel Wire
hbm:item.wire_fine:31, Minecraft Grade Copper Wire
hbm:item.wire_fine:38, Magnetized Tungsten Wire
hbm:item.wire_dense:7900, Dense Gold Wire
hbm:item.wire_dense:12626, Dense Schrabidium Wire
hbm:item.wire_dense:12600, Dense Ferric Schrabidate Wire
hbm:item.wire_dense:2200, Dense Titanium Wire
hbm:item.wire_dense:2900, Dense Copper Wire
hbm:item.wire_dense:7400, Dense Tungsten Wire
hbm:item.wire_dense:6000, Dense Neodymium Wire
hbm:item.wire_dense:4100, Dense Niobium Wire
hbm:item.wire_dense:31, Dense Minecraft Grade Copper Wire
hbm:item.wire_dense:35, Dense Starmetal Wire
hbm:item.wire_dense:48, Dense BSCCO Wire
hbm:item.wire_dense:38, Dense Magnetized Tungsten Wire
hbm:item.wire_dense:45, Dense Dineutronium Wire
hbm:item.coil_copper, Copper Coil
hbm:item.coil_copper_torus, Ring Coil
hbm:item.coil_gold, Gold Coil
hbm:item.coil_gold_torus, Golden Ring Coil
hbm:item.coil_tungsten, Heating Coil
hbm:item.coil_magnetized_tungsten, 4000K High Temperature Super Conducting Coil
hbm:item.safety_fuse, Safety Fuse
hbm:item.tank_steel, Steel Tank
hbm:item.motor, Motor
hbm:item.motor_desh, Desh Motor
hbm:item.motor_bismuth, Bismuth Motor
hbm:item.centrifuge_element, Centrifuge Element
hbm:item.reactor_core, Breeding Reactor Core
hbm:item.rtg_unit, RTG Unit
hbm:item.pipes_steel, Steel Pipes
hbm:item.drill_titanium, Titanium Drill
hbm:item.photo_panel, Photovoltaic Panel
hbm:item.beryllium_mirror, Beryllium Mirror
hbm:item.chlorine_pinwheel, Chlorine Pinwheel
hbm:item.oxy_pinwheel, Oxygen Pinwheel
hbm:item.ring_starmetal, §9Starmetal Ring§r
hbm:item.deuterium_filter, Deuterium Filter
hbm:item.chemical_dye:0, Chemical Dye (Black)
hbm:item.chemical_dye:1, Chemical Dye (Red)
hbm:item.chemical_dye:2, Chemical Dye (Green)
hbm:item.chemical_dye:3, Chemical Dye (Brown)
hbm:item.chemical_dye:4, Chemical Dye (Blue)
hbm:item.chemical_dye:5, Chemical Dye (Purple)
hbm:item.chemical_dye:6, Chemical Dye (Cyan)
hbm:item.chemical_dye:7, Chemical Dye (Light Gray)
hbm:item.chemical_dye:8, Chemical Dye (Gray)
hbm:item.chemical_dye:9, Chemical Dye (Pink)
hbm:item.chemical_dye:10, Chemical Dye (Lime)
hbm:item.chemical_dye:11, Chemical Dye (Yellow)
hbm:item.chemical_dye:12, Chemical Dye (Light Blue)
hbm:item.chemical_dye:13, Chemical Dye (Magenta)
hbm:item.chemical_dye:14, Chemical Dye (Orange)
hbm:item.chemical_dye:15, Chemical Dye (White)
hbm:item.crayon:0, Black Crayon
hbm:item.crayon:1, Red Crayon
hbm:item.crayon:2, Green Crayon
hbm:item.crayon:3, Brown Crayon
hbm:item.crayon:4, Blue Crayon
hbm:item.crayon:5, Purple Crayon
hbm:item.crayon:6, Cyan Crayon
hbm:item.crayon:7, Light Gray Crayon
hbm:item.crayon:8, Gray Crayon
hbm:item.crayon:9, Pink Crayon
hbm:item.crayon:10, Lime Crayon
hbm:item.crayon:11, Yellow Crayon
hbm:item.crayon:12, Light Blue Crayon
hbm:item.crayon:13, Magenta Crayon
hbm:item.crayon:14, Orange Crayon
hbm:item.crayon:15, White Crayon
hbm:item.part_generic:0, Pneumatic Piston
hbm:item.part_generic:1, Hydraulic Piston
hbm:item.part_generic:2, Electric Piston
hbm:item.part_generic:3, Low-Density Element
hbm:item.part_generic:4, Heavy Duty Element
hbm:item.part_generic:5, Polarized Lens
hbm:item.item_expensive:0, Bolted Steel Plating
hbm:item.item_expensive:1, Heavy Framework
hbm:item.item_expensive:2, Extensive Circuit Board
hbm:item.item_expensive:3, Radiation Resistant Plating
hbm:item.item_expensive:4, Reinforced Ferrouranium Panels
hbm:item.item_expensive:5, Mainframe
hbm:item.item_expensive:6, Bronze Structural Elements
hbm:item.item_expensive:7, Plastic Panels
hbm:item.item_expensive:8, Ultra Fine Gold Dust
hbm:item.item_expensive:9, Degenerate Matter
hbm:item.item_expensive:10, Stainless Structural Beam
hbm:item.item_expensive:11, SAS Module
hbm:item.item_expensive:12, Astronavigation Unit
hbm:item.item_secret:0, Composition SB-26
hbm:item.item_secret:1, Proprietary Control Unit
hbm:item.item_secret:2, Selenium Steel
hbm:item.item_secret:3, Aberrator Part
hbm:item.item_secret:4, Folly Part
hbm:item.pharma_computing_unit, Pharmaceutical Computing Unit
hbm:item.ingot_metal:0, item.ingot_metal.scrap.name
hbm:item.ingot_metal:1, Metal Ingot
hbm:item.ingot_metal:2, Counter
hbm:item.ingot_metal:3, Metal Key
hbm:item.ingot_metal:4, Radio Homing Beacon
hbm:item.ingot_metal:5, Metal Casing
hbm:item.ingot_metal:6, Clockwork
hbm:item.ingot_metal:7, Metal Bar
hbm:item.ingot_metal:8, Detector
hbm:item.parts_legendary:0, Legendary Parts
hbm:item.parts_legendary:1, Legendary Parts
hbm:item.parts_legendary:2, Legendary Parts
hbm:item.gear_large:0, Large Gear
hbm:item.gear_large:1, Large Steel Gear
hbm:item.sawblade, Sawblade
hbm:item.part_barrel_light:30, Light Steel Barrel
hbm:item.part_barrel_light:33, Light High-Speed Steel Barrel
hbm:item.part_barrel_light:42, Light Desh Barrel
hbm:item.part_barrel_light:36, Light Technetium Steel Barrel
hbm:item.part_barrel_light:43, Light Cadmium Steel Barrel
hbm:item.part_barrel_light:46, Light Bismuth Bronze Barrel
hbm:item.part_barrel_light:47, Light Arsenic Bronze Barrel
hbm:item.part_barrel_light:49, Light Gunmetal Barrel
hbm:item.part_barrel_light:50, Light Weapon Steel Barrel
hbm:item.part_barrel_light:34, Light Saturnite Barrel
hbm:item.part_barrel_heavy:30, Heavy Steel Barrel
hbm:item.part_barrel_heavy:33, Heavy High-Speed Steel Barrel
hbm:item.part_barrel_heavy:42, Heavy Desh Barrel
hbm:item.part_barrel_heavy:37, Heavy Ferrouranium Barrel
hbm:item.part_barrel_heavy:36, Heavy Technetium Steel Barrel
hbm:item.part_barrel_heavy:43, Heavy Cadmium Steel Barrel
hbm:item.part_barrel_heavy:49, Heavy Gunmetal Barrel
hbm:item.part_barrel_heavy:50, Heavy Weapon Steel Barrel
hbm:item.part_barrel_heavy:34, Heavy Saturnite Barrel
hbm:item.part_receiver_light:30, Light Steel Receiver
hbm:item.part_receiver_light:33, Light High-Speed Steel Receiver
hbm:item.part_receiver_light:42, Light Desh Receiver
hbm:item.part_receiver_light:36, Light Technetium Steel Receiver
hbm:item.part_receiver_light:43, Light Cadmium Steel Receiver
hbm:item.part_receiver_light:46, Light Bismuth Bronze Receiver
hbm:item.part_receiver_light:47, Light Arsenic Bronze Receiver
hbm:item.part_receiver_light:49, Light Gunmetal Receiver
hbm:item.part_receiver_light:50, Light Weapon Steel Receiver
hbm:item.part_receiver_light:34, Light Saturnite Receiver
hbm:item.part_receiver_heavy:33, Heavy High-Speed Steel Receiver
hbm:item.part_receiver_heavy:37, Heavy Ferrouranium Receiver
hbm:item.part_receiver_heavy:36, Heavy Technetium Steel Receiver
hbm:item.part_receiver_heavy:43, Heavy Cadmium Steel Receiver
hbm:item.part_receiver_heavy:46, Heavy Bismuth Bronze Receiver
hbm:item.part_receiver_heavy:47, Heavy Arsenic Bronze Receiver
hbm:item.part_receiver_heavy:49, Heavy Gunmetal Receiver
hbm:item.part_receiver_heavy:50, Heavy Weapon Steel Receiver
hbm:item.part_receiver_heavy:34, Heavy Saturnite Receiver
hbm:item.part_mechanism:49, Gunmetal Mechanism
hbm:item.part_mechanism:50, Weapon Steel Mechanism
hbm:item.part_mechanism:34, Saturnite Mechanism
hbm:item.part_stock:3, Wood Stock
hbm:item.part_stock:42, Desh Stock
hbm:item.part_stock:49, Gunmetal Stock
hbm:item.part_stock:50, Weapon Steel Stock
hbm:item.part_stock:34, Saturnite Stock
hbm:item.part_stock:20001, Polymer Stock
hbm:item.part_stock:20002, Bakelite Stock
hbm:item.part_stock:20004, Hard Plastic Stock
hbm:item.part_stock:20005, PVC Stock
hbm:item.part_grip:3, Wood Grip
hbm:item.part_grip:4, Ivory Grip
hbm:item.part_grip:30, Steel Grip
hbm:item.part_grip:33, High-Speed Steel Grip
hbm:item.part_grip:42, Desh Grip
hbm:item.part_grip:49, Gunmetal Grip
hbm:item.part_grip:50, Weapon Steel Grip
hbm:item.part_grip:34, Saturnite Grip
hbm:item.part_grip:20001, Polymer Grip
hbm:item.part_grip:20002, Bakelite Grip
hbm:item.part_grip:20003, Rubber Grip
hbm:item.part_grip:20004, Hard Plastic Grip
hbm:item.part_grip:20005, PVC Grip
hbm:item.hard_drive, Empty Hard Drive
hbm:item.hard_drive_full:0, Hard Drive
hbm:item.hard_drive_full:1, Hard Drive
hbm:item.hard_drive_full:2, Hard Drive
hbm:item.hard_drive_full:3, Hard Drive
hbm:item.hard_drive_full:4, Hard Drive
hbm:item.hard_drive_full:5, Hard Drive
hbm:item.hard_drive_full:6, Hard Drive
hbm:item.hard_drive_full:7, Hard Drive
hbm:item.hard_drive_full:8, Hard Drive
hbm:item.hard_drive_full:9, Hard Drive
hbm:item.hard_drive_full:10, Hard Drive
hbm:item.hard_drive_full:11, Hard Drive
hbm:item.hard_drive_full:12, Hard Drive
hbm:item.divine_shard, Divine Shard
hbm:item.symbol:0, Guilt
hbm:item.nostalgic_gears, Nostalgic Gears
hbm:item.plant_item:0, Tobacco
hbm:item.plant_item:1, Rope
hbm:item.plant_item:2, Mustard Willow Leaf
hbm:item.scuttertail, Scuttertail
hbm:item.saltleaf, Saltleaf
hbm:item.rubber_leaves, Rubber Leaves
hbm:item.pet_leaves, Plastic Leaves
hbm:item.entanglement_kit, Entanglement Kit
hbm:item.fins_flat, Flat Steel Casing
hbm:item.fins_small_steel, Small Steel Grid Fins
hbm:item.fins_big_steel, Big Steel Grid Fins
hbm:item.fins_tri_steel, Large Steel Fins
hbm:item.fins_quad_titanium, Small Titanium Fins
hbm:item.sphere_steel, Steel Sphere
hbm:item.pedestal_steel, Steel Pedestal
hbm:item.dysfunctional_reactor, Dysfunctional Nuclear Reactor
hbm:item.blade_titanium, Titanium Blade
hbm:item.blade_syngas, Stainless Steel Blades
hbm:item.blade_tungsten, Tungsten Reinforced Blade
hbm:item.turbine_titanium, Titanium Steam Turbine
hbm:item.turbine_tungsten, Reinforced Turbofan Blades
hbm:item.turbine_syngas, Stainless Steel Turbine Blades
hbm:item.flywheel_beryllium, Beryllium Flywheel
hbm:item.ducttape, Duct Tape
hbm:item.catalyst_clay, Clay Catalyst
hbm:item.missile_assembly, Small Missile Assembly
hbm:item.warhead_generic_small, Small Warhead
hbm:item.warhead_generic_medium, Medium Warhead
hbm:item.warhead_generic_large, Large Warhead
hbm:item.warhead_incendiary_small, Small Incendiary Warhead
hbm:item.warhead_incendiary_medium, Medium Incendiary Warhead
hbm:item.warhead_incendiary_large, Large Incendiary Warhead
hbm:item.warhead_cluster_small, Small Cluster Warhead
hbm:item.warhead_cluster_medium, Medium Cluster Warhead
hbm:item.warhead_cluster_large, Large Cluster Warhead
hbm:item.warhead_buster_small, Small Bunker Buster Warhead
hbm:item.warhead_buster_medium, Medium Bunker Buster Warhead
hbm:item.warhead_buster_large, Large Bunker Buster Warhead
hbm:item.warhead_nuclear, Nuclear Warhead
hbm:item.warhead_mirv, Thermonuclear Warhead
hbm:item.warhead_volcano, Tectonic Warhead
hbm:item.fuel_tank_small, Small Fuel Tank
hbm:item.fuel_tank_medium, Medium Fuel Tank
hbm:item.fuel_tank_large, Large Fuel Tank
hbm:item.thruster_small, Small Thruster
hbm:item.thruster_medium, Medium Thruster
hbm:item.thruster_large, Large Thruster
hbm:item.thruster_nuclear, LV-N Nuclear Rocket Engine
hbm:item.seg_10, Size 10 Connector
hbm:item.seg_15, Size 15 Connector
hbm:item.seg_20, Size 20 Connector
hbm:item.combine_scrap, CMB Scrap Metal
hbm:item.shimmer_head, Heavy Hammer Head
hbm:item.shimmer_axe_head, Heavy Axe Head
hbm:item.shimmer_handle, Reinforced Polymer Handle
hbm:item.circuit:0, Vacuum Tube
hbm:item.circuit:29, Incandescent Seven Segment Display
hbm:item.circuit:1, Capacitor
hbm:item.circuit:2, Tantalum Capacitor
hbm:item.circuit:21, Atomic Clock
hbm:item.circuit:3, Printed Circuit Board
hbm:item.circuit:4, Printed Silicon Wafer
hbm:item.circuit:6, Microchip
hbm:item.circuit:7, Versatile Integrated Circuit
hbm:item.circuit:19, Solid State Quantum Processor
hbm:item.circuit:8, Analog Circuit Board
hbm:item.circuit:9, Integrated Circuit Board
hbm:item.circuit:10, Military Grade Circuit Board
hbm:item.circuit:11, Capacitor Board
hbm:item.circuit:12, Versatile Circuit Board
hbm:item.circuit:13, Astrionics Unit
hbm:item.circuit:14, Avionics Circuit Board
hbm:item.circuit:5, Printed GaAs Wafer
hbm:item.circuit:18, Quantum Processing Unit
hbm:item.circuit:15, Control Unit Casing
hbm:item.circuit:16, Control Unit
hbm:item.circuit:17, Advanced Control Unit
hbm:item.circuit:20, Quantum Computer
hbm:item.circuit:22, Lanthanium Capacitor
hbm:item.circuit:23, Drive Processor (Tier 1)
hbm:item.circuit:24, Drive Processor (Tier 2)
hbm:item.circuit:25, Drive Processor (Tier 3)
hbm:item.circuit:26, GaAs Microchip
hbm:item.circuit:27, Hafnium Microchip
hbm:item.circuit:28, Molysite-Etched Microchip
hbm:item.crt_display,  Cathode Ray Tube
hbm:item.circuit_star_piece:0, SC - Printed Circuit Board
hbm:item.circuit_star_piece:1, SC - Transistors
hbm:item.circuit_star_piece:2, SC - Voltage Converter
hbm:item.circuit_star_piece:3, SC - North Bridge
hbm:item.circuit_star_piece:4, SC - South Bridge
hbm:item.circuit_star_piece:5, SC - IO Chip
hbm:item.circuit_star_piece:6, SC - BUS
hbm:item.circuit_star_piece:7, SC - Chipset
hbm:item.circuit_star_piece:8, SC - CMOS RAM
hbm:item.circuit_star_piece:9, SC- BIOS Chip
hbm:item.circuit_star_piece:10, SC - CPU Register
hbm:item.circuit_star_piece:11, SC - CPU Clock
hbm:item.circuit_star_piece:12, SC - Arithmetic Logic Unit
hbm:item.circuit_star_piece:13, SC - CPU Cache
hbm:item.circuit_star_piece:14, SC - Arsenic Semi Conductor Extension
hbm:item.circuit_star_piece:15, SC - CPU Socket
hbm:item.circuit_star_piece:16, SC - Memory Socket
hbm:item.circuit_star_piece:17, SC - 16k Memory Stick Slot A
hbm:item.circuit_star_piece:18, SC - 16k Memory Stick Slot B
hbm:item.circuit_star_piece:19, SC - 16k Memory Stick Slot C
hbm:item.circuit_star_piece:20, SC - 16k Memory Stick Slot D
hbm:item.circuit_star_piece:21, SC - Extension Card Board
hbm:item.circuit_star_piece:22, SC - Extension Card Processor
hbm:item.circuit_star_component:0, StarControl Chipset
hbm:item.circuit_star_component:1, StarControl CPU
hbm:item.circuit_star_component:2, StarControl RAM
hbm:item.circuit_star_component:3, StarControl Extension Card
hbm:item.circuit_star, StarControl Circuit Board
hbm:item.casing:0, Small Gunmetal Casing
hbm:item.casing:1, Large Gunmetal Casing
hbm:item.casing:2, Small Weapon Steel Casing
hbm:item.casing:3, Large Weapon Steel Casing
hbm:item.casing:4, Black Powder Shotshell Casing
hbm:item.casing:5, Plastic Shotshell Casing
hbm:item.casing:6, Advanced Shotshell Casing
hbm:item.assembly_nuke, Mini Nuke Shell
hbm:item.wiring_red_copper, Cable Drum
hbm:item.flame_pony, Painting of a Cartoon Pony
hbm:item.flame_conspiracy, Conspiracy Theory
hbm:item.flame_politics, Political Topic
hbm:item.flame_opinion, Own Opinion
hbm:item.pellet_rtg_radium, Radium-226 RTG Pellet
hbm:item.pellet_rtg_weak, Weak Uranium RTG Pellet
hbm:item.pellet_rtg, Plutonium-238 RTG Pellet
hbm:item.pellet_rtg_strontium, Strontium-90 RTG Pellet
hbm:item.pellet_rtg_cobalt, Cobalt-60 RTG Pellet
hbm:item.pellet_rtg_actinium, Actinium-227 RTG Pellet
hbm:item.pellet_rtg_polonium, Polonium-210 RTG Pellet
hbm:item.pellet_rtg_americium, Americium-241 RTG Pellet
hbm:item.pellet_rtg_berkelium, Berkelium RTG Pellet
hbm:item.pellet_rtg_gold, Gold-198 RTG Pellet
hbm:item.pellet_rtg_lead, Lead-209 RTG Pellet
hbm:item.pellet_rtg_cf251, Californium-251 RTG Pellet
hbm:item.pellet_rtg_cf252, Californium-252 RTG Pellet
hbm:item.pellet_rtg_depleted:0, Decayed Bismuth RTG Pellet
hbm:item.pellet_rtg_depleted:1, Decayed Mercury RTG Pellet
hbm:item.pellet_rtg_depleted:2, Decayed Neptunium RTG Pellet
hbm:item.pellet_rtg_depleted:3, Decayed Lead RTG Pellet
hbm:item.pellet_rtg_depleted:4, Decayed Zirconium RTG Pellet
hbm:item.pellet_rtg_depleted:5, Decayed Americium RTG Pellet
hbm:item.pellet_rtg_depleted:6, Decayed Nickel RTG Pellet
hbm:item.pellet_cluster, Explosive Pellets
hbm:item.pellet_buckshot, Lead Pellets
hbm:item.pellet_charged, Ionized Particles
hbm:item.pellet_gas, Poison Gas Cartridge
hbm:item.magnetron, Magnetron
hbm:item.piston_selenium, Combustion Engine Piston
hbm:item.piston_set:0, Steel Piston Set
hbm:item.piston_set:1, High-Speed Steel Piston Set
hbm:item.piston_set:2, Desh Piston Set
hbm:item.piston_set:3, Starmetal Piston Set
hbm:item.drillbit:0, Steel Drillbit
hbm:item.drillbit:1, Steel Drillbit (Diamond-Tipped)
hbm:item.drillbit:2, High-Speed Steel Drillbit
hbm:item.drillbit:3, High-Speed Steel Drillbit (Diamond-Tipped)
hbm:item.drillbit:4, Desh Drillbit
hbm:item.drillbit:5, Desh Drillbit (Diamond-Tipped)
hbm:item.drillbit:6, Technetium Steel Drillbit
hbm:item.drillbit:7, Technetium Steel Drillbit (Diamond-Tipped)
hbm:item.drillbit:8, Ferrouranium Drillbit
hbm:item.drillbit:9, Ferrouranium Drillbit (Diamond-Tipped)
hbm:item.cell_empty, Empty Cell
hbm:item.cell_uf6, Uranium Hexafluoride Cell
hbm:item.cell_puf6, Plutonium Hexafluoride Cell
hbm:item.cell_deuterium, Deuterium Cell
hbm:item.cell_tritium, Tritium Cell
hbm:item.cell_sas3, Schrabidium Trisulfide Cell
hbm:item.cell_antimatter, Antimatter Cell
hbm:item.cell_anti_schrabidium, Antischrabidium Cell
hbm:item.cell_balefire, Gaseous Balefire Cell
hbm:item.demon_core_open, Suspended Demon Core
hbm:item.demon_core_closed, Closed Demon Core
hbm:item.pa_coil:0, Large Gold Coil
hbm:item.pa_coil:1, Large NbTi Coil
hbm:item.pa_coil:2, Large BSCCO Coil
hbm:item.pa_coil:3, Large Chlorophyte Coil
hbm:item.particle_empty, Empty Particle Capsule
hbm:item.particle_hydrogen, Hydrogen Ion Capsule
hbm:item.particle_copper, Copper Ion Capsule
hbm:item.particle_lead, Lead Ion Capsule
hbm:item.particle_amat, Antimatter Capsule
hbm:item.particle_aschrab, Antischrabidium Capsule
hbm:item.particle_higgs, Higgs Boson Capsule
hbm:item.particle_muon, Muon Capsule
hbm:item.particle_tachyon, Tachyon Capsule
hbm:item.particle_strange, Strange Quark Capsule
hbm:item.particle_dark, Dark Matter Capsule
hbm:item.particle_sparkticle, Sparkticle Capsule
hbm:item.particle_digamma, §cThe Digamma Particle§r
hbm:item.particle_lutece, Lutece Quasiparticle
hbm:item.singularity, Singularity
hbm:item.singularity_counter_resonant, Contained Counter-Resonant Singularity
hbm:item.singularity_super_heated, Superheated Resonating Singularity
hbm:item.black_hole, Miniature Black Hole
hbm:item.singularity_spark, Spark Singularity
hbm:item.crystal_xen, Artificial Xen Crystal
hbm:item.pellet_antimatter, Antimatter Cluster
hbm:item.inf_water, Infinite Water Tank
hbm:item.inf_water_mk2, Large Infinite Water Tank
hbm:item.transporter_linker, Transporter Pad Linker
hbm:item.fuel_additive:0, Tetraethyllead Antiknock Agent
hbm:item.fuel_additive:1, Deicer
hbm:item.canister_empty, Empty Canister
hbm:item.canister_full:89, Canister: Blood Fuel
hbm:item.canister_full:10, Canister: Crude Oil
hbm:item.canister_full:177, Canister: Desulfurized Crude Oil
hbm:item.canister_full:63, Canister: Cracked Oil
hbm:item.canister_full:179, Canister: Desulfurized Cracked Oil
hbm:item.canister_full:64, Canister: Coal Oil
hbm:item.canister_full:12, Canister: Heavy Oil
hbm:item.canister_full:99, Canister: Vacuum Heavy Oil
hbm:item.canister_full:19, Canister: Naphtha
hbm:item.canister_full:181, Canister: Desulfurized Naphtha
hbm:item.canister_full:66, Canister: Cracked Naphtha
hbm:item.canister_full:100, Canister: Reformate
hbm:item.canister_full:21, Canister: Light Oil
hbm:item.canister_full:182, Canister: Desulfurized Light Oil
hbm:item.canister_full:67, Canister: Cracked Light Oil
hbm:item.canister_full:101, Canister: Vacuum Light Oil
hbm:item.canister_full:13, Canister: Bitumen
hbm:item.canister_full:14, Canister: Industrial Oil
hbm:item.canister_full:15, Canister: Heating Oil
hbm:item.canister_full:110, Canister: Heavy Heating Oil
hbm:item.canister_full:16, Canister: Reclaimed Industrial Oil
hbm:item.canister_full:18, Canister: Engine Lubricant
hbm:item.canister_full:103, Canister: BTX
hbm:item.canister_full:20, Canister: Diesel
hbm:item.canister_full:111, Canister: High-Cetane Diesel
hbm:item.canister_full:68, Canister: Cracked Diesel
hbm:item.canister_full:112, Canister: High-Cetane Cracked Diesel
hbm:item.canister_full:22, Canister: Kerosene
hbm:item.canister_full:113, Canister: Jet Fuel
hbm:item.canister_full:17, Canister: Petroil
hbm:item.canister_full:74, Canister: Leaded Petroil
hbm:item.canister_full:48, Canister: Gasoline
hbm:item.canister_full:75, Canister: Leaded Gasoline
hbm:item.canister_full:49, Canister: Coal Gasoline
hbm:item.canister_full:76, Canister: Leaded Coal Gasoline
hbm:item.canister_full:82, Canister: Coal Tar Creosote
hbm:item.canister_full:81, Canister: Wood Oil
hbm:item.canister_full:27, Canister: Biofuel
hbm:item.canister_full:61, Canister: Ethanol
hbm:item.canister_full:133, Canister: N-MASS(III) Tetrahexaethanol
hbm:item.canister_full:28, Canister: NITAN© 100 Octane Super Fuel
hbm:item.canister_full:88, Canister: Hydrazine
hbm:item.canister_full:83, Canister: Seeding Slurry
hbm:item.canister_full:92, Canister: Solvent
hbm:item.canister_full:51, Canister: Fracking Solution
hbm:item.canister_full:233, Canister: Flaming Bloatmusk
hbm:item.canister_full:236, Canister: Musky Pheromone
hbm:item.canister_full:239, Canister: Satan's Blood
hbm:item.canister_full:238, Canister: Curdling Blood
hbm:item.canister_full:240, Canister: Wormwood
hbm:item.canister_full:241, Canister: Brimstone
hbm:item.canister_full:242, Canister: Verdigris
hbm:item.canister_full:243, Canister: Gall
hbm:item.canister_full:244, Canister: Brimtumen
hbm:item.canister_full:245, Canister: Blood of the Martyr
hbm:item.canister_full:246, Canister: Haemoglobin
hbm:item.canister_full:247, Canister: Ambrosia
hbm:item.canister_full:249, Canister: Heparin
hbm:item.canister_full:250, Canister: Chevreul's Salt
hbm:item.canister_full:251, Canister: Dialysate
hbm:item.canister_full:252, Canister: Dew of the Garden
hbm:item.canister_full:253, Canister: Argent Bloatpus
hbm:item.canister_full:254, Canister: Bloatpus
hbm:item.canister_full:132, Canister: Elbow Grease
hbm:item.canister_napalm, Napalm B
hbm:item.gas_empty, Empty Gas Tank
hbm:item.gas_full:40, Gas Tank: Liquid Hydrogen
hbm:item.gas_full:8, Gas Tank: Deuterium
hbm:item.gas_full:9, Gas Tank: Tritium
hbm:item.gas_full:59, Gas Tank: Helium-3
hbm:item.gas_full:167, Gas Tank: Helium-4
hbm:item.gas_full:41, Gas Tank: Liquid Oxygen
hbm:item.gas_full:98, Gas Tank: Chlorine Gas
hbm:item.gas_full:218, Gas Tank: Flue Gas
hbm:item.gas_full:23, Gas Tank: Natural Gas
hbm:item.gas_full:24, Gas Tank: Petroleum Gas
hbm:item.gas_full:102, Gas Tank: Sour Gas
hbm:item.gas_full:95, Gas Tank: Syngas
hbm:item.gas_full:69, Gas Tank: Aromatic Hydrocarbons
hbm:item.gas_full:70, Gas Tank: Unsaturated Hydrocarbons
hbm:item.gas_full:114, Gas Tank: Reformate Gas
hbm:item.gas_full:26, Gas Tank: Biogas
hbm:item.gas_full:90, Gas Tank: Oxygen-Rich Air
hbm:item.gas_full:232, Gas Tank: Nether Air
hbm:item.gas_full:184, Gas Tank: Duna Air
hbm:item.gas_full:119, Gas Tank: Eve Air
hbm:item.gas_full:156, Gas Tank: Jool Air
hbm:item.gas_full:157, Gas Tank: Sarnus Air
hbm:item.gas_full:158, Gas Tank: Urlum Air
hbm:item.gas_full:159, Gas Tank: Neidon Air
hbm:item.gas_full:127, Gas Tank: Tekto Air
hbm:item.gas_full:128, Gas Tank: Dross Air
hbm:item.gas_full:129, Gas Tank: Phosgene
hbm:item.gas_full:130, Gas Tank: Mustard Gas
hbm:item.gas_full:106, Gas Tank: Krypton Gas
hbm:item.gas_full:42, Gas Tank: Xenon Gas
hbm:item.gas_full:105, Gas Tank: Argon Gas
hbm:item.gas_full:104, Gas Tank: Neon Gas
hbm:item.gas_full:235, Gas Tank: Bloatmusk
hbm:item.gas_full:234, Gas Tank: Musty Bloatmusk
hbm:item.gas_full:237, Gas Tank: Hot Curdling Blood
hbm:item.gas_full:248, Gas Tank: Morningstar's Fire
hbm:item.gas_full:255, Gas Tank: Bloatspirit
hbm:item.fluid_tank_empty, Empty Universal Fluid Tank
hbm:item.fluid_tank_full:214, Universal Fluid Tank: Compressed Air
hbm:item.fluid_tank_full:217, Universal Fluid Tank: Hot Air Blast
hbm:item.fluid_tank_full:1, Universal Fluid Tank: Water
hbm:item.fluid_tank_full:62, Universal Fluid Tank: Heavy Water
hbm:item.fluid_tank_full:168, Universal Fluid Tank: Hot Heavy Water
hbm:item.fluid_tank_full:7, Universal Fluid Tank: Lava
hbm:item.fluid_tank_full:2, Universal Fluid Tank: Steam
hbm:item.fluid_tank_full:3, Universal Fluid Tank: Dense Steam
hbm:item.fluid_tank_full:4, Universal Fluid Tank: Super Dense Steam
hbm:item.fluid_tank_full:5, Universal Fluid Tank: Ultra Dense Steam
hbm:item.fluid_tank_full:57, Universal Fluid Tank: Carbon Dioxide
hbm:item.fluid_tank_full:6, Universal Fluid Tank: Coolant
hbm:item.fluid_tank_full:78, Universal Fluid Tank: Hot Coolant
hbm:item.fluid_tank_full:200, Universal Fluid Tank: Perfluoromethyl
hbm:item.fluid_tank_full:201, Universal Fluid Tank: Cold Perfluoromethyl
hbm:item.fluid_tank_full:202, Universal Fluid Tank: Hot Perfluoromethyl
hbm:item.fluid_tank_full:39, Universal Fluid Tank: Cryogel
hbm:item.fluid_tank_full:79, Universal Fluid Tank: Mug Root Beer
hbm:item.fluid_tank_full:80, Universal Fluid Tank: Hot Mug Root Beer
hbm:item.fluid_tank_full:85, Universal Fluid Tank: Blood
hbm:item.fluid_tank_full:89, Universal Fluid Tank: Blood Fuel
hbm:item.fluid_tank_full:91, Universal Fluid Tank: Hot Blood
hbm:item.fluid_tank_full:135, Universal Fluid Tank: Scutterblood
hbm:item.fluid_tank_full:169, Universal Fluid Tank: Liquid Sodium
hbm:item.fluid_tank_full:170, Universal Fluid Tank: Hot Liquid Sodium
hbm:item.fluid_tank_full:188, Universal Fluid Tank: Liquid Lead
hbm:item.fluid_tank_full:189, Universal Fluid Tank: Hot Liquid Lead
hbm:item.fluid_tank_full:171, Universal Fluid Tank: Liquid Thorium Salt
hbm:item.fluid_tank_full:172, Universal Fluid Tank: Hot Liquid Thorium Salt
hbm:item.fluid_tank_full:173, Universal Fluid Tank: Depleted Liquid Thorium Salt
hbm:item.fluid_tank_full:40, Universal Fluid Tank: Liquid Hydrogen
hbm:item.fluid_tank_full:8, Universal Fluid Tank: Deuterium
hbm:item.fluid_tank_full:9, Universal Fluid Tank: Tritium
hbm:item.fluid_tank_full:59, Universal Fluid Tank: Helium-3
hbm:item.fluid_tank_full:167, Universal Fluid Tank: Helium-4
hbm:item.fluid_tank_full:41, Universal Fluid Tank: Liquid Oxygen
hbm:item.fluid_tank_full:98, Universal Fluid Tank: Chlorine Gas
hbm:item.fluid_tank_full:126, Universal Fluid Tank: Fluorine
hbm:item.fluid_tank_full:44, Universal Fluid Tank: Mercury
hbm:item.fluid_tank_full:84, Universal Fluid Tank: Liquid Nitrogen
hbm:item.fluid_tank_full:10, Universal Fluid Tank: Crude Oil
hbm:item.fluid_tank_full:177, Universal Fluid Tank: Desulfurized Crude Oil
hbm:item.fluid_tank_full:63, Universal Fluid Tank: Cracked Oil
hbm:item.fluid_tank_full:179, Universal Fluid Tank: Desulfurized Cracked Oil
hbm:item.fluid_tank_full:64, Universal Fluid Tank: Coal Oil
hbm:item.fluid_tank_full:137, Universal Fluid Tank: Coker Oil
hbm:item.fluid_tank_full:11, Universal Fluid Tank: Hot Crude Oil
hbm:item.fluid_tank_full:178, Universal Fluid Tank: Desulfurized Hot Crude Oil
hbm:item.fluid_tank_full:65, Universal Fluid Tank: Hot Cracked Oil
hbm:item.fluid_tank_full:180, Universal Fluid Tank: Desulfurized Hot Cracked Oil
hbm:item.fluid_tank_full:12, Universal Fluid Tank: Heavy Oil
hbm:item.fluid_tank_full:99, Universal Fluid Tank: Vacuum Heavy Oil
hbm:item.fluid_tank_full:19, Universal Fluid Tank: Naphtha
hbm:item.fluid_tank_full:181, Universal Fluid Tank: Desulfurized Naphtha
hbm:item.fluid_tank_full:66, Universal Fluid Tank: Cracked Naphtha
hbm:item.fluid_tank_full:138, Universal Fluid Tank: Coker Naphtha
hbm:item.fluid_tank_full:100, Universal Fluid Tank: Reformate
hbm:item.fluid_tank_full:21, Universal Fluid Tank: Light Oil
hbm:item.fluid_tank_full:182, Universal Fluid Tank: Desulfurized Light Oil
hbm:item.fluid_tank_full:67, Universal Fluid Tank: Cracked Light Oil
hbm:item.fluid_tank_full:101, Universal Fluid Tank: Vacuum Light Oil
hbm:item.fluid_tank_full:13, Universal Fluid Tank: Bitumen
hbm:item.fluid_tank_full:14, Universal Fluid Tank: Industrial Oil
hbm:item.fluid_tank_full:15, Universal Fluid Tank: Heating Oil
hbm:item.fluid_tank_full:110, Universal Fluid Tank: Heavy Heating Oil
hbm:item.fluid_tank_full:16, Universal Fluid Tank: Reclaimed Industrial Oil
hbm:item.fluid_tank_full:18, Universal Fluid Tank: Engine Lubricant
hbm:item.fluid_tank_full:218, Universal Fluid Tank: Flue Gas
hbm:item.fluid_tank_full:23, Universal Fluid Tank: Natural Gas
hbm:item.fluid_tank_full:139, Universal Fluid Tank: Coker Gas
hbm:item.fluid_tank_full:24, Universal Fluid Tank: Petroleum Gas
hbm:item.fluid_tank_full:102, Universal Fluid Tank: Sour Gas
hbm:item.fluid_tank_full:25, Universal Fluid Tank: LPG
hbm:item.fluid_tank_full:95, Universal Fluid Tank: Syngas
hbm:item.fluid_tank_full:96, Universal Fluid Tank: Oxyhydrogen
hbm:item.fluid_tank_full:69, Universal Fluid Tank: Aromatic Hydrocarbons
hbm:item.fluid_tank_full:70, Universal Fluid Tank: Unsaturated Hydrocarbons
hbm:item.fluid_tank_full:103, Universal Fluid Tank: BTX
hbm:item.fluid_tank_full:114, Universal Fluid Tank: Reformate Gas
hbm:item.fluid_tank_full:20, Universal Fluid Tank: Diesel
hbm:item.fluid_tank_full:111, Universal Fluid Tank: High-Cetane Diesel
hbm:item.fluid_tank_full:68, Universal Fluid Tank: Cracked Diesel
hbm:item.fluid_tank_full:112, Universal Fluid Tank: High-Cetane Cracked Diesel
hbm:item.fluid_tank_full:22, Universal Fluid Tank: Kerosene
hbm:item.fluid_tank_full:113, Universal Fluid Tank: Jet Fuel
hbm:item.fluid_tank_full:17, Universal Fluid Tank: Petroil
hbm:item.fluid_tank_full:74, Universal Fluid Tank: Leaded Petroil
hbm:item.fluid_tank_full:48, Universal Fluid Tank: Gasoline
hbm:item.fluid_tank_full:75, Universal Fluid Tank: Leaded Gasoline
hbm:item.fluid_tank_full:49, Universal Fluid Tank: Coal Gasoline
hbm:item.fluid_tank_full:76, Universal Fluid Tank: Leaded Coal Gasoline
hbm:item.fluid_tank_full:82, Universal Fluid Tank: Coal Tar Creosote
hbm:item.fluid_tank_full:81, Universal Fluid Tank: Wood Oil
hbm:item.fluid_tank_full:26, Universal Fluid Tank: Biogas
hbm:item.fluid_tank_full:27, Universal Fluid Tank: Biofuel
hbm:item.fluid_tank_full:61, Universal Fluid Tank: Ethanol
hbm:item.fluid_tank_full:133, Universal Fluid Tank: N-MASS(III) Tetrahexaethanol
hbm:item.fluid_tank_full:143, Universal Fluid Tank: Fish Oil
hbm:item.fluid_tank_full:144, Universal Fluid Tank: Sunflower Seed Oil
hbm:item.fluid_tank_full:28, Universal Fluid Tank: NITAN© 100 Octane Super Fuel
hbm:item.fluid_tank_full:88, Universal Fluid Tank: Hydrazine
hbm:item.fluid_tank_full:213, Universal Fluid Tank: Deuterated Hydrocarbon
hbm:item.fluid_tank_full:43, Universal Fluid Tank: BF Rocket Fuel
hbm:item.fluid_tank_full:163, Universal Fluid Tank: Magma
hbm:item.fluid_tank_full:165, Universal Fluid Tank: Brine
hbm:item.fluid_tank_full:166, Universal Fluid Tank: Conglomera
hbm:item.fluid_tank_full:164, Universal Fluid Tank: Dicyanoacetylene
hbm:item.fluid_tank_full:199, Universal Fluid Tank: Halide Gas
hbm:item.fluid_tank_full:209, Universal Fluid Tank: Vinyl Chloride
hbm:item.fluid_tank_full:210, Universal Fluid Tank: Tektonic Crude
hbm:item.fluid_tank_full:211, Universal Fluid Tank: Chlorinated Benzenes
hbm:item.fluid_tank_full:212, Universal Fluid Tank: Light Halocarbons
hbm:item.fluid_tank_full:71, Universal Fluid Tank: Salient Green
hbm:item.fluid_tank_full:83, Universal Fluid Tank: Seeding Slurry
hbm:item.fluid_tank_full:118, Universal Fluid Tank: Colloid
hbm:item.fluid_tank_full:185, Universal Fluid Tank: Vitriol
hbm:item.fluid_tank_full:186, Universal Fluid Tank: Ore Slop
hbm:item.fluid_tank_full:227, Universal Fluid Tank: Nutrient Slop
hbm:item.fluid_tank_full:228, Universal Fluid Tank: Uncle Tam's Homemade Nutrient Slop
hbm:item.fluid_tank_full:131, Universal Fluid Tank: Ionic Gel
hbm:item.fluid_tank_full:37, Universal Fluid Tank: Hydrogen Peroxide
hbm:item.fluid_tank_full:77, Universal Fluid Tank: Sulfuric Acid
hbm:item.fluid_tank_full:123, Universal Fluid Tank: Alkyl Bromide
hbm:item.fluid_tank_full:191, Universal Fluid Tank: Uranium Bromide
hbm:item.fluid_tank_full:194, Universal Fluid Tank: Thorium Bromide
hbm:item.fluid_tank_full:192, Universal Fluid Tank: Aqueous Copper
hbm:item.fluid_tank_full:193, Universal Fluid Tank: Copper Sulfate
hbm:item.fluid_tank_full:215, Universal Fluid Tank: Lithium Hydroxide Aerosol
hbm:item.fluid_tank_full:216, Universal Fluid Tank: Lithium Bicarbonate Aerosol
hbm:item.fluid_tank_full:121, Universal Fluid Tank: Chloromethane
hbm:item.fluid_tank_full:122, Universal Fluid Tank: Methanol
hbm:item.fluid_tank_full:125, Universal Fluid Tank: Polyethylene
hbm:item.fluid_tank_full:124, Universal Fluid Tank: Chloroethane
hbm:item.fluid_tank_full:90, Universal Fluid Tank: Oxygen-Rich Air
hbm:item.fluid_tank_full:232, Universal Fluid Tank: Nether Air
hbm:item.fluid_tank_full:184, Universal Fluid Tank: Duna Air
hbm:item.fluid_tank_full:119, Universal Fluid Tank: Eve Air
hbm:item.fluid_tank_full:156, Universal Fluid Tank: Jool Air
hbm:item.fluid_tank_full:157, Universal Fluid Tank: Sarnus Air
hbm:item.fluid_tank_full:158, Universal Fluid Tank: Urlum Air
hbm:item.fluid_tank_full:159, Universal Fluid Tank: Neidon Air
hbm:item.fluid_tank_full:127, Universal Fluid Tank: Tekto Air
hbm:item.fluid_tank_full:128, Universal Fluid Tank: Dross Air
hbm:item.fluid_tank_full:86, Universal Fluid Tank: Nitric Acid
hbm:item.fluid_tank_full:93, Universal Fluid Tank: Hydrochloric Acid
hbm:item.fluid_tank_full:87, Universal Fluid Tank: Ammonia
hbm:item.fluid_tank_full:92, Universal Fluid Tank: Solvent
hbm:item.fluid_tank_full:97, Universal Fluid Tank: High-Performance Solvent
hbm:item.fluid_tank_full:136, Universal Fluid Tank: Pertechnetic Acid
hbm:item.fluid_tank_full:120, Universal Fluid Tank: Potassium Permanganate Solution
hbm:item.fluid_tank_full:34, Universal Fluid Tank: Schrabidic Acid
hbm:item.fluid_tank_full:29, Universal Fluid Tank: Uranium Hexafluoride
hbm:item.fluid_tank_full:30, Universal Fluid Tank: Plutonium Hexafluoride
hbm:item.fluid_tank_full:31, Universal Fluid Tank: Human Blood
hbm:item.fluid_tank_full:32, Universal Fluid Tank: Antiserum
hbm:item.fluid_tank_full:33, Universal Fluid Tank: Schrabidium Trisulfide
hbm:item.fluid_tank_full:45, Universal Fluid Tank: Pandemonium(III)tantalite Solution
hbm:item.fluid_tank_full:38, Universal Fluid Tank: Poisonous Mud
hbm:item.fluid_tank_full:174, Universal Fluid Tank: Fullerene Solution
hbm:item.fluid_tank_full:140, Universal Fluid Tank: Dissolved Egg
hbm:item.fluid_tank_full:141, Universal Fluid Tank: Cholesterol Solution
hbm:item.fluid_tank_full:204, Universal Fluid Tank: Sodium Aluminate
hbm:item.fluid_tank_full:205, Universal Fluid Tank: Bauxite Solution
hbm:item.fluid_tank_full:206, Universal Fluid Tank: Alumina
hbm:item.fluid_tank_full:207, Universal Fluid Tank: Aqueous Nickel
hbm:item.fluid_tank_full:208, Universal Fluid Tank: Liquid Concrete
hbm:item.fluid_tank_full:51, Universal Fluid Tank: Fracking Solution
hbm:item.fluid_tank_full:203, Universal Fluid Tank: Lye
hbm:item.fluid_tank_full:129, Universal Fluid Tank: Phosgene
hbm:item.fluid_tank_full:130, Universal Fluid Tank: Mustard Gas
hbm:item.fluid_tank_full:142, Universal Fluid Tank: Estradiol Solution
hbm:item.fluid_tank_full:145, Universal Fluid Tank: Nitroglycerin
hbm:item.fluid_tank_full:35, Universal Fluid Tank: Antimatter
hbm:item.fluid_tank_full:36, Universal Fluid Tank: Antischrabidium
hbm:item.fluid_tank_full:72, Universal Fluid Tank: Experience Juice
hbm:item.fluid_tank_full:73, Universal Fluid Tank: Ender Juice
hbm:item.fluid_tank_full:94, Universal Fluid Tank: Mineral Slurry
hbm:item.fluid_tank_full:134, Universal Fluid Tank: N-MASS(II) Driver Fuel
hbm:item.fluid_tank_full:183, Universal Fluid Tank: Stellar Flux
hbm:item.fluid_tank_full:106, Universal Fluid Tank: Krypton Gas
hbm:item.fluid_tank_full:42, Universal Fluid Tank: Xenon Gas
hbm:item.fluid_tank_full:105, Universal Fluid Tank: Argon Gas
hbm:item.fluid_tank_full:104, Universal Fluid Tank: Neon Gas
hbm:item.fluid_tank_full:219, Universal Fluid Tank: Stimpak
hbm:item.fluid_tank_full:220, Universal Fluid Tank: Super Stimpak
hbm:item.fluid_tank_full:221, Universal Fluid Tank: Med-X
hbm:item.fluid_tank_full:222, Universal Fluid Tank: Psycho
hbm:item.fluid_tank_full:235, Universal Fluid Tank: Bloatmusk
hbm:item.fluid_tank_full:234, Universal Fluid Tank: Musty Bloatmusk
hbm:item.fluid_tank_full:233, Universal Fluid Tank: Flaming Bloatmusk
hbm:item.fluid_tank_full:236, Universal Fluid Tank: Musky Pheromone
hbm:item.fluid_tank_full:239, Universal Fluid Tank: Satan's Blood
hbm:item.fluid_tank_full:238, Universal Fluid Tank: Curdling Blood
hbm:item.fluid_tank_full:237, Universal Fluid Tank: Hot Curdling Blood
hbm:item.fluid_tank_full:240, Universal Fluid Tank: Wormwood
hbm:item.fluid_tank_full:241, Universal Fluid Tank: Brimstone
hbm:item.fluid_tank_full:242, Universal Fluid Tank: Verdigris
hbm:item.fluid_tank_full:243, Universal Fluid Tank: Gall
hbm:item.fluid_tank_full:244, Universal Fluid Tank: Brimtumen
hbm:item.fluid_tank_full:245, Universal Fluid Tank: Blood of the Martyr
hbm:item.fluid_tank_full:246, Universal Fluid Tank: Haemoglobin
hbm:item.fluid_tank_full:247, Universal Fluid Tank: Ambrosia
hbm:item.fluid_tank_full:248, Universal Fluid Tank: Morningstar's Fire
hbm:item.fluid_tank_full:249, Universal Fluid Tank: Heparin
hbm:item.fluid_tank_full:250, Universal Fluid Tank: Chevreul's Salt
hbm:item.fluid_tank_full:251, Universal Fluid Tank: Dialysate
hbm:item.fluid_tank_full:252, Universal Fluid Tank: Dew of the Garden
hbm:item.fluid_tank_full:253, Universal Fluid Tank: Argent Bloatpus
hbm:item.fluid_tank_full:254, Universal Fluid Tank: Bloatpus
hbm:item.fluid_tank_full:255, Universal Fluid Tank: Bloatspirit
hbm:item.fluid_tank_full:223, Universal Fluid Tank: AWESOME
hbm:item.fluid_tank_full:224, Universal Fluid Tank: Antidote
hbm:item.fluid_tank_full:225, Universal Fluid Tank: RadAway
hbm:item.fluid_tank_full:226, Universal Fluid Tank: Poison
hbm:item.fluid_tank_full:229, Universal Fluid Tank: Titanium Tetrachloride
hbm:item.fluid_tank_full:230, Universal Fluid Tank: Heavy Sand Slop
hbm:item.fluid_tank_full:231, Universal Fluid Tank: Monazite Slop
hbm:item.fluid_tank_full:108, Universal Fluid Tank: Tea
hbm:item.fluid_tank_full:109, Universal Fluid Tank: Honey
hbm:item.fluid_tank_full:107, Universal Fluid Tank: Coffee
hbm:item.fluid_tank_full:115, Universal Fluid Tank: Milk
hbm:item.fluid_tank_full:116, Universal Fluid Tank: Strawberry Milk
hbm:item.fluid_tank_full:117, Universal Fluid Tank: Carbon Tetrachloride
hbm:item.fluid_tank_full:132, Universal Fluid Tank: Elbow Grease
hbm:item.fluid_tank_full:160, Universal Fluid Tank: Evaporated Milk
hbm:item.fluid_tank_full:161, Universal Fluid Tank: Condensed Milk
hbm:item.fluid_tank_full:162, Universal Fluid Tank: Heavy Whipping Cream
hbm:item.fluid_tank_full:175, Universal Fluid Tank: Booster Pheromone
hbm:item.fluid_tank_full:176, Universal Fluid Tank: Modified Booster Pheromone
hbm:item.fluid_tank_full:256, Universal Fluid Tank: Piss
hbm:item.fluid_tank_full:257, Universal Fluid Tank: Boiling Piss
hbm:item.fluid_tank_full:258, Universal Fluid Tank: Decomposed Piss
hbm:item.fluid_tank_full:259, Universal Fluid Tank: Natural Concrete
hbm:item.fluid_tank_full:260, Universal Fluid Tank: Buurmium-Rich Liquid Concrete
hbm:item.fluid_tank_full:261, Universal Fluid Tank: Liquid Concrete with Scrap
hbm:item.fluid_tank_full:262, Universal Fluid Tank: Buurmic Acid
hbm:item.fluid_tank_full:263, Universal Fluid Tank: Diluted Buurmic Acid
hbm:item.fluid_tank_full:264, Universal Fluid Tank: Light Buurmium Solution
hbm:item.fluid_tank_full:1000, Universal Fluid Tank: Custom Fluid Demo
hbm:item.fluid_tank_lead_empty, Empty Hazardous Material Tank
hbm:item.fluid_tank_lead_full:214, Hazardous Material Tank: Compressed Air
hbm:item.fluid_tank_lead_full:217, Hazardous Material Tank: Hot Air Blast
hbm:item.fluid_tank_lead_full:1, Hazardous Material Tank: Water
hbm:item.fluid_tank_lead_full:62, Hazardous Material Tank: Heavy Water
hbm:item.fluid_tank_lead_full:168, Hazardous Material Tank: Hot Heavy Water
hbm:item.fluid_tank_lead_full:7, Hazardous Material Tank: Lava
hbm:item.fluid_tank_lead_full:2, Hazardous Material Tank: Steam
hbm:item.fluid_tank_lead_full:3, Hazardous Material Tank: Dense Steam
hbm:item.fluid_tank_lead_full:4, Hazardous Material Tank: Super Dense Steam
hbm:item.fluid_tank_lead_full:5, Hazardous Material Tank: Ultra Dense Steam
hbm:item.fluid_tank_lead_full:57, Hazardous Material Tank: Carbon Dioxide
hbm:item.fluid_tank_lead_full:6, Hazardous Material Tank: Coolant
hbm:item.fluid_tank_lead_full:78, Hazardous Material Tank: Hot Coolant
hbm:item.fluid_tank_lead_full:200, Hazardous Material Tank: Perfluoromethyl
hbm:item.fluid_tank_lead_full:201, Hazardous Material Tank: Cold Perfluoromethyl
hbm:item.fluid_tank_lead_full:202, Hazardous Material Tank: Hot Perfluoromethyl
hbm:item.fluid_tank_lead_full:39, Hazardous Material Tank: Cryogel
hbm:item.fluid_tank_lead_full:79, Hazardous Material Tank: Mug Root Beer
hbm:item.fluid_tank_lead_full:80, Hazardous Material Tank: Hot Mug Root Beer
hbm:item.fluid_tank_lead_full:85, Hazardous Material Tank: Blood
hbm:item.fluid_tank_lead_full:89, Hazardous Material Tank: Blood Fuel
hbm:item.fluid_tank_lead_full:91, Hazardous Material Tank: Hot Blood
hbm:item.fluid_tank_lead_full:135, Hazardous Material Tank: Scutterblood
hbm:item.fluid_tank_lead_full:169, Hazardous Material Tank: Liquid Sodium
hbm:item.fluid_tank_lead_full:170, Hazardous Material Tank: Hot Liquid Sodium
hbm:item.fluid_tank_lead_full:188, Hazardous Material Tank: Liquid Lead
hbm:item.fluid_tank_lead_full:189, Hazardous Material Tank: Hot Liquid Lead
hbm:item.fluid_tank_lead_full:171, Hazardous Material Tank: Liquid Thorium Salt
hbm:item.fluid_tank_lead_full:172, Hazardous Material Tank: Hot Liquid Thorium Salt
hbm:item.fluid_tank_lead_full:173, Hazardous Material Tank: Depleted Liquid Thorium Salt
hbm:item.fluid_tank_lead_full:40, Hazardous Material Tank: Liquid Hydrogen
hbm:item.fluid_tank_lead_full:8, Hazardous Material Tank: Deuterium
hbm:item.fluid_tank_lead_full:9, Hazardous Material Tank: Tritium
hbm:item.fluid_tank_lead_full:59, Hazardous Material Tank: Helium-3
hbm:item.fluid_tank_lead_full:167, Hazardous Material Tank: Helium-4
hbm:item.fluid_tank_lead_full:41, Hazardous Material Tank: Liquid Oxygen
hbm:item.fluid_tank_lead_full:98, Hazardous Material Tank: Chlorine Gas
hbm:item.fluid_tank_lead_full:126, Hazardous Material Tank: Fluorine
hbm:item.fluid_tank_lead_full:44, Hazardous Material Tank: Mercury
hbm:item.fluid_tank_lead_full:84, Hazardous Material Tank: Liquid Nitrogen
hbm:item.fluid_tank_lead_full:10, Hazardous Material Tank: Crude Oil
hbm:item.fluid_tank_lead_full:177, Hazardous Material Tank: Desulfurized Crude Oil
hbm:item.fluid_tank_lead_full:63, Hazardous Material Tank: Cracked Oil
hbm:item.fluid_tank_lead_full:179, Hazardous Material Tank: Desulfurized Cracked Oil
hbm:item.fluid_tank_lead_full:64, Hazardous Material Tank: Coal Oil
hbm:item.fluid_tank_lead_full:137, Hazardous Material Tank: Coker Oil
hbm:item.fluid_tank_lead_full:11, Hazardous Material Tank: Hot Crude Oil
hbm:item.fluid_tank_lead_full:178, Hazardous Material Tank: Desulfurized Hot Crude Oil
hbm:item.fluid_tank_lead_full:65, Hazardous Material Tank: Hot Cracked Oil
hbm:item.fluid_tank_lead_full:180, Hazardous Material Tank: Desulfurized Hot Cracked Oil
hbm:item.fluid_tank_lead_full:12, Hazardous Material Tank: Heavy Oil
hbm:item.fluid_tank_lead_full:99, Hazardous Material Tank: Vacuum Heavy Oil
hbm:item.fluid_tank_lead_full:19, Hazardous Material Tank: Naphtha
hbm:item.fluid_tank_lead_full:181, Hazardous Material Tank: Desulfurized Naphtha
hbm:item.fluid_tank_lead_full:66, Hazardous Material Tank: Cracked Naphtha
hbm:item.fluid_tank_lead_full:138, Hazardous Material Tank: Coker Naphtha
hbm:item.fluid_tank_lead_full:100, Hazardous Material Tank: Reformate
hbm:item.fluid_tank_lead_full:21, Hazardous Material Tank: Light Oil
hbm:item.fluid_tank_lead_full:182, Hazardous Material Tank: Desulfurized Light Oil
hbm:item.fluid_tank_lead_full:67, Hazardous Material Tank: Cracked Light Oil
hbm:item.fluid_tank_lead_full:101, Hazardous Material Tank: Vacuum Light Oil
hbm:item.fluid_tank_lead_full:13, Hazardous Material Tank: Bitumen
hbm:item.fluid_tank_lead_full:14, Hazardous Material Tank: Industrial Oil
hbm:item.fluid_tank_lead_full:15, Hazardous Material Tank: Heating Oil
hbm:item.fluid_tank_lead_full:110, Hazardous Material Tank: Heavy Heating Oil
hbm:item.fluid_tank_lead_full:16, Hazardous Material Tank: Reclaimed Industrial Oil
hbm:item.fluid_tank_lead_full:18, Hazardous Material Tank: Engine Lubricant
hbm:item.fluid_tank_lead_full:218, Hazardous Material Tank: Flue Gas
hbm:item.fluid_tank_lead_full:23, Hazardous Material Tank: Natural Gas
hbm:item.fluid_tank_lead_full:139, Hazardous Material Tank: Coker Gas
hbm:item.fluid_tank_lead_full:24, Hazardous Material Tank: Petroleum Gas
hbm:item.fluid_tank_lead_full:102, Hazardous Material Tank: Sour Gas
hbm:item.fluid_tank_lead_full:25, Hazardous Material Tank: LPG
hbm:item.fluid_tank_lead_full:95, Hazardous Material Tank: Syngas
hbm:item.fluid_tank_lead_full:96, Hazardous Material Tank: Oxyhydrogen
hbm:item.fluid_tank_lead_full:69, Hazardous Material Tank: Aromatic Hydrocarbons
hbm:item.fluid_tank_lead_full:70, Hazardous Material Tank: Unsaturated Hydrocarbons
hbm:item.fluid_tank_lead_full:103, Hazardous Material Tank: BTX
hbm:item.fluid_tank_lead_full:114, Hazardous Material Tank: Reformate Gas
hbm:item.fluid_tank_lead_full:20, Hazardous Material Tank: Diesel
hbm:item.fluid_tank_lead_full:111, Hazardous Material Tank: High-Cetane Diesel
hbm:item.fluid_tank_lead_full:68, Hazardous Material Tank: Cracked Diesel
hbm:item.fluid_tank_lead_full:112, Hazardous Material Tank: High-Cetane Cracked Diesel
hbm:item.fluid_tank_lead_full:22, Hazardous Material Tank: Kerosene
hbm:item.fluid_tank_lead_full:113, Hazardous Material Tank: Jet Fuel
hbm:item.fluid_tank_lead_full:17, Hazardous Material Tank: Petroil
hbm:item.fluid_tank_lead_full:74, Hazardous Material Tank: Leaded Petroil
hbm:item.fluid_tank_lead_full:48, Hazardous Material Tank: Gasoline
hbm:item.fluid_tank_lead_full:75, Hazardous Material Tank: Leaded Gasoline
hbm:item.fluid_tank_lead_full:49, Hazardous Material Tank: Coal Gasoline
hbm:item.fluid_tank_lead_full:76, Hazardous Material Tank: Leaded Coal Gasoline
hbm:item.fluid_tank_lead_full:82, Hazardous Material Tank: Coal Tar Creosote
hbm:item.fluid_tank_lead_full:81, Hazardous Material Tank: Wood Oil
hbm:item.fluid_tank_lead_full:26, Hazardous Material Tank: Biogas
hbm:item.fluid_tank_lead_full:27, Hazardous Material Tank: Biofuel
hbm:item.fluid_tank_lead_full:61, Hazardous Material Tank: Ethanol
hbm:item.fluid_tank_lead_full:133, Hazardous Material Tank: N-MASS(III) Tetrahexaethanol
hbm:item.fluid_tank_lead_full:143, Hazardous Material Tank: Fish Oil
hbm:item.fluid_tank_lead_full:144, Hazardous Material Tank: Sunflower Seed Oil
hbm:item.fluid_tank_lead_full:28, Hazardous Material Tank: NITAN© 100 Octane Super Fuel
hbm:item.fluid_tank_lead_full:88, Hazardous Material Tank: Hydrazine
hbm:item.fluid_tank_lead_full:213, Hazardous Material Tank: Deuterated Hydrocarbon
hbm:item.fluid_tank_lead_full:43, Hazardous Material Tank: BF Rocket Fuel
hbm:item.fluid_tank_lead_full:163, Hazardous Material Tank: Magma
hbm:item.fluid_tank_lead_full:165, Hazardous Material Tank: Brine
hbm:item.fluid_tank_lead_full:166, Hazardous Material Tank: Conglomera
hbm:item.fluid_tank_lead_full:164, Hazardous Material Tank: Dicyanoacetylene
hbm:item.fluid_tank_lead_full:199, Hazardous Material Tank: Halide Gas
hbm:item.fluid_tank_lead_full:209, Hazardous Material Tank: Vinyl Chloride
hbm:item.fluid_tank_lead_full:210, Hazardous Material Tank: Tektonic Crude
hbm:item.fluid_tank_lead_full:211, Hazardous Material Tank: Chlorinated Benzenes
hbm:item.fluid_tank_lead_full:212, Hazardous Material Tank: Light Halocarbons
hbm:item.fluid_tank_lead_full:71, Hazardous Material Tank: Salient Green
hbm:item.fluid_tank_lead_full:83, Hazardous Material Tank: Seeding Slurry
hbm:item.fluid_tank_lead_full:118, Hazardous Material Tank: Colloid
hbm:item.fluid_tank_lead_full:185, Hazardous Material Tank: Vitriol
hbm:item.fluid_tank_lead_full:186, Hazardous Material Tank: Ore Slop
hbm:item.fluid_tank_lead_full:227, Hazardous Material Tank: Nutrient Slop
hbm:item.fluid_tank_lead_full:228, Hazardous Material Tank: Uncle Tam's Homemade Nutrient Slop
hbm:item.fluid_tank_lead_full:131, Hazardous Material Tank: Ionic Gel
hbm:item.fluid_tank_lead_full:37, Hazardous Material Tank: Hydrogen Peroxide
hbm:item.fluid_tank_lead_full:77, Hazardous Material Tank: Sulfuric Acid
hbm:item.fluid_tank_lead_full:123, Hazardous Material Tank: Alkyl Bromide
hbm:item.fluid_tank_lead_full:191, Hazardous Material Tank: Uranium Bromide
hbm:item.fluid_tank_lead_full:194, Hazardous Material Tank: Thorium Bromide
hbm:item.fluid_tank_lead_full:192, Hazardous Material Tank: Aqueous Copper
hbm:item.fluid_tank_lead_full:193, Hazardous Material Tank: Copper Sulfate
hbm:item.fluid_tank_lead_full:215, Hazardous Material Tank: Lithium Hydroxide Aerosol
hbm:item.fluid_tank_lead_full:216, Hazardous Material Tank: Lithium Bicarbonate Aerosol
hbm:item.fluid_tank_lead_full:121, Hazardous Material Tank: Chloromethane
hbm:item.fluid_tank_lead_full:122, Hazardous Material Tank: Methanol
hbm:item.fluid_tank_lead_full:125, Hazardous Material Tank: Polyethylene
hbm:item.fluid_tank_lead_full:124, Hazardous Material Tank: Chloroethane
hbm:item.fluid_tank_lead_full:90, Hazardous Material Tank: Oxygen-Rich Air
hbm:item.fluid_tank_lead_full:232, Hazardous Material Tank: Nether Air
hbm:item.fluid_tank_lead_full:184, Hazardous Material Tank: Duna Air
hbm:item.fluid_tank_lead_full:119, Hazardous Material Tank: Eve Air
hbm:item.fluid_tank_lead_full:156, Hazardous Material Tank: Jool Air
hbm:item.fluid_tank_lead_full:157, Hazardous Material Tank: Sarnus Air
hbm:item.fluid_tank_lead_full:158, Hazardous Material Tank: Urlum Air
hbm:item.fluid_tank_lead_full:159, Hazardous Material Tank: Neidon Air
hbm:item.fluid_tank_lead_full:127, Hazardous Material Tank: Tekto Air
hbm:item.fluid_tank_lead_full:128, Hazardous Material Tank: Dross Air
hbm:item.fluid_tank_lead_full:86, Hazardous Material Tank: Nitric Acid
hbm:item.fluid_tank_lead_full:93, Hazardous Material Tank: Hydrochloric Acid
hbm:item.fluid_tank_lead_full:87, Hazardous Material Tank: Ammonia
hbm:item.fluid_tank_lead_full:92, Hazardous Material Tank: Solvent
hbm:item.fluid_tank_lead_full:97, Hazardous Material Tank: High-Performance Solvent
hbm:item.fluid_tank_lead_full:136, Hazardous Material Tank: Pertechnetic Acid
hbm:item.fluid_tank_lead_full:120, Hazardous Material Tank: Potassium Permanganate Solution
hbm:item.fluid_tank_lead_full:34, Hazardous Material Tank: Schrabidic Acid
hbm:item.fluid_tank_lead_full:29, Hazardous Material Tank: Uranium Hexafluoride
hbm:item.fluid_tank_lead_full:30, Hazardous Material Tank: Plutonium Hexafluoride
hbm:item.fluid_tank_lead_full:31, Hazardous Material Tank: Human Blood
hbm:item.fluid_tank_lead_full:32, Hazardous Material Tank: Antiserum
hbm:item.fluid_tank_lead_full:33, Hazardous Material Tank: Schrabidium Trisulfide
hbm:item.fluid_tank_lead_full:45, Hazardous Material Tank: Pandemonium(III)tantalite Solution
hbm:item.fluid_tank_lead_full:60, Hazardous Material Tank: Osmiridic Solution
hbm:item.fluid_tank_lead_full:38, Hazardous Material Tank: Poisonous Mud
hbm:item.fluid_tank_lead_full:146, Hazardous Material Tank: Red Mud
hbm:item.fluid_tank_lead_full:174, Hazardous Material Tank: Fullerene Solution
hbm:item.fluid_tank_lead_full:140, Hazardous Material Tank: Dissolved Egg
hbm:item.fluid_tank_lead_full:141, Hazardous Material Tank: Cholesterol Solution
hbm:item.fluid_tank_lead_full:204, Hazardous Material Tank: Sodium Aluminate
hbm:item.fluid_tank_lead_full:205, Hazardous Material Tank: Bauxite Solution
hbm:item.fluid_tank_lead_full:206, Hazardous Material Tank: Alumina
hbm:item.fluid_tank_lead_full:207, Hazardous Material Tank: Aqueous Nickel
hbm:item.fluid_tank_lead_full:208, Hazardous Material Tank: Liquid Concrete
hbm:item.fluid_tank_lead_full:51, Hazardous Material Tank: Fracking Solution
hbm:item.fluid_tank_lead_full:203, Hazardous Material Tank: Lye
hbm:item.fluid_tank_lead_full:129, Hazardous Material Tank: Phosgene
hbm:item.fluid_tank_lead_full:130, Hazardous Material Tank: Mustard Gas
hbm:item.fluid_tank_lead_full:142, Hazardous Material Tank: Estradiol Solution
hbm:item.fluid_tank_lead_full:145, Hazardous Material Tank: Nitroglycerin
hbm:item.fluid_tank_lead_full:35, Hazardous Material Tank: Antimatter
hbm:item.fluid_tank_lead_full:36, Hazardous Material Tank: Antischrabidium
hbm:item.fluid_tank_lead_full:72, Hazardous Material Tank: Experience Juice
hbm:item.fluid_tank_lead_full:73, Hazardous Material Tank: Ender Juice
hbm:item.fluid_tank_lead_full:94, Hazardous Material Tank: Mineral Slurry
hbm:item.fluid_tank_lead_full:134, Hazardous Material Tank: N-MASS(II) Driver Fuel
hbm:item.fluid_tank_lead_full:183, Hazardous Material Tank: Stellar Flux
hbm:item.fluid_tank_lead_full:106, Hazardous Material Tank: Krypton Gas
hbm:item.fluid_tank_lead_full:42, Hazardous Material Tank: Xenon Gas
hbm:item.fluid_tank_lead_full:105, Hazardous Material Tank: Argon Gas
hbm:item.fluid_tank_lead_full:104, Hazardous Material Tank: Neon Gas
hbm:item.fluid_tank_lead_full:219, Hazardous Material Tank: Stimpak
hbm:item.fluid_tank_lead_full:220, Hazardous Material Tank: Super Stimpak
hbm:item.fluid_tank_lead_full:221, Hazardous Material Tank: Med-X
hbm:item.fluid_tank_lead_full:222, Hazardous Material Tank: Psycho
hbm:item.fluid_tank_lead_full:235, Hazardous Material Tank: Bloatmusk
hbm:item.fluid_tank_lead_full:234, Hazardous Material Tank: Musty Bloatmusk
hbm:item.fluid_tank_lead_full:233, Hazardous Material Tank: Flaming Bloatmusk
hbm:item.fluid_tank_lead_full:236, Hazardous Material Tank: Musky Pheromone
hbm:item.fluid_tank_lead_full:239, Hazardous Material Tank: Satan's Blood
hbm:item.fluid_tank_lead_full:238, Hazardous Material Tank: Curdling Blood
hbm:item.fluid_tank_lead_full:237, Hazardous Material Tank: Hot Curdling Blood
hbm:item.fluid_tank_lead_full:240, Hazardous Material Tank: Wormwood
hbm:item.fluid_tank_lead_full:241, Hazardous Material Tank: Brimstone
hbm:item.fluid_tank_lead_full:242, Hazardous Material Tank: Verdigris
hbm:item.fluid_tank_lead_full:243, Hazardous Material Tank: Gall
hbm:item.fluid_tank_lead_full:244, Hazardous Material Tank: Brimtumen
hbm:item.fluid_tank_lead_full:245, Hazardous Material Tank: Blood of the Martyr
hbm:item.fluid_tank_lead_full:246, Hazardous Material Tank: Haemoglobin
hbm:item.fluid_tank_lead_full:247, Hazardous Material Tank: Ambrosia
hbm:item.fluid_tank_lead_full:248, Hazardous Material Tank: Morningstar's Fire
hbm:item.fluid_tank_lead_full:249, Hazardous Material Tank: Heparin
hbm:item.fluid_tank_lead_full:250, Hazardous Material Tank: Chevreul's Salt
hbm:item.fluid_tank_lead_full:251, Hazardous Material Tank: Dialysate
hbm:item.fluid_tank_lead_full:252, Hazardous Material Tank: Dew of the Garden
hbm:item.fluid_tank_lead_full:253, Hazardous Material Tank: Argent Bloatpus
hbm:item.fluid_tank_lead_full:254, Hazardous Material Tank: Bloatpus
hbm:item.fluid_tank_lead_full:255, Hazardous Material Tank: Bloatspirit
hbm:item.fluid_tank_lead_full:223, Hazardous Material Tank: AWESOME
hbm:item.fluid_tank_lead_full:224, Hazardous Material Tank: Antidote
hbm:item.fluid_tank_lead_full:225, Hazardous Material Tank: RadAway
hbm:item.fluid_tank_lead_full:226, Hazardous Material Tank: Poison
hbm:item.fluid_tank_lead_full:229, Hazardous Material Tank: Titanium Tetrachloride
hbm:item.fluid_tank_lead_full:230, Hazardous Material Tank: Heavy Sand Slop
hbm:item.fluid_tank_lead_full:231, Hazardous Material Tank: Monazite Slop
hbm:item.fluid_tank_lead_full:108, Hazardous Material Tank: Tea
hbm:item.fluid_tank_lead_full:109, Hazardous Material Tank: Honey
hbm:item.fluid_tank_lead_full:107, Hazardous Material Tank: Coffee
hbm:item.fluid_tank_lead_full:115, Hazardous Material Tank: Milk
hbm:item.fluid_tank_lead_full:116, Hazardous Material Tank: Strawberry Milk
hbm:item.fluid_tank_lead_full:117, Hazardous Material Tank: Carbon Tetrachloride
hbm:item.fluid_tank_lead_full:132, Hazardous Material Tank: Elbow Grease
hbm:item.fluid_tank_lead_full:160, Hazardous Material Tank: Evaporated Milk
hbm:item.fluid_tank_lead_full:161, Hazardous Material Tank: Condensed Milk
hbm:item.fluid_tank_lead_full:162, Hazardous Material Tank: Heavy Whipping Cream
hbm:item.fluid_tank_lead_full:175, Hazardous Material Tank: Booster Pheromone
hbm:item.fluid_tank_lead_full:176, Hazardous Material Tank: Modified Booster Pheromone
hbm:item.fluid_tank_lead_full:256, Hazardous Material Tank: Piss
hbm:item.fluid_tank_lead_full:257, Hazardous Material Tank: Boiling Piss
hbm:item.fluid_tank_lead_full:258, Hazardous Material Tank: Decomposed Piss
hbm:item.fluid_tank_lead_full:259, Hazardous Material Tank: Natural Concrete
hbm:item.fluid_tank_lead_full:260, Hazardous Material Tank: Buurmium-Rich Liquid Concrete
hbm:item.fluid_tank_lead_full:261, Hazardous Material Tank: Liquid Concrete with Scrap
hbm:item.fluid_tank_lead_full:262, Hazardous Material Tank: Buurmic Acid
hbm:item.fluid_tank_lead_full:263, Hazardous Material Tank: Diluted Buurmic Acid
hbm:item.fluid_tank_lead_full:264, Hazardous Material Tank: Light Buurmium Solution
hbm:item.fluid_tank_lead_full:1000, Hazardous Material Tank: Custom Fluid Demo
hbm:item.fluid_barrel_empty, Empty Fluid Barrel
hbm:item.fluid_barrel_full:214, Fluid Barrel: Compressed Air
hbm:item.fluid_barrel_full:217, Fluid Barrel: Hot Air Blast
hbm:item.fluid_barrel_full:1, Fluid Barrel: Water
hbm:item.fluid_barrel_full:62, Fluid Barrel: Heavy Water
hbm:item.fluid_barrel_full:168, Fluid Barrel: Hot Heavy Water
hbm:item.fluid_barrel_full:7, Fluid Barrel: Lava
hbm:item.fluid_barrel_full:2, Fluid Barrel: Steam
hbm:item.fluid_barrel_full:3, Fluid Barrel: Dense Steam
hbm:item.fluid_barrel_full:4, Fluid Barrel: Super Dense Steam
hbm:item.fluid_barrel_full:5, Fluid Barrel: Ultra Dense Steam
hbm:item.fluid_barrel_full:57, Fluid Barrel: Carbon Dioxide
hbm:item.fluid_barrel_full:6, Fluid Barrel: Coolant
hbm:item.fluid_barrel_full:78, Fluid Barrel: Hot Coolant
hbm:item.fluid_barrel_full:200, Fluid Barrel: Perfluoromethyl
hbm:item.fluid_barrel_full:201, Fluid Barrel: Cold Perfluoromethyl
hbm:item.fluid_barrel_full:202, Fluid Barrel: Hot Perfluoromethyl
hbm:item.fluid_barrel_full:39, Fluid Barrel: Cryogel
hbm:item.fluid_barrel_full:79, Fluid Barrel: Mug Root Beer
hbm:item.fluid_barrel_full:80, Fluid Barrel: Hot Mug Root Beer
hbm:item.fluid_barrel_full:85, Fluid Barrel: Blood
hbm:item.fluid_barrel_full:89, Fluid Barrel: Blood Fuel
hbm:item.fluid_barrel_full:91, Fluid Barrel: Hot Blood
hbm:item.fluid_barrel_full:135, Fluid Barrel: Scutterblood
hbm:item.fluid_barrel_full:169, Fluid Barrel: Liquid Sodium
hbm:item.fluid_barrel_full:170, Fluid Barrel: Hot Liquid Sodium
hbm:item.fluid_barrel_full:188, Fluid Barrel: Liquid Lead
hbm:item.fluid_barrel_full:189, Fluid Barrel: Hot Liquid Lead
hbm:item.fluid_barrel_full:171, Fluid Barrel: Liquid Thorium Salt
hbm:item.fluid_barrel_full:172, Fluid Barrel: Hot Liquid Thorium Salt
hbm:item.fluid_barrel_full:173, Fluid Barrel: Depleted Liquid Thorium Salt
hbm:item.fluid_barrel_full:40, Fluid Barrel: Liquid Hydrogen
hbm:item.fluid_barrel_full:8, Fluid Barrel: Deuterium
hbm:item.fluid_barrel_full:9, Fluid Barrel: Tritium
hbm:item.fluid_barrel_full:59, Fluid Barrel: Helium-3
hbm:item.fluid_barrel_full:167, Fluid Barrel: Helium-4
hbm:item.fluid_barrel_full:41, Fluid Barrel: Liquid Oxygen
hbm:item.fluid_barrel_full:98, Fluid Barrel: Chlorine Gas
hbm:item.fluid_barrel_full:126, Fluid Barrel: Fluorine
hbm:item.fluid_barrel_full:44, Fluid Barrel: Mercury
hbm:item.fluid_barrel_full:84, Fluid Barrel: Liquid Nitrogen
hbm:item.fluid_barrel_full:10, Fluid Barrel: Crude Oil
hbm:item.fluid_barrel_full:177, Fluid Barrel: Desulfurized Crude Oil
hbm:item.fluid_barrel_full:63, Fluid Barrel: Cracked Oil
hbm:item.fluid_barrel_full:179, Fluid Barrel: Desulfurized Cracked Oil
hbm:item.fluid_barrel_full:64, Fluid Barrel: Coal Oil
hbm:item.fluid_barrel_full:137, Fluid Barrel: Coker Oil
hbm:item.fluid_barrel_full:11, Fluid Barrel: Hot Crude Oil
hbm:item.fluid_barrel_full:178, Fluid Barrel: Desulfurized Hot Crude Oil
hbm:item.fluid_barrel_full:65, Fluid Barrel: Hot Cracked Oil
hbm:item.fluid_barrel_full:180, Fluid Barrel: Desulfurized Hot Cracked Oil
hbm:item.fluid_barrel_full:12, Fluid Barrel: Heavy Oil
hbm:item.fluid_barrel_full:99, Fluid Barrel: Vacuum Heavy Oil
hbm:item.fluid_barrel_full:19, Fluid Barrel: Naphtha
hbm:item.fluid_barrel_full:181, Fluid Barrel: Desulfurized Naphtha
hbm:item.fluid_barrel_full:66, Fluid Barrel: Cracked Naphtha
hbm:item.fluid_barrel_full:138, Fluid Barrel: Coker Naphtha
hbm:item.fluid_barrel_full:100, Fluid Barrel: Reformate
hbm:item.fluid_barrel_full:21, Fluid Barrel: Light Oil
hbm:item.fluid_barrel_full:182, Fluid Barrel: Desulfurized Light Oil
hbm:item.fluid_barrel_full:67, Fluid Barrel: Cracked Light Oil
hbm:item.fluid_barrel_full:101, Fluid Barrel: Vacuum Light Oil
hbm:item.fluid_barrel_full:13, Fluid Barrel: Bitumen
hbm:item.fluid_barrel_full:14, Fluid Barrel: Industrial Oil
hbm:item.fluid_barrel_full:15, Fluid Barrel: Heating Oil
hbm:item.fluid_barrel_full:110, Fluid Barrel: Heavy Heating Oil
hbm:item.fluid_barrel_full:16, Fluid Barrel: Reclaimed Industrial Oil
hbm:item.fluid_barrel_full:18, Fluid Barrel: Engine Lubricant
hbm:item.fluid_barrel_full:218, Fluid Barrel: Flue Gas
hbm:item.fluid_barrel_full:23, Fluid Barrel: Natural Gas
hbm:item.fluid_barrel_full:139, Fluid Barrel: Coker Gas
hbm:item.fluid_barrel_full:24, Fluid Barrel: Petroleum Gas
hbm:item.fluid_barrel_full:102, Fluid Barrel: Sour Gas
hbm:item.fluid_barrel_full:25, Fluid Barrel: LPG
hbm:item.fluid_barrel_full:95, Fluid Barrel: Syngas
hbm:item.fluid_barrel_full:96, Fluid Barrel: Oxyhydrogen
hbm:item.fluid_barrel_full:69, Fluid Barrel: Aromatic Hydrocarbons
hbm:item.fluid_barrel_full:70, Fluid Barrel: Unsaturated Hydrocarbons
hbm:item.fluid_barrel_full:103, Fluid Barrel: BTX
hbm:item.fluid_barrel_full:114, Fluid Barrel: Reformate Gas
hbm:item.fluid_barrel_full:20, Fluid Barrel: Diesel
hbm:item.fluid_barrel_full:111, Fluid Barrel: High-Cetane Diesel
hbm:item.fluid_barrel_full:68, Fluid Barrel: Cracked Diesel
hbm:item.fluid_barrel_full:112, Fluid Barrel: High-Cetane Cracked Diesel
hbm:item.fluid_barrel_full:22, Fluid Barrel: Kerosene
hbm:item.fluid_barrel_full:113, Fluid Barrel: Jet Fuel
hbm:item.fluid_barrel_full:17, Fluid Barrel: Petroil
hbm:item.fluid_barrel_full:74, Fluid Barrel: Leaded Petroil
hbm:item.fluid_barrel_full:48, Fluid Barrel: Gasoline
hbm:item.fluid_barrel_full:75, Fluid Barrel: Leaded Gasoline
hbm:item.fluid_barrel_full:49, Fluid Barrel: Coal Gasoline
hbm:item.fluid_barrel_full:76, Fluid Barrel: Leaded Coal Gasoline
hbm:item.fluid_barrel_full:82, Fluid Barrel: Coal Tar Creosote
hbm:item.fluid_barrel_full:81, Fluid Barrel: Wood Oil
hbm:item.fluid_barrel_full:26, Fluid Barrel: Biogas
hbm:item.fluid_barrel_full:27, Fluid Barrel: Biofuel
hbm:item.fluid_barrel_full:61, Fluid Barrel: Ethanol
hbm:item.fluid_barrel_full:133, Fluid Barrel: N-MASS(III) Tetrahexaethanol
hbm:item.fluid_barrel_full:143, Fluid Barrel: Fish Oil
hbm:item.fluid_barrel_full:144, Fluid Barrel: Sunflower Seed Oil
hbm:item.fluid_barrel_full:28, Fluid Barrel: NITAN© 100 Octane Super Fuel
hbm:item.fluid_barrel_full:88, Fluid Barrel: Hydrazine
hbm:item.fluid_barrel_full:213, Fluid Barrel: Deuterated Hydrocarbon
hbm:item.fluid_barrel_full:43, Fluid Barrel: BF Rocket Fuel
hbm:item.fluid_barrel_full:163, Fluid Barrel: Magma
hbm:item.fluid_barrel_full:165, Fluid Barrel: Brine
hbm:item.fluid_barrel_full:166, Fluid Barrel: Conglomera
hbm:item.fluid_barrel_full:164, Fluid Barrel: Dicyanoacetylene
hbm:item.fluid_barrel_full:199, Fluid Barrel: Halide Gas
hbm:item.fluid_barrel_full:209, Fluid Barrel: Vinyl Chloride
hbm:item.fluid_barrel_full:210, Fluid Barrel: Tektonic Crude
hbm:item.fluid_barrel_full:211, Fluid Barrel: Chlorinated Benzenes
hbm:item.fluid_barrel_full:212, Fluid Barrel: Light Halocarbons
hbm:item.fluid_barrel_full:71, Fluid Barrel: Salient Green
hbm:item.fluid_barrel_full:83, Fluid Barrel: Seeding Slurry
hbm:item.fluid_barrel_full:118, Fluid Barrel: Colloid
hbm:item.fluid_barrel_full:185, Fluid Barrel: Vitriol
hbm:item.fluid_barrel_full:186, Fluid Barrel: Ore Slop
hbm:item.fluid_barrel_full:227, Fluid Barrel: Nutrient Slop
hbm:item.fluid_barrel_full:228, Fluid Barrel: Uncle Tam's Homemade Nutrient Slop
hbm:item.fluid_barrel_full:131, Fluid Barrel: Ionic Gel
hbm:item.fluid_barrel_full:37, Fluid Barrel: Hydrogen Peroxide
hbm:item.fluid_barrel_full:77, Fluid Barrel: Sulfuric Acid
hbm:item.fluid_barrel_full:123, Fluid Barrel: Alkyl Bromide
hbm:item.fluid_barrel_full:191, Fluid Barrel: Uranium Bromide
hbm:item.fluid_barrel_full:194, Fluid Barrel: Thorium Bromide
hbm:item.fluid_barrel_full:192, Fluid Barrel: Aqueous Copper
hbm:item.fluid_barrel_full:193, Fluid Barrel: Copper Sulfate
hbm:item.fluid_barrel_full:215, Fluid Barrel: Lithium Hydroxide Aerosol
hbm:item.fluid_barrel_full:216, Fluid Barrel: Lithium Bicarbonate Aerosol
hbm:item.fluid_barrel_full:121, Fluid Barrel: Chloromethane
hbm:item.fluid_barrel_full:122, Fluid Barrel: Methanol
hbm:item.fluid_barrel_full:125, Fluid Barrel: Polyethylene
hbm:item.fluid_barrel_full:124, Fluid Barrel: Chloroethane
hbm:item.fluid_barrel_full:90, Fluid Barrel: Oxygen-Rich Air
hbm:item.fluid_barrel_full:232, Fluid Barrel: Nether Air
hbm:item.fluid_barrel_full:184, Fluid Barrel: Duna Air
hbm:item.fluid_barrel_full:119, Fluid Barrel: Eve Air
hbm:item.fluid_barrel_full:156, Fluid Barrel: Jool Air
hbm:item.fluid_barrel_full:157, Fluid Barrel: Sarnus Air
hbm:item.fluid_barrel_full:158, Fluid Barrel: Urlum Air
hbm:item.fluid_barrel_full:159, Fluid Barrel: Neidon Air
hbm:item.fluid_barrel_full:127, Fluid Barrel: Tekto Air
hbm:item.fluid_barrel_full:128, Fluid Barrel: Dross Air
hbm:item.fluid_barrel_full:86, Fluid Barrel: Nitric Acid
hbm:item.fluid_barrel_full:93, Fluid Barrel: Hydrochloric Acid
hbm:item.fluid_barrel_full:87, Fluid Barrel: Ammonia
hbm:item.fluid_barrel_full:92, Fluid Barrel: Solvent
hbm:item.fluid_barrel_full:97, Fluid Barrel: High-Performance Solvent
hbm:item.fluid_barrel_full:136, Fluid Barrel: Pertechnetic Acid
hbm:item.fluid_barrel_full:120, Fluid Barrel: Potassium Permanganate Solution
hbm:item.fluid_barrel_full:34, Fluid Barrel: Schrabidic Acid
hbm:item.fluid_barrel_full:29, Fluid Barrel: Uranium Hexafluoride
hbm:item.fluid_barrel_full:30, Fluid Barrel: Plutonium Hexafluoride
hbm:item.fluid_barrel_full:31, Fluid Barrel: Human Blood
hbm:item.fluid_barrel_full:32, Fluid Barrel: Antiserum
hbm:item.fluid_barrel_full:33, Fluid Barrel: Schrabidium Trisulfide
hbm:item.fluid_barrel_full:45, Fluid Barrel: Pandemonium(III)tantalite Solution
hbm:item.fluid_barrel_full:38, Fluid Barrel: Poisonous Mud
hbm:item.fluid_barrel_full:174, Fluid Barrel: Fullerene Solution
hbm:item.fluid_barrel_full:140, Fluid Barrel: Dissolved Egg
hbm:item.fluid_barrel_full:141, Fluid Barrel: Cholesterol Solution
hbm:item.fluid_barrel_full:204, Fluid Barrel: Sodium Aluminate
hbm:item.fluid_barrel_full:205, Fluid Barrel: Bauxite Solution
hbm:item.fluid_barrel_full:206, Fluid Barrel: Alumina
hbm:item.fluid_barrel_full:207, Fluid Barrel: Aqueous Nickel
hbm:item.fluid_barrel_full:208, Fluid Barrel: Liquid Concrete
hbm:item.fluid_barrel_full:51, Fluid Barrel: Fracking Solution
hbm:item.fluid_barrel_full:203, Fluid Barrel: Lye
hbm:item.fluid_barrel_full:129, Fluid Barrel: Phosgene
hbm:item.fluid_barrel_full:130, Fluid Barrel: Mustard Gas
hbm:item.fluid_barrel_full:142, Fluid Barrel: Estradiol Solution
hbm:item.fluid_barrel_full:145, Fluid Barrel: Nitroglycerin
hbm:item.fluid_barrel_full:35, Fluid Barrel: Antimatter
hbm:item.fluid_barrel_full:36, Fluid Barrel: Antischrabidium
hbm:item.fluid_barrel_full:72, Fluid Barrel: Experience Juice
hbm:item.fluid_barrel_full:73, Fluid Barrel: Ender Juice
hbm:item.fluid_barrel_full:94, Fluid Barrel: Mineral Slurry
hbm:item.fluid_barrel_full:134, Fluid Barrel: N-MASS(II) Driver Fuel
hbm:item.fluid_barrel_full:183, Fluid Barrel: Stellar Flux
hbm:item.fluid_barrel_full:106, Fluid Barrel: Krypton Gas
hbm:item.fluid_barrel_full:42, Fluid Barrel: Xenon Gas
hbm:item.fluid_barrel_full:105, Fluid Barrel: Argon Gas
hbm:item.fluid_barrel_full:104, Fluid Barrel: Neon Gas
hbm:item.fluid_barrel_full:219, Fluid Barrel: Stimpak
hbm:item.fluid_barrel_full:220, Fluid Barrel: Super Stimpak
hbm:item.fluid_barrel_full:221, Fluid Barrel: Med-X
hbm:item.fluid_barrel_full:222, Fluid Barrel: Psycho
hbm:item.fluid_barrel_full:235, Fluid Barrel: Bloatmusk
hbm:item.fluid_barrel_full:234, Fluid Barrel: Musty Bloatmusk
hbm:item.fluid_barrel_full:233, Fluid Barrel: Flaming Bloatmusk
hbm:item.fluid_barrel_full:236, Fluid Barrel: Musky Pheromone
hbm:item.fluid_barrel_full:239, Fluid Barrel: Satan's Blood
hbm:item.fluid_barrel_full:238, Fluid Barrel: Curdling Blood
hbm:item.fluid_barrel_full:237, Fluid Barrel: Hot Curdling Blood
hbm:item.fluid_barrel_full:240, Fluid Barrel: Wormwood
hbm:item.fluid_barrel_full:241, Fluid Barrel: Brimstone
hbm:item.fluid_barrel_full:242, Fluid Barrel: Verdigris
hbm:item.fluid_barrel_full:243, Fluid Barrel: Gall
hbm:item.fluid_barrel_full:244, Fluid Barrel: Brimtumen
hbm:item.fluid_barrel_full:245, Fluid Barrel: Blood of the Martyr
hbm:item.fluid_barrel_full:246, Fluid Barrel: Haemoglobin
hbm:item.fluid_barrel_full:247, Fluid Barrel: Ambrosia
hbm:item.fluid_barrel_full:248, Fluid Barrel: Morningstar's Fire
hbm:item.fluid_barrel_full:249, Fluid Barrel: Heparin
hbm:item.fluid_barrel_full:250, Fluid Barrel: Chevreul's Salt
hbm:item.fluid_barrel_full:251, Fluid Barrel: Dialysate
hbm:item.fluid_barrel_full:252, Fluid Barrel: Dew of the Garden
hbm:item.fluid_barrel_full:253, Fluid Barrel: Argent Bloatpus
hbm:item.fluid_barrel_full:254, Fluid Barrel: Bloatpus
hbm:item.fluid_barrel_full:255, Fluid Barrel: Bloatspirit
hbm:item.fluid_barrel_full:223, Fluid Barrel: AWESOME
hbm:item.fluid_barrel_full:224, Fluid Barrel: Antidote
hbm:item.fluid_barrel_full:225, Fluid Barrel: RadAway
hbm:item.fluid_barrel_full:226, Fluid Barrel: Poison
hbm:item.fluid_barrel_full:229, Fluid Barrel: Titanium Tetrachloride
hbm:item.fluid_barrel_full:230, Fluid Barrel: Heavy Sand Slop
hbm:item.fluid_barrel_full:231, Fluid Barrel: Monazite Slop
hbm:item.fluid_barrel_full:108, Fluid Barrel: Tea
hbm:item.fluid_barrel_full:109, Fluid Barrel: Honey
hbm:item.fluid_barrel_full:107, Fluid Barrel: Coffee
hbm:item.fluid_barrel_full:115, Fluid Barrel: Milk
hbm:item.fluid_barrel_full:116, Fluid Barrel: Strawberry Milk
hbm:item.fluid_barrel_full:117, Fluid Barrel: Carbon Tetrachloride
hbm:item.fluid_barrel_full:132, Fluid Barrel: Elbow Grease
hbm:item.fluid_barrel_full:160, Fluid Barrel: Evaporated Milk
hbm:item.fluid_barrel_full:161, Fluid Barrel: Condensed Milk
hbm:item.fluid_barrel_full:162, Fluid Barrel: Heavy Whipping Cream
hbm:item.fluid_barrel_full:175, Fluid Barrel: Booster Pheromone
hbm:item.fluid_barrel_full:176, Fluid Barrel: Modified Booster Pheromone
hbm:item.fluid_barrel_full:256, Fluid Barrel: Piss
hbm:item.fluid_barrel_full:257, Fluid Barrel: Boiling Piss
hbm:item.fluid_barrel_full:258, Fluid Barrel: Decomposed Piss
hbm:item.fluid_barrel_full:259, Fluid Barrel: Natural Concrete
hbm:item.fluid_barrel_full:260, Fluid Barrel: Buurmium-Rich Liquid Concrete
hbm:item.fluid_barrel_full:261, Fluid Barrel: Liquid Concrete with Scrap
hbm:item.fluid_barrel_full:262, Fluid Barrel: Buurmic Acid
hbm:item.fluid_barrel_full:263, Fluid Barrel: Diluted Buurmic Acid
hbm:item.fluid_barrel_full:264, Fluid Barrel: Light Buurmium Solution
hbm:item.fluid_barrel_full:1000, Fluid Barrel: Custom Fluid Demo
hbm:item.fluid_barrel_infinite, Infinite Fluid Barrel
hbm:item.fluid_pack_empty, Large Fluid Container
hbm:item.fluid_pack_full:214, Packaged Compressed Air
hbm:item.fluid_pack_full:217, Packaged Hot Air Blast
hbm:item.fluid_pack_full:1, Packaged Water
hbm:item.fluid_pack_full:62, Packaged Heavy Water
hbm:item.fluid_pack_full:168, Packaged Hot Heavy Water
hbm:item.fluid_pack_full:7, Packaged Lava
hbm:item.fluid_pack_full:2, Packaged Steam
hbm:item.fluid_pack_full:3, Packaged Dense Steam
hbm:item.fluid_pack_full:4, Packaged Super Dense Steam
hbm:item.fluid_pack_full:5, Packaged Ultra Dense Steam
hbm:item.fluid_pack_full:57, Packaged Carbon Dioxide
hbm:item.fluid_pack_full:6, Packaged Coolant
hbm:item.fluid_pack_full:78, Packaged Hot Coolant
hbm:item.fluid_pack_full:200, Packaged Perfluoromethyl
hbm:item.fluid_pack_full:201, Packaged Cold Perfluoromethyl
hbm:item.fluid_pack_full:202, Packaged Hot Perfluoromethyl
hbm:item.fluid_pack_full:39, Packaged Cryogel
hbm:item.fluid_pack_full:79, Packaged Mug Root Beer
hbm:item.fluid_pack_full:80, Packaged Hot Mug Root Beer
hbm:item.fluid_pack_full:85, Packaged Blood
hbm:item.fluid_pack_full:89, Packaged Blood Fuel
hbm:item.fluid_pack_full:91, Packaged Hot Blood
hbm:item.fluid_pack_full:135, Packaged Scutterblood
hbm:item.fluid_pack_full:169, Packaged Liquid Sodium
hbm:item.fluid_pack_full:170, Packaged Hot Liquid Sodium
hbm:item.fluid_pack_full:188, Packaged Liquid Lead
hbm:item.fluid_pack_full:189, Packaged Hot Liquid Lead
hbm:item.fluid_pack_full:171, Packaged Liquid Thorium Salt
hbm:item.fluid_pack_full:172, Packaged Hot Liquid Thorium Salt
hbm:item.fluid_pack_full:173, Packaged Depleted Liquid Thorium Salt
hbm:item.fluid_pack_full:40, Packaged Liquid Hydrogen
hbm:item.fluid_pack_full:8, Packaged Deuterium
hbm:item.fluid_pack_full:9, Packaged Tritium
hbm:item.fluid_pack_full:59, Packaged Helium-3
hbm:item.fluid_pack_full:167, Packaged Helium-4
hbm:item.fluid_pack_full:41, Packaged Liquid Oxygen
hbm:item.fluid_pack_full:98, Packaged Chlorine Gas
hbm:item.fluid_pack_full:126, Packaged Fluorine
hbm:item.fluid_pack_full:44, Packaged Mercury
hbm:item.fluid_pack_full:84, Packaged Liquid Nitrogen
hbm:item.fluid_pack_full:10, Packaged Crude Oil
hbm:item.fluid_pack_full:177, Packaged Desulfurized Crude Oil
hbm:item.fluid_pack_full:63, Packaged Cracked Oil
hbm:item.fluid_pack_full:179, Packaged Desulfurized Cracked Oil
hbm:item.fluid_pack_full:64, Packaged Coal Oil
hbm:item.fluid_pack_full:137, Packaged Coker Oil
hbm:item.fluid_pack_full:11, Packaged Hot Crude Oil
hbm:item.fluid_pack_full:178, Packaged Desulfurized Hot Crude Oil
hbm:item.fluid_pack_full:65, Packaged Hot Cracked Oil
hbm:item.fluid_pack_full:180, Packaged Desulfurized Hot Cracked Oil
hbm:item.fluid_pack_full:12, Packaged Heavy Oil
hbm:item.fluid_pack_full:99, Packaged Vacuum Heavy Oil
hbm:item.fluid_pack_full:19, Packaged Naphtha
hbm:item.fluid_pack_full:181, Packaged Desulfurized Naphtha
hbm:item.fluid_pack_full:66, Packaged Cracked Naphtha
hbm:item.fluid_pack_full:138, Packaged Coker Naphtha
hbm:item.fluid_pack_full:100, Packaged Reformate
hbm:item.fluid_pack_full:21, Packaged Light Oil
hbm:item.fluid_pack_full:182, Packaged Desulfurized Light Oil
hbm:item.fluid_pack_full:67, Packaged Cracked Light Oil
hbm:item.fluid_pack_full:101, Packaged Vacuum Light Oil
hbm:item.fluid_pack_full:13, Packaged Bitumen
hbm:item.fluid_pack_full:14, Packaged Industrial Oil
hbm:item.fluid_pack_full:15, Packaged Heating Oil
hbm:item.fluid_pack_full:110, Packaged Heavy Heating Oil
hbm:item.fluid_pack_full:16, Packaged Reclaimed Industrial Oil
hbm:item.fluid_pack_full:18, Packaged Engine Lubricant
hbm:item.fluid_pack_full:218, Packaged Flue Gas
hbm:item.fluid_pack_full:23, Packaged Natural Gas
hbm:item.fluid_pack_full:139, Packaged Coker Gas
hbm:item.fluid_pack_full:24, Packaged Petroleum Gas
hbm:item.fluid_pack_full:102, Packaged Sour Gas
hbm:item.fluid_pack_full:25, Packaged LPG
hbm:item.fluid_pack_full:95, Packaged Syngas
hbm:item.fluid_pack_full:96, Packaged Oxyhydrogen
hbm:item.fluid_pack_full:69, Packaged Aromatic Hydrocarbons
hbm:item.fluid_pack_full:70, Packaged Unsaturated Hydrocarbons
hbm:item.fluid_pack_full:103, Packaged BTX
hbm:item.fluid_pack_full:114, Packaged Reformate Gas
hbm:item.fluid_pack_full:20, Packaged Diesel
hbm:item.fluid_pack_full:111, Packaged High-Cetane Diesel
hbm:item.fluid_pack_full:68, Packaged Cracked Diesel
hbm:item.fluid_pack_full:112, Packaged High-Cetane Cracked Diesel
hbm:item.fluid_pack_full:22, Packaged Kerosene
hbm:item.fluid_pack_full:113, Packaged Jet Fuel
hbm:item.fluid_pack_full:17, Packaged Petroil
hbm:item.fluid_pack_full:74, Packaged Leaded Petroil
hbm:item.fluid_pack_full:48, Packaged Gasoline
hbm:item.fluid_pack_full:75, Packaged Leaded Gasoline
hbm:item.fluid_pack_full:49, Packaged Coal Gasoline
hbm:item.fluid_pack_full:76, Packaged Leaded Coal Gasoline
hbm:item.fluid_pack_full:82, Packaged Coal Tar Creosote
hbm:item.fluid_pack_full:81, Packaged Wood Oil
hbm:item.fluid_pack_full:26, Packaged Biogas
hbm:item.fluid_pack_full:27, Packaged Biofuel
hbm:item.fluid_pack_full:61, Packaged Ethanol
hbm:item.fluid_pack_full:133, Packaged N-MASS(III) Tetrahexaethanol
hbm:item.fluid_pack_full:143, Packaged Fish Oil
hbm:item.fluid_pack_full:144, Packaged Sunflower Seed Oil
hbm:item.fluid_pack_full:28, Packaged NITAN© 100 Octane Super Fuel
hbm:item.fluid_pack_full:88, Packaged Hydrazine
hbm:item.fluid_pack_full:213, Packaged Deuterated Hydrocarbon
hbm:item.fluid_pack_full:43, Packaged BF Rocket Fuel
hbm:item.fluid_pack_full:163, Packaged Magma
hbm:item.fluid_pack_full:165, Packaged Brine
hbm:item.fluid_pack_full:166, Packaged Conglomera
hbm:item.fluid_pack_full:164, Packaged Dicyanoacetylene
hbm:item.fluid_pack_full:199, Packaged Halide Gas
hbm:item.fluid_pack_full:209, Packaged Vinyl Chloride
hbm:item.fluid_pack_full:210, Packaged Tektonic Crude
hbm:item.fluid_pack_full:211, Packaged Chlorinated Benzenes
hbm:item.fluid_pack_full:212, Packaged Light Halocarbons
hbm:item.fluid_pack_full:71, Packaged Salient Green
hbm:item.fluid_pack_full:83, Packaged Seeding Slurry
hbm:item.fluid_pack_full:118, Packaged Colloid
hbm:item.fluid_pack_full:185, Packaged Vitriol
hbm:item.fluid_pack_full:186, Packaged Ore Slop
hbm:item.fluid_pack_full:227, Packaged Nutrient Slop
hbm:item.fluid_pack_full:228, Packaged Uncle Tam's Homemade Nutrient Slop
hbm:item.fluid_pack_full:131, Packaged Ionic Gel
hbm:item.fluid_pack_full:37, Packaged Hydrogen Peroxide
hbm:item.fluid_pack_full:77, Packaged Sulfuric Acid
hbm:item.fluid_pack_full:123, Packaged Alkyl Bromide
hbm:item.fluid_pack_full:191, Packaged Uranium Bromide
hbm:item.fluid_pack_full:194, Packaged Thorium Bromide
hbm:item.fluid_pack_full:192, Packaged Aqueous Copper
hbm:item.fluid_pack_full:193, Packaged Copper Sulfate
hbm:item.fluid_pack_full:215, Packaged Lithium Hydroxide Aerosol
hbm:item.fluid_pack_full:216, Packaged Lithium Bicarbonate Aerosol
hbm:item.fluid_pack_full:121, Packaged Chloromethane
hbm:item.fluid_pack_full:122, Packaged Methanol
hbm:item.fluid_pack_full:125, Packaged Polyethylene
hbm:item.fluid_pack_full:124, Packaged Chloroethane
hbm:item.fluid_pack_full:90, Packaged Oxygen-Rich Air
hbm:item.fluid_pack_full:232, Packaged Nether Air
hbm:item.fluid_pack_full:184, Packaged Duna Air
hbm:item.fluid_pack_full:119, Packaged Eve Air
hbm:item.fluid_pack_full:156, Packaged Jool Air
hbm:item.fluid_pack_full:157, Packaged Sarnus Air
hbm:item.fluid_pack_full:158, Packaged Urlum Air
hbm:item.fluid_pack_full:159, Packaged Neidon Air
hbm:item.fluid_pack_full:127, Packaged Tekto Air
hbm:item.fluid_pack_full:128, Packaged Dross Air
hbm:item.fluid_pack_full:86, Packaged Nitric Acid
hbm:item.fluid_pack_full:93, Packaged Hydrochloric Acid
hbm:item.fluid_pack_full:87, Packaged Ammonia
hbm:item.fluid_pack_full:92, Packaged Solvent
hbm:item.fluid_pack_full:97, Packaged High-Performance Solvent
hbm:item.fluid_pack_full:136, Packaged Pertechnetic Acid
hbm:item.fluid_pack_full:120, Packaged Potassium Permanganate Solution
hbm:item.fluid_pack_full:34, Packaged Schrabidic Acid
hbm:item.fluid_pack_full:29, Packaged Uranium Hexafluoride
hbm:item.fluid_pack_full:30, Packaged Plutonium Hexafluoride
hbm:item.fluid_pack_full:31, Packaged Human Blood
hbm:item.fluid_pack_full:32, Packaged Antiserum
hbm:item.fluid_pack_full:33, Packaged Schrabidium Trisulfide
hbm:item.fluid_pack_full:45, Packaged Pandemonium(III)tantalite Solution
hbm:item.fluid_pack_full:38, Packaged Poisonous Mud
hbm:item.fluid_pack_full:174, Packaged Fullerene Solution
hbm:item.fluid_pack_full:140, Packaged Dissolved Egg
hbm:item.fluid_pack_full:141, Packaged Cholesterol Solution
hbm:item.fluid_pack_full:204, Packaged Sodium Aluminate
hbm:item.fluid_pack_full:205, Packaged Bauxite Solution
hbm:item.fluid_pack_full:206, Packaged Alumina
hbm:item.fluid_pack_full:207, Packaged Aqueous Nickel
hbm:item.fluid_pack_full:208, Packaged Liquid Concrete
hbm:item.fluid_pack_full:51, Packaged Fracking Solution
hbm:item.fluid_pack_full:203, Packaged Lye
hbm:item.fluid_pack_full:129, Packaged Phosgene
hbm:item.fluid_pack_full:130, Packaged Mustard Gas
hbm:item.fluid_pack_full:142, Packaged Estradiol Solution
hbm:item.fluid_pack_full:145, Packaged Nitroglycerin
hbm:item.fluid_pack_full:35, Packaged Antimatter
hbm:item.fluid_pack_full:36, Packaged Antischrabidium
hbm:item.fluid_pack_full:72, Packaged Experience Juice
hbm:item.fluid_pack_full:73, Packaged Ender Juice
hbm:item.fluid_pack_full:94, Packaged Mineral Slurry
hbm:item.fluid_pack_full:134, Packaged N-MASS(II) Driver Fuel
hbm:item.fluid_pack_full:183, Packaged Stellar Flux
hbm:item.fluid_pack_full:106, Packaged Krypton Gas
hbm:item.fluid_pack_full:42, Packaged Xenon Gas
hbm:item.fluid_pack_full:105, Packaged Argon Gas
hbm:item.fluid_pack_full:104, Packaged Neon Gas
hbm:item.fluid_pack_full:219, Packaged Stimpak
hbm:item.fluid_pack_full:220, Packaged Super Stimpak
hbm:item.fluid_pack_full:221, Packaged Med-X
hbm:item.fluid_pack_full:222, Packaged Psycho
hbm:item.fluid_pack_full:235, Packaged Bloatmusk
hbm:item.fluid_pack_full:234, Packaged Musty Bloatmusk
hbm:item.fluid_pack_full:233, Packaged Flaming Bloatmusk
hbm:item.fluid_pack_full:236, Packaged Musky Pheromone
hbm:item.fluid_pack_full:239, Packaged Satan's Blood
hbm:item.fluid_pack_full:238, Packaged Curdling Blood
hbm:item.fluid_pack_full:237, Packaged Hot Curdling Blood
hbm:item.fluid_pack_full:240, Packaged Wormwood
hbm:item.fluid_pack_full:241, Packaged Brimstone
hbm:item.fluid_pack_full:242, Packaged Verdigris
hbm:item.fluid_pack_full:243, Packaged Gall
hbm:item.fluid_pack_full:244, Packaged Brimtumen
hbm:item.fluid_pack_full:245, Packaged Blood of the Martyr
hbm:item.fluid_pack_full:246, Packaged Haemoglobin
hbm:item.fluid_pack_full:247, Packaged Ambrosia
hbm:item.fluid_pack_full:248, Packaged Morningstar's Fire
hbm:item.fluid_pack_full:249, Packaged Heparin
hbm:item.fluid_pack_full:250, Packaged Chevreul's Salt
hbm:item.fluid_pack_full:251, Packaged Dialysate
hbm:item.fluid_pack_full:252, Packaged Dew of the Garden
hbm:item.fluid_pack_full:253, Packaged Argent Bloatpus
hbm:item.fluid_pack_full:254, Packaged Bloatpus
hbm:item.fluid_pack_full:255, Packaged Bloatspirit
hbm:item.fluid_pack_full:223, Packaged AWESOME
hbm:item.fluid_pack_full:224, Packaged Antidote
hbm:item.fluid_pack_full:225, Packaged RadAway
hbm:item.fluid_pack_full:226, Packaged Poison
hbm:item.fluid_pack_full:229, Packaged Titanium Tetrachloride
hbm:item.fluid_pack_full:230, Packaged Heavy Sand Slop
hbm:item.fluid_pack_full:231, Packaged Monazite Slop
hbm:item.fluid_pack_full:108, Packaged Tea
hbm:item.fluid_pack_full:109, Packaged Honey
hbm:item.fluid_pack_full:107, Packaged Coffee
hbm:item.fluid_pack_full:115, Packaged Milk
hbm:item.fluid_pack_full:116, Packaged Strawberry Milk
hbm:item.fluid_pack_full:117, Packaged Carbon Tetrachloride
hbm:item.fluid_pack_full:132, Packaged Elbow Grease
hbm:item.fluid_pack_full:160, Packaged Evaporated Milk
hbm:item.fluid_pack_full:161, Packaged Condensed Milk
hbm:item.fluid_pack_full:162, Packaged Heavy Whipping Cream
hbm:item.fluid_pack_full:175, Packaged Booster Pheromone
hbm:item.fluid_pack_full:176, Packaged Modified Booster Pheromone
hbm:item.fluid_pack_full:256, Packaged Piss
hbm:item.fluid_pack_full:257, Packaged Boiling Piss
hbm:item.fluid_pack_full:258, Packaged Decomposed Piss
hbm:item.fluid_pack_full:259, Packaged Natural Concrete
hbm:item.fluid_pack_full:260, Packaged Buurmium-Rich Liquid Concrete
hbm:item.fluid_pack_full:261, Packaged Liquid Concrete with Scrap
hbm:item.fluid_pack_full:262, Packaged Buurmic Acid
hbm:item.fluid_pack_full:263, Packaged Diluted Buurmic Acid
hbm:item.fluid_pack_full:264, Packaged Light Buurmium Solution
hbm:item.fluid_pack_full:1000, Packaged Custom Fluid Demo
hbm:item.pipette, Pipette
hbm:item.vial, Blood Vial
hbm:item.floppy_disk, Floppy Disk
hbm:item.pipette_boron, Boron Pipette
hbm:item.pipette_laboratory, Laboratory Grade Pipette
hbm:item.siphon, Siphon
hbm:item.battery_spark, Spark Battery
hbm:item.battery_trixite, Off-Brand Spark Battery
hbm:item.battery_pack:0, Redstone Battery
hbm:item.battery_pack:0, Redstone Battery
hbm:item.battery_pack:1, Lead-Acid Battery
hbm:item.battery_pack:1, Lead-Acid Battery
hbm:item.battery_pack:2, Lithium-Ion Battery
hbm:item.battery_pack:2, Lithium-Ion Battery
hbm:item.battery_pack:3, Sodium-Iron Battery
hbm:item.battery_pack:3, Sodium-Iron Battery
hbm:item.battery_pack:4, Schrabidium Battery
hbm:item.battery_pack:4, Schrabidium Battery
hbm:item.battery_pack:5, Quantum Battery
hbm:item.battery_pack:5, Quantum Battery
hbm:item.battery_pack:6, Copper Capacitor
hbm:item.battery_pack:6, Copper Capacitor
hbm:item.battery_pack:7, Gold Capacitor
hbm:item.battery_pack:7, Gold Capacitor
hbm:item.battery_pack:8, Niobium Capacitor
hbm:item.battery_pack:8, Niobium Capacitor
hbm:item.battery_pack:9, Tantalum Capacitor
hbm:item.battery_pack:9, Tantalum Capacitor
hbm:item.battery_pack:10, Bismuth Capacitor
hbm:item.battery_pack:10, Bismuth Capacitor
hbm:item.battery_pack:11, Spark Capacitor
hbm:item.battery_pack:11, Spark Capacitor
hbm:item.battery_sc:0, Empty Self-Charging Battery
hbm:item.battery_sc:1, Spent Fuel Self-Charging Battery
hbm:item.battery_sc:2, Radium-226 Self-Charging Battery
hbm:item.battery_sc:3, Technetium-99 Self-Charging Battery
hbm:item.battery_sc:4, Cobalt-60 Self-Charging Battery
hbm:item.battery_sc:5, Plutonium-238 Self-Charging Battery
hbm:item.battery_sc:6, Polonium-210 Self-Charging Battery
hbm:item.battery_sc:7, Gold-198 Self-Charging Battery
hbm:item.battery_sc:8, Lead-209 Self-Charging Battery
hbm:item.battery_sc:9, Americium-241 Self-Charging Battery
hbm:item.battery_creative, Infinite Battery
hbm:item.cube_power, Electronium Cube
hbm:item.core_angel, Angelic Core
hbm:item.battery_potato, Potato Battery
hbm:item.battery_potatos, PotatOS
hbm:item.hev_battery, Suit Battery
hbm:item.fusion_core, Fusion Core
hbm:item.blueprints, Blueprints
hbm:item.blueprint_folder:0, Blueprint Booklet
hbm:item.blueprint_folder:1, Blueprint Booklet
hbm:item.bobmazon, Bobmazon
hbm:item.bobmazon_hidden, Hidden Catalog
hbm:item.stamp_stone_flat, Flat Stamp (Stone)
hbm:item.stamp_stone_plate, Plate Stamp (Stone)
hbm:item.stamp_stone_wire, Wire Stamp (Stone)
hbm:item.stamp_stone_circuit, Circuit Stamp (Stone)
hbm:item.stamp_iron_flat, Flat Stamp (Iron)
hbm:item.stamp_iron_plate, Plate Stamp (Iron)
hbm:item.stamp_iron_wire, Wire Stamp (Iron)
hbm:item.stamp_iron_circuit, Circuit Stamp (Iron)
hbm:item.stamp_steel_flat, Flat Stamp (Steel)
hbm:item.stamp_steel_plate, Plate Stamp (Steel)
hbm:item.stamp_steel_wire, Wire Stamp (Steel)
hbm:item.stamp_steel_circuit, Circuit Stamp (Steel)
hbm:item.stamp_titanium_flat, Flat Stamp (Titanium)
hbm:item.stamp_titanium_plate, Plate Stamp (Titanium)
hbm:item.stamp_titanium_wire, Wire Stamp (Titanium)
hbm:item.stamp_titanium_circuit, Circuit Stamp (Titanium)
hbm:item.stamp_obsidian_flat, Flat Stamp (Obsidian)
hbm:item.stamp_obsidian_plate, Plate Stamp (Obsidian)
hbm:item.stamp_obsidian_wire, Wire Stamp (Obsidian)
hbm:item.stamp_obsidian_circuit, Circuit Stamp (Obsidian)
hbm:item.stamp_desh_flat, Flat Stamp (Desh)
hbm:item.stamp_desh_plate, Plate Stamp (Desh)
hbm:item.stamp_desh_wire, Wire Stamp (Desh)
hbm:item.stamp_desh_circuit, Circuit Stamp (Desh)
hbm:item.stamp_357, .357 Magnum Stamp
hbm:item.stamp_44, .44 Magnum Stamp
hbm:item.stamp_9, Small Caliber Stamp
hbm:item.stamp_50, Large Caliber Stamp
hbm:item.stamp_desh_357, .357 Magnum Stamp (Desh)
hbm:item.stamp_desh_44, .44 Magnum Stamp (Desh)
hbm:item.stamp_desh_9, Small Caliber Stamp (Desh)
hbm:item.stamp_desh_50, Large Caliber Stamp (Desh)
hbm:item.stamp_book, item.stamp_book.name
hbm:item.mold_base, Blank Foundry Mold
hbm:item.mold:0, Foundry Mold
hbm:item.mold:1, Foundry Mold
hbm:item.mold:2, Foundry Mold
hbm:item.mold:3, Foundry Mold
hbm:item.mold:4, Foundry Mold
hbm:item.mold:19, Foundry Mold
hbm:item.mold:20, Foundry Mold
hbm:item.mold:5, Foundry Mold
hbm:item.mold:6, Foundry Mold
hbm:item.mold:7, Foundry Mold
hbm:item.mold:8, Foundry Mold
hbm:item.mold:9, Foundry Mold
hbm:item.mold:10, Foundry Mold
hbm:item.mold:11, Foundry Mold
hbm:item.mold:13, Foundry Mold
hbm:item.mold:21, Foundry Mold
hbm:item.mold:12, Foundry Mold
hbm:item.mold:16, Foundry Mold
hbm:item.mold:17, Foundry Mold
hbm:item.mold:22, Foundry Mold
hbm:item.mold:23, Foundry Mold
hbm:item.mold:24, Foundry Mold
hbm:item.mold:25, Foundry Mold
hbm:item.mold:26, Foundry Mold
hbm:item.mold:27, Foundry Mold
hbm:item.mold:28, Foundry Mold
hbm:item.scraps:0, Stone Scraps
hbm:item.scraps:699, Carbon Scraps
hbm:item.scraps:2600, Iron Scraps
hbm:item.scraps:7900, Gold Scraps
hbm:item.scraps:1, Redstone Scraps
hbm:item.scraps:2, Obsidian Scraps
hbm:item.scraps:2601, Hematite Scraps
hbm:item.scraps:2702, Cobaltite Scraps
hbm:item.scraps:2602, Wrought Iron Scraps
hbm:item.scraps:2603, Pig Iron Scraps
hbm:item.scraps:2604, Meteoric Iron Scraps
hbm:item.scraps:2901, Malachite Scraps
hbm:item.scraps:2993, Conglomerate Scraps
hbm:item.scraps:2905, Hot Sand Scraps
hbm:item.scraps:2906, Liquid Glass Scraps
hbm:item.scraps:9200, Uranium Scraps
hbm:item.scraps:9233, Uranium-233 Scraps
hbm:item.scraps:9235, Uranium-235 Scraps
hbm:item.scraps:9238, Uranium-238 Scraps
hbm:item.scraps:9032, Thorium-232 Scraps
hbm:item.scraps:9400, Plutonium Scraps
hbm:item.scraps:9401, Reactor-Grade Plutonium Scraps
hbm:item.scraps:9438, Plutonium-238 Scraps
hbm:item.scraps:9439, Plutonium-239 Scraps
hbm:item.scraps:9440, Plutonium-240 Scraps
hbm:item.scraps:9441, Plutonium-241 Scraps
hbm:item.scraps:9501, Reactor-Grade Americium Scraps
hbm:item.scraps:9541, Americium-241 Scraps
hbm:item.scraps:9542, Americium-242 Scraps
hbm:item.scraps:9337, Neptunium-237 Scraps
hbm:item.scraps:8410, Polonium-210 Scraps
hbm:item.scraps:4399, Technetium-99 Scraps
hbm:item.scraps:8826, Radium-226 Scraps
hbm:item.scraps:8927, Actinium-227 Scraps
hbm:item.scraps:2760, Cobalt-60 Scraps
hbm:item.scraps:7998, Gold-198 Scraps
hbm:item.scraps:8209, Lead-209 Scraps
hbm:item.scraps:12626, Schrabidium Scraps
hbm:item.scraps:12627, Solinium Scraps
hbm:item.scraps:12600, Ferric Schrabidate Scraps
hbm:item.scraps:12601, Schraranium Scraps
hbm:item.scraps:12836, Ghiorsium-336 Scraps
hbm:item.scraps:13800, Australium Scraps
hbm:item.scraps:13895, Tasmanite Scraps
hbm:item.scraps:51, Bloatate Scraps
hbm:item.scraps:13851, Ayerite Scraps
hbm:item.scraps:2200, Titanium Scraps
hbm:item.scraps:2900, Copper Scraps
hbm:item.scraps:7400, Tungsten Scraps
hbm:item.scraps:1300, Aluminium Scraps
hbm:item.scraps:8200, Lead Scraps
hbm:item.scraps:8300, Bismuth Scraps
hbm:item.scraps:3300, Arsenic Scraps
hbm:item.scraps:7300, Tantalum Scraps
hbm:item.scraps:6000, Neodymium Scraps
hbm:item.scraps:4100, Niobium Scraps
hbm:item.scraps:400, Beryllium Scraps
hbm:item.scraps:2700, Cobalt Scraps
hbm:item.scraps:500, Boron Scraps
hbm:item.scraps:501, Borax Scraps
hbm:item.scraps:5700, Lanthanium Scraps
hbm:item.scraps:4000, Zirconium Scraps
hbm:item.scraps:1100, Sodium Scraps
hbm:item.scraps:3800, Strontium Scraps
hbm:item.scraps:2000, Calcium Scraps
hbm:item.scraps:300, Lithium Scraps
hbm:item.scraps:4800, Cadmium Scraps
hbm:item.scraps:1400, Silicon Scraps
hbm:item.scraps:1401, Asbestos Scraps
hbm:item.scraps:7699, Osmiridium Scraps
hbm:item.scraps:2800, Nickel Scraps
hbm:item.scraps:3100, Gallium Scraps
hbm:item.scraps:3000, Zinc Scraps
hbm:item.scraps:7200, Hafnium Scraps
hbm:item.scraps:7700, Iridium Scraps
hbm:item.scraps:30, Steel Scraps
hbm:item.scraps:31, Minecraft Grade Copper Scraps
hbm:item.scraps:33, High-Speed Steel Scraps
hbm:item.scraps:42, Desh Scraps
hbm:item.scraps:35, Starmetal Scraps
hbm:item.scraps:37, Ferrouranium Scraps
hbm:item.scraps:36, Technetium Steel Scraps
hbm:item.scraps:43, Cadmium Steel Scraps
hbm:item.scraps:46, Bismuth Bronze Scraps
hbm:item.scraps:47, Arsenic Bronze Scraps
hbm:item.scraps:48, BSCCO Scraps
hbm:item.scraps:38, Magnetized Tungsten Scraps
hbm:item.scraps:39, Combine Steel Scraps
hbm:item.scraps:45, Dineutronium Scraps
hbm:item.scraps:40, Flux Scraps
hbm:item.scraps:41, Slag Scraps
hbm:item.scraps:44, Poisonous Mud Scraps
hbm:item.scraps:49, Gunmetal Scraps
hbm:item.scraps:50, Weapon Steel Scraps
hbm:item.scraps:34, Saturnite Scraps
hbm:item.scraps:24000, Gallium Arsenide Scraps
hbm:item.scraps:24001, Stainless Steel Scraps
hbm:item.scraps:24002, Mineral-Rich Magma Scraps
hbm:item.raw_ore:0, Raw Iron
hbm:item.raw_ore:1, Raw Gold
hbm:item.raw_ore:2, Raw Copper
hbm:item.raw_ore:3, Raw Titanium
hbm:item.raw_ore:4, Raw Thorium
hbm:item.raw_ore:5, Raw Morkite
hbm:item.raw_ore:6, Raw Nickel
hbm:item.raw_ore:7, Raw Mineral
hbm:item.raw_ore:8, Raw Zinc
hbm:item.raw_ore:9, Raw Lithium
hbm:item.raw_ore:10, Raw Niobium
hbm:item.raw_ore:11, Raw Palladium
hbm:item.raw_ore:12, Raw Iodine
hbm:item.raw_ore:13, Raw Arsenic
hbm:item.raw_ore:14, Raw Cadmium
hbm:item.raw_ore:15, Raw Tungsten
hbm:item.raw_ore:16, Raw Aluminium
hbm:item.raw_ore:17, Raw Lead
hbm:item.raw_ore:18, Raw Beryllium
hbm:item.raw_ore:19, Raw Silicon
hbm:item.raw_ore:20, Raw Australium
hbm:item.raw_ore:21, Raw Lanthanium
hbm:item.raw_ore:22, Raw Uranium
hbm:item.raw_ore:23, Raw Schrabidium
hbm:item.upgrade_muffler, Muffler
hbm:item.upgrade_template, Machine Upgrade Template
hbm:item.upgrade_speed_1, Speed Upgrade Mk.I
hbm:item.upgrade_speed_2, Speed Upgrade Mk.II
hbm:item.upgrade_speed_3, Speed Upgrade Mk.III
hbm:item.upgrade_effect_1, Effectiveness Upgrade Mk.I
hbm:item.upgrade_effect_2, Effectiveness Upgrade Mk.II
hbm:item.upgrade_effect_3, Effectiveness Upgrade Mk.III
hbm:item.upgrade_power_1, Power Saving Upgrade Mk.I
hbm:item.upgrade_power_2, Power Saving Upgrade Mk.II
hbm:item.upgrade_power_3, Power Saving Upgrade Mk.III
hbm:item.upgrade_fortune_1, Fortune Upgrade Mk.I
hbm:item.upgrade_fortune_2, Fortune Upgrade Mk.II
hbm:item.upgrade_fortune_3, Fortune Upgrade Mk.III
hbm:item.upgrade_afterburn_1, Afterburner Upgrade Mk.I
hbm:item.upgrade_afterburn_2, Afterburner Upgrade Mk.II
hbm:item.upgrade_afterburn_3, Afterburner Upgrade Mk.III
hbm:item.upgrade_overdrive_1, Overdrive Upgrade Mk.I
hbm:item.upgrade_overdrive_2, Overdrive Upgrade Mk.II
hbm:item.upgrade_overdrive_3, Overdrive Upgrade Mk.III
hbm:item.upgrade_radius, Emitter Radius Upgrade
hbm:item.upgrade_health, Emitter Health Upgrade
hbm:item.upgrade_smelter, Smelter Upgrade
hbm:item.upgrade_shredder, Shredder Upgrade
hbm:item.upgrade_centrifuge, Centrifuge Upgrade
hbm:item.upgrade_crystallizer, Crystallizer Upgrade
hbm:item.upgrade_nullifier, Scrap Destroyer Upgrade
hbm:item.upgrade_screm, Screaming Scientist Upgrade
hbm:item.upgrade_gc_speed, Gas Centrifuge Overclocking Upgrade
hbm:item.upgrade_5g, 5G Radiation Emitter Upgrade
hbm:item.upgrade_stack:0, Stack Ejection Upgrade Mk.I
hbm:item.upgrade_stack:1, Stack Ejection Upgrade Mk.II
hbm:item.upgrade_stack:2, Stack Ejection Upgrade Mk.III
hbm:item.upgrade_ejector:0, Ejection Speed Upgrade Mk.I
hbm:item.upgrade_ejector:1, Ejection Speed Upgrade Mk.II
hbm:item.upgrade_ejector:2, Ejection Speed Upgrade Mk.III
hbm:item.siren_track:1, Siren Track
hbm:item.siren_track:2, Siren Track
hbm:item.siren_track:3, Siren Track
hbm:item.siren_track:4, Siren Track
hbm:item.siren_track:5, Siren Track
hbm:item.siren_track:6, Siren Track
hbm:item.siren_track:7, Siren Track
hbm:item.siren_track:8, Siren Track
hbm:item.siren_track:9, Siren Track
hbm:item.siren_track:10, Siren Track
hbm:item.siren_track:11, Siren Track
hbm:item.siren_track:12, Siren Track
hbm:item.siren_track:13, Siren Track
hbm:item.siren_track:14, Siren Track
hbm:item.siren_track:15, Siren Track
hbm:item.siren_track:16, Siren Track
hbm:item.siren_track:17, Siren Track
hbm:item.siren_track:18, Siren Track
hbm:item.siren_track:19, Siren Track
hbm:item.siren_track:20, Siren Track
hbm:item.siren_track:21, Siren Track
hbm:item.siren_track:22, Siren Track
hbm:item.fluid_identifier_multi, Multi Fluid Identifier
hbm:item.fluid_icon:214, Compressed Air
hbm:item.fluid_icon:217, Hot Air Blast
hbm:item.fluid_icon:1, Water
hbm:item.fluid_icon:62, Heavy Water
hbm:item.fluid_icon:168, Hot Heavy Water
hbm:item.fluid_icon:7, Lava
hbm:item.fluid_icon:2, Steam
hbm:item.fluid_icon:3, Dense Steam
hbm:item.fluid_icon:4, Super Dense Steam
hbm:item.fluid_icon:5, Ultra Dense Steam
hbm:item.fluid_icon:50, Low-Pressure Steam
hbm:item.fluid_icon:57, Carbon Dioxide
hbm:item.fluid_icon:6, Coolant
hbm:item.fluid_icon:78, Hot Coolant
hbm:item.fluid_icon:200, Perfluoromethyl
hbm:item.fluid_icon:201, Cold Perfluoromethyl
hbm:item.fluid_icon:202, Hot Perfluoromethyl
hbm:item.fluid_icon:39, Cryogel
hbm:item.fluid_icon:79, Mug Root Beer
hbm:item.fluid_icon:80, Hot Mug Root Beer
hbm:item.fluid_icon:187, Superheated Hydrogen
hbm:item.fluid_icon:190, Gaseous Poisonous Mud
hbm:item.fluid_icon:195, Gaseous Uranium Bromide
hbm:item.fluid_icon:196, Gaseous Plutonium Bromide
hbm:item.fluid_icon:197, Gaseous Schrabidium Bromide
hbm:item.fluid_icon:198, Gaseous Thorium Bromide
hbm:item.fluid_icon:85, Blood
hbm:item.fluid_icon:89, Blood Fuel
hbm:item.fluid_icon:91, Hot Blood
hbm:item.fluid_icon:135, Scutterblood
hbm:item.fluid_icon:169, Liquid Sodium
hbm:item.fluid_icon:170, Hot Liquid Sodium
hbm:item.fluid_icon:188, Liquid Lead
hbm:item.fluid_icon:189, Hot Liquid Lead
hbm:item.fluid_icon:171, Liquid Thorium Salt
hbm:item.fluid_icon:172, Hot Liquid Thorium Salt
hbm:item.fluid_icon:173, Depleted Liquid Thorium Salt
hbm:item.fluid_icon:40, Liquid Hydrogen
hbm:item.fluid_icon:8, Deuterium
hbm:item.fluid_icon:9, Tritium
hbm:item.fluid_icon:59, Helium-3
hbm:item.fluid_icon:167, Helium-4
hbm:item.fluid_icon:41, Liquid Oxygen
hbm:item.fluid_icon:98, Chlorine Gas
hbm:item.fluid_icon:126, Fluorine
hbm:item.fluid_icon:44, Mercury
hbm:item.fluid_icon:84, Liquid Nitrogen
hbm:item.fluid_icon:10, Crude Oil
hbm:item.fluid_icon:177, Desulfurized Crude Oil
hbm:item.fluid_icon:63, Cracked Oil
hbm:item.fluid_icon:179, Desulfurized Cracked Oil
hbm:item.fluid_icon:64, Coal Oil
hbm:item.fluid_icon:137, Coker Oil
hbm:item.fluid_icon:11, Hot Crude Oil
hbm:item.fluid_icon:178, Desulfurized Hot Crude Oil
hbm:item.fluid_icon:65, Hot Cracked Oil
hbm:item.fluid_icon:180, Desulfurized Hot Cracked Oil
hbm:item.fluid_icon:12, Heavy Oil
hbm:item.fluid_icon:99, Vacuum Heavy Oil
hbm:item.fluid_icon:19, Naphtha
hbm:item.fluid_icon:181, Desulfurized Naphtha
hbm:item.fluid_icon:66, Cracked Naphtha
hbm:item.fluid_icon:138, Coker Naphtha
hbm:item.fluid_icon:100, Reformate
hbm:item.fluid_icon:21, Light Oil
hbm:item.fluid_icon:182, Desulfurized Light Oil
hbm:item.fluid_icon:67, Cracked Light Oil
hbm:item.fluid_icon:101, Vacuum Light Oil
hbm:item.fluid_icon:13, Bitumen
hbm:item.fluid_icon:14, Industrial Oil
hbm:item.fluid_icon:15, Heating Oil
hbm:item.fluid_icon:110, Heavy Heating Oil
hbm:item.fluid_icon:16, Reclaimed Industrial Oil
hbm:item.fluid_icon:18, Engine Lubricant
hbm:item.fluid_icon:218, Flue Gas
hbm:item.fluid_icon:23, Natural Gas
hbm:item.fluid_icon:139, Coker Gas
hbm:item.fluid_icon:24, Petroleum Gas
hbm:item.fluid_icon:102, Sour Gas
hbm:item.fluid_icon:25, LPG
hbm:item.fluid_icon:95, Syngas
hbm:item.fluid_icon:96, Oxyhydrogen
hbm:item.fluid_icon:69, Aromatic Hydrocarbons
hbm:item.fluid_icon:70, Unsaturated Hydrocarbons
hbm:item.fluid_icon:103, BTX
hbm:item.fluid_icon:114, Reformate Gas
hbm:item.fluid_icon:20, Diesel
hbm:item.fluid_icon:111, High-Cetane Diesel
hbm:item.fluid_icon:68, Cracked Diesel
hbm:item.fluid_icon:112, High-Cetane Cracked Diesel
hbm:item.fluid_icon:22, Kerosene
hbm:item.fluid_icon:113, Jet Fuel
hbm:item.fluid_icon:17, Petroil
hbm:item.fluid_icon:74, Leaded Petroil
hbm:item.fluid_icon:48, Gasoline
hbm:item.fluid_icon:75, Leaded Gasoline
hbm:item.fluid_icon:49, Coal Gasoline
hbm:item.fluid_icon:76, Leaded Coal Gasoline
hbm:item.fluid_icon:82, Coal Tar Creosote
hbm:item.fluid_icon:81, Wood Oil
hbm:item.fluid_icon:26, Biogas
hbm:item.fluid_icon:27, Biofuel
hbm:item.fluid_icon:61, Ethanol
hbm:item.fluid_icon:133, N-MASS(III) Tetrahexaethanol
hbm:item.fluid_icon:143, Fish Oil
hbm:item.fluid_icon:144, Sunflower Seed Oil
hbm:item.fluid_icon:28, NITAN© 100 Octane Super Fuel
hbm:item.fluid_icon:88, Hydrazine
hbm:item.fluid_icon:213, Deuterated Hydrocarbon
hbm:item.fluid_icon:43, BF Rocket Fuel
hbm:item.fluid_icon:163, Magma
hbm:item.fluid_icon:165, Brine
hbm:item.fluid_icon:166, Conglomera
hbm:item.fluid_icon:164, Dicyanoacetylene
hbm:item.fluid_icon:199, Halide Gas
hbm:item.fluid_icon:209, Vinyl Chloride
hbm:item.fluid_icon:210, Tektonic Crude
hbm:item.fluid_icon:211, Chlorinated Benzenes
hbm:item.fluid_icon:212, Light Halocarbons
hbm:item.fluid_icon:71, Salient Green
hbm:item.fluid_icon:83, Seeding Slurry
hbm:item.fluid_icon:118, Colloid
hbm:item.fluid_icon:185, Vitriol
hbm:item.fluid_icon:186, Ore Slop
hbm:item.fluid_icon:227, Nutrient Slop
hbm:item.fluid_icon:228, Uncle Tam's Homemade Nutrient Slop
hbm:item.fluid_icon:131, Ionic Gel
hbm:item.fluid_icon:37, Hydrogen Peroxide
hbm:item.fluid_icon:77, Sulfuric Acid
hbm:item.fluid_icon:123, Alkyl Bromide
hbm:item.fluid_icon:191, Uranium Bromide
hbm:item.fluid_icon:194, Thorium Bromide
hbm:item.fluid_icon:192, Aqueous Copper
hbm:item.fluid_icon:193, Copper Sulfate
hbm:item.fluid_icon:215, Lithium Hydroxide Aerosol
hbm:item.fluid_icon:216, Lithium Bicarbonate Aerosol
hbm:item.fluid_icon:121, Chloromethane
hbm:item.fluid_icon:122, Methanol
hbm:item.fluid_icon:125, Polyethylene
hbm:item.fluid_icon:124, Chloroethane
hbm:item.fluid_icon:90, Oxygen-Rich Air
hbm:item.fluid_icon:232, Nether Air
hbm:item.fluid_icon:184, Duna Air
hbm:item.fluid_icon:119, Eve Air
hbm:item.fluid_icon:156, Jool Air
hbm:item.fluid_icon:157, Sarnus Air
hbm:item.fluid_icon:158, Urlum Air
hbm:item.fluid_icon:159, Neidon Air
hbm:item.fluid_icon:127, Tekto Air
hbm:item.fluid_icon:128, Dross Air
hbm:item.fluid_icon:86, Nitric Acid
hbm:item.fluid_icon:93, Hydrochloric Acid
hbm:item.fluid_icon:87, Ammonia
hbm:item.fluid_icon:92, Solvent
hbm:item.fluid_icon:97, High-Performance Solvent
hbm:item.fluid_icon:136, Pertechnetic Acid
hbm:item.fluid_icon:120, Potassium Permanganate Solution
hbm:item.fluid_icon:34, Schrabidic Acid
hbm:item.fluid_icon:29, Uranium Hexafluoride
hbm:item.fluid_icon:30, Plutonium Hexafluoride
hbm:item.fluid_icon:31, Human Blood
hbm:item.fluid_icon:32, Antiserum
hbm:item.fluid_icon:33, Schrabidium Trisulfide
hbm:item.fluid_icon:45, Pandemonium(III)tantalite Solution
hbm:item.fluid_icon:60, Osmiridic Solution
hbm:item.fluid_icon:38, Poisonous Mud
hbm:item.fluid_icon:146, Red Mud
hbm:item.fluid_icon:174, Fullerene Solution
hbm:item.fluid_icon:140, Dissolved Egg
hbm:item.fluid_icon:141, Cholesterol Solution
hbm:item.fluid_icon:147, Chlorocalcite Solution
hbm:item.fluid_icon:148, Mixed Chlorocalcite Solution
hbm:item.fluid_icon:149, Cleaned Chlorocalcite Solution
hbm:item.fluid_icon:150, Potassiumchloride Solution
hbm:item.fluid_icon:151, Calciumchloride Solution
hbm:item.fluid_icon:152, Calcium Solution
hbm:item.fluid_icon:204, Sodium Aluminate
hbm:item.fluid_icon:205, Bauxite Solution
hbm:item.fluid_icon:206, Alumina
hbm:item.fluid_icon:207, Aqueous Nickel
hbm:item.fluid_icon:208, Liquid Concrete
hbm:item.fluid_icon:51, Fracking Solution
hbm:item.fluid_icon:203, Lye
hbm:item.fluid_icon:129, Phosgene
hbm:item.fluid_icon:130, Mustard Gas
hbm:item.fluid_icon:142, Estradiol Solution
hbm:item.fluid_icon:145, Nitroglycerin
hbm:item.fluid_icon:35, Antimatter
hbm:item.fluid_icon:36, Antischrabidium
hbm:item.fluid_icon:46, Liquid Nuclear Waste
hbm:item.fluid_icon:47, Gaseous Nuclear Waste
hbm:item.fluid_icon:72, Experience Juice
hbm:item.fluid_icon:73, Ender Juice
hbm:item.fluid_icon:94, Mineral Slurry
hbm:item.fluid_icon:134, N-MASS(II) Driver Fuel
hbm:item.fluid_icon:183, Stellar Flux
hbm:item.fluid_icon:52, Deuterium-Tritium Plasma
hbm:item.fluid_icon:53, Hydrogen-Deuterium Plasma
hbm:item.fluid_icon:54, Hydrogen-Tritium Plasma
hbm:item.fluid_icon:58, Deuterium-Helium-3 Plasma
hbm:item.fluid_icon:55, Helium-4-Oxygen Plasma
hbm:item.fluid_icon:56, Balefire Plasma
hbm:item.fluid_icon:106, Krypton Gas
hbm:item.fluid_icon:42, Xenon Gas
hbm:item.fluid_icon:105, Argon Gas
hbm:item.fluid_icon:104, Neon Gas
hbm:item.fluid_icon:219, Stimpak
hbm:item.fluid_icon:220, Super Stimpak
hbm:item.fluid_icon:221, Med-X
hbm:item.fluid_icon:222, Psycho
hbm:item.fluid_icon:235, Bloatmusk
hbm:item.fluid_icon:234, Musty Bloatmusk
hbm:item.fluid_icon:233, Flaming Bloatmusk
hbm:item.fluid_icon:236, Musky Pheromone
hbm:item.fluid_icon:239, Satan's Blood
hbm:item.fluid_icon:238, Curdling Blood
hbm:item.fluid_icon:237, Hot Curdling Blood
hbm:item.fluid_icon:240, Wormwood
hbm:item.fluid_icon:241, Brimstone
hbm:item.fluid_icon:242, Verdigris
hbm:item.fluid_icon:243, Gall
hbm:item.fluid_icon:244, Brimtumen
hbm:item.fluid_icon:245, Blood of the Martyr
hbm:item.fluid_icon:246, Haemoglobin
hbm:item.fluid_icon:247, Ambrosia
hbm:item.fluid_icon:248, Morningstar's Fire
hbm:item.fluid_icon:249, Heparin
hbm:item.fluid_icon:250, Chevreul's Salt
hbm:item.fluid_icon:251, Dialysate
hbm:item.fluid_icon:252, Dew of the Garden
hbm:item.fluid_icon:253, Argent Bloatpus
hbm:item.fluid_icon:254, Bloatpus
hbm:item.fluid_icon:255, Bloatspirit
hbm:item.fluid_icon:223, AWESOME
hbm:item.fluid_icon:224, Antidote
hbm:item.fluid_icon:225, RadAway
hbm:item.fluid_icon:226, Poison
hbm:item.fluid_icon:229, Titanium Tetrachloride
hbm:item.fluid_icon:230, Heavy Sand Slop
hbm:item.fluid_icon:231, Monazite Slop
hbm:item.fluid_icon:108, Tea
hbm:item.fluid_icon:109, Honey
hbm:item.fluid_icon:107, Coffee
hbm:item.fluid_icon:115, Milk
hbm:item.fluid_icon:116, Strawberry Milk
hbm:item.fluid_icon:117, Carbon Tetrachloride
hbm:item.fluid_icon:132, Elbow Grease
hbm:item.fluid_icon:160, Evaporated Milk
hbm:item.fluid_icon:161, Condensed Milk
hbm:item.fluid_icon:162, Heavy Whipping Cream
hbm:item.fluid_icon:153, Smoke
hbm:item.fluid_icon:154, Leaded Smoke
hbm:item.fluid_icon:155, Poison Smoke
hbm:item.fluid_icon:175, Booster Pheromone
hbm:item.fluid_icon:176, Modified Booster Pheromone
hbm:item.fluid_icon:256, Piss
hbm:item.fluid_icon:257, Boiling Piss
hbm:item.fluid_icon:258, Decomposed Piss
hbm:item.fluid_icon:259, Natural Concrete
hbm:item.fluid_icon:260, Buurmium-Rich Liquid Concrete
hbm:item.fluid_icon:261, Liquid Concrete with Scrap
hbm:item.fluid_icon:262, Buurmic Acid
hbm:item.fluid_icon:263, Diluted Buurmic Acid
hbm:item.fluid_icon:264, Light Buurmium Solution
hbm:item.fluid_icon:1000, Custom Fluid Demo
hbm:item.fluid_duct:214, Fluid Duct: Compressed Air
hbm:item.fluid_duct:217, Fluid Duct: Hot Air Blast
hbm:item.fluid_duct:1, Fluid Duct: Water
hbm:item.fluid_duct:62, Fluid Duct: Heavy Water
hbm:item.fluid_duct:168, Fluid Duct: Hot Heavy Water
hbm:item.fluid_duct:7, Fluid Duct: Lava
hbm:item.fluid_duct:2, Fluid Duct: Steam
hbm:item.fluid_duct:3, Fluid Duct: Dense Steam
hbm:item.fluid_duct:4, Fluid Duct: Super Dense Steam
hbm:item.fluid_duct:5, Fluid Duct: Ultra Dense Steam
hbm:item.fluid_duct:50, Fluid Duct: Low-Pressure Steam
hbm:item.fluid_duct:57, Fluid Duct: Carbon Dioxide
hbm:item.fluid_duct:6, Fluid Duct: Coolant
hbm:item.fluid_duct:78, Fluid Duct: Hot Coolant
hbm:item.fluid_duct:200, Fluid Duct: Perfluoromethyl
hbm:item.fluid_duct:201, Fluid Duct: Cold Perfluoromethyl
hbm:item.fluid_duct:202, Fluid Duct: Hot Perfluoromethyl
hbm:item.fluid_duct:39, Fluid Duct: Cryogel
hbm:item.fluid_duct:79, Fluid Duct: Mug Root Beer
hbm:item.fluid_duct:80, Fluid Duct: Hot Mug Root Beer
hbm:item.fluid_duct:85, Fluid Duct: Blood
hbm:item.fluid_duct:89, Fluid Duct: Blood Fuel
hbm:item.fluid_duct:91, Fluid Duct: Hot Blood
hbm:item.fluid_duct:135, Fluid Duct: Scutterblood
hbm:item.fluid_duct:169, Fluid Duct: Liquid Sodium
hbm:item.fluid_duct:170, Fluid Duct: Hot Liquid Sodium
hbm:item.fluid_duct:188, Fluid Duct: Liquid Lead
hbm:item.fluid_duct:189, Fluid Duct: Hot Liquid Lead
hbm:item.fluid_duct:171, Fluid Duct: Liquid Thorium Salt
hbm:item.fluid_duct:172, Fluid Duct: Hot Liquid Thorium Salt
hbm:item.fluid_duct:173, Fluid Duct: Depleted Liquid Thorium Salt
hbm:item.fluid_duct:40, Fluid Duct: Liquid Hydrogen
hbm:item.fluid_duct:8, Fluid Duct: Deuterium
hbm:item.fluid_duct:9, Fluid Duct: Tritium
hbm:item.fluid_duct:59, Fluid Duct: Helium-3
hbm:item.fluid_duct:167, Fluid Duct: Helium-4
hbm:item.fluid_duct:41, Fluid Duct: Liquid Oxygen
hbm:item.fluid_duct:98, Fluid Duct: Chlorine Gas
hbm:item.fluid_duct:126, Fluid Duct: Fluorine
hbm:item.fluid_duct:44, Fluid Duct: Mercury
hbm:item.fluid_duct:84, Fluid Duct: Liquid Nitrogen
hbm:item.fluid_duct:10, Fluid Duct: Crude Oil
hbm:item.fluid_duct:177, Fluid Duct: Desulfurized Crude Oil
hbm:item.fluid_duct:63, Fluid Duct: Cracked Oil
hbm:item.fluid_duct:179, Fluid Duct: Desulfurized Cracked Oil
hbm:item.fluid_duct:64, Fluid Duct: Coal Oil
hbm:item.fluid_duct:137, Fluid Duct: Coker Oil
hbm:item.fluid_duct:11, Fluid Duct: Hot Crude Oil
hbm:item.fluid_duct:178, Fluid Duct: Desulfurized Hot Crude Oil
hbm:item.fluid_duct:65, Fluid Duct: Hot Cracked Oil
hbm:item.fluid_duct:180, Fluid Duct: Desulfurized Hot Cracked Oil
hbm:item.fluid_duct:12, Fluid Duct: Heavy Oil
hbm:item.fluid_duct:99, Fluid Duct: Vacuum Heavy Oil
hbm:item.fluid_duct:19, Fluid Duct: Naphtha
hbm:item.fluid_duct:181, Fluid Duct: Desulfurized Naphtha
hbm:item.fluid_duct:66, Fluid Duct: Cracked Naphtha
hbm:item.fluid_duct:138, Fluid Duct: Coker Naphtha
hbm:item.fluid_duct:100, Fluid Duct: Reformate
hbm:item.fluid_duct:21, Fluid Duct: Light Oil
hbm:item.fluid_duct:182, Fluid Duct: Desulfurized Light Oil
hbm:item.fluid_duct:67, Fluid Duct: Cracked Light Oil
hbm:item.fluid_duct:101, Fluid Duct: Vacuum Light Oil
hbm:item.fluid_duct:13, Fluid Duct: Bitumen
hbm:item.fluid_duct:14, Fluid Duct: Industrial Oil
hbm:item.fluid_duct:15, Fluid Duct: Heating Oil
hbm:item.fluid_duct:110, Fluid Duct: Heavy Heating Oil
hbm:item.fluid_duct:16, Fluid Duct: Reclaimed Industrial Oil
hbm:item.fluid_duct:18, Fluid Duct: Engine Lubricant
hbm:item.fluid_duct:218, Fluid Duct: Flue Gas
hbm:item.fluid_duct:23, Fluid Duct: Natural Gas
hbm:item.fluid_duct:139, Fluid Duct: Coker Gas
hbm:item.fluid_duct:24, Fluid Duct: Petroleum Gas
hbm:item.fluid_duct:102, Fluid Duct: Sour Gas
hbm:item.fluid_duct:25, Fluid Duct: LPG
hbm:item.fluid_duct:95, Fluid Duct: Syngas
hbm:item.fluid_duct:96, Fluid Duct: Oxyhydrogen
hbm:item.fluid_duct:69, Fluid Duct: Aromatic Hydrocarbons
hbm:item.fluid_duct:70, Fluid Duct: Unsaturated Hydrocarbons
hbm:item.fluid_duct:103, Fluid Duct: BTX
hbm:item.fluid_duct:114, Fluid Duct: Reformate Gas
hbm:item.fluid_duct:20, Fluid Duct: Diesel
hbm:item.fluid_duct:111, Fluid Duct: High-Cetane Diesel
hbm:item.fluid_duct:68, Fluid Duct: Cracked Diesel
hbm:item.fluid_duct:112, Fluid Duct: High-Cetane Cracked Diesel
hbm:item.fluid_duct:22, Fluid Duct: Kerosene
hbm:item.fluid_duct:113, Fluid Duct: Jet Fuel
hbm:item.fluid_duct:17, Fluid Duct: Petroil
hbm:item.fluid_duct:74, Fluid Duct: Leaded Petroil
hbm:item.fluid_duct:48, Fluid Duct: Gasoline
hbm:item.fluid_duct:75, Fluid Duct: Leaded Gasoline
hbm:item.fluid_duct:49, Fluid Duct: Coal Gasoline
hbm:item.fluid_duct:76, Fluid Duct: Leaded Coal Gasoline
hbm:item.fluid_duct:82, Fluid Duct: Coal Tar Creosote
hbm:item.fluid_duct:81, Fluid Duct: Wood Oil
hbm:item.fluid_duct:26, Fluid Duct: Biogas
hbm:item.fluid_duct:27, Fluid Duct: Biofuel
hbm:item.fluid_duct:61, Fluid Duct: Ethanol
hbm:item.fluid_duct:133, Fluid Duct: N-MASS(III) Tetrahexaethanol
hbm:item.fluid_duct:143, Fluid Duct: Fish Oil
hbm:item.fluid_duct:144, Fluid Duct: Sunflower Seed Oil
hbm:item.fluid_duct:28, Fluid Duct: NITAN© 100 Octane Super Fuel
hbm:item.fluid_duct:88, Fluid Duct: Hydrazine
hbm:item.fluid_duct:213, Fluid Duct: Deuterated Hydrocarbon
hbm:item.fluid_duct:43, Fluid Duct: BF Rocket Fuel
hbm:item.fluid_duct:163, Fluid Duct: Magma
hbm:item.fluid_duct:165, Fluid Duct: Brine
hbm:item.fluid_duct:166, Fluid Duct: Conglomera
hbm:item.fluid_duct:164, Fluid Duct: Dicyanoacetylene
hbm:item.fluid_duct:199, Fluid Duct: Halide Gas
hbm:item.fluid_duct:209, Fluid Duct: Vinyl Chloride
hbm:item.fluid_duct:210, Fluid Duct: Tektonic Crude
hbm:item.fluid_duct:211, Fluid Duct: Chlorinated Benzenes
hbm:item.fluid_duct:212, Fluid Duct: Light Halocarbons
hbm:item.fluid_duct:71, Fluid Duct: Salient Green
hbm:item.fluid_duct:83, Fluid Duct: Seeding Slurry
hbm:item.fluid_duct:118, Fluid Duct: Colloid
hbm:item.fluid_duct:185, Fluid Duct: Vitriol
hbm:item.fluid_duct:186, Fluid Duct: Ore Slop
hbm:item.fluid_duct:227, Fluid Duct: Nutrient Slop
hbm:item.fluid_duct:228, Fluid Duct: Uncle Tam's Homemade Nutrient Slop
hbm:item.fluid_duct:131, Fluid Duct: Ionic Gel
hbm:item.fluid_duct:37, Fluid Duct: Hydrogen Peroxide
hbm:item.fluid_duct:77, Fluid Duct: Sulfuric Acid
hbm:item.fluid_duct:123, Fluid Duct: Alkyl Bromide
hbm:item.fluid_duct:191, Fluid Duct: Uranium Bromide
hbm:item.fluid_duct:194, Fluid Duct: Thorium Bromide
hbm:item.fluid_duct:192, Fluid Duct: Aqueous Copper
hbm:item.fluid_duct:193, Fluid Duct: Copper Sulfate
hbm:item.fluid_duct:215, Fluid Duct: Lithium Hydroxide Aerosol
hbm:item.fluid_duct:216, Fluid Duct: Lithium Bicarbonate Aerosol
hbm:item.fluid_duct:121, Fluid Duct: Chloromethane
hbm:item.fluid_duct:122, Fluid Duct: Methanol
hbm:item.fluid_duct:125, Fluid Duct: Polyethylene
hbm:item.fluid_duct:124, Fluid Duct: Chloroethane
hbm:item.fluid_duct:90, Fluid Duct: Oxygen-Rich Air
hbm:item.fluid_duct:232, Fluid Duct: Nether Air
hbm:item.fluid_duct:184, Fluid Duct: Duna Air
hbm:item.fluid_duct:119, Fluid Duct: Eve Air
hbm:item.fluid_duct:156, Fluid Duct: Jool Air
hbm:item.fluid_duct:157, Fluid Duct: Sarnus Air
hbm:item.fluid_duct:158, Fluid Duct: Urlum Air
hbm:item.fluid_duct:159, Fluid Duct: Neidon Air
hbm:item.fluid_duct:127, Fluid Duct: Tekto Air
hbm:item.fluid_duct:128, Fluid Duct: Dross Air
hbm:item.fluid_duct:86, Fluid Duct: Nitric Acid
hbm:item.fluid_duct:93, Fluid Duct: Hydrochloric Acid
hbm:item.fluid_duct:87, Fluid Duct: Ammonia
hbm:item.fluid_duct:92, Fluid Duct: Solvent
hbm:item.fluid_duct:97, Fluid Duct: High-Performance Solvent
hbm:item.fluid_duct:136, Fluid Duct: Pertechnetic Acid
hbm:item.fluid_duct:120, Fluid Duct: Potassium Permanganate Solution
hbm:item.fluid_duct:34, Fluid Duct: Schrabidic Acid
hbm:item.fluid_duct:29, Fluid Duct: Uranium Hexafluoride
hbm:item.fluid_duct:30, Fluid Duct: Plutonium Hexafluoride
hbm:item.fluid_duct:31, Fluid Duct: Human Blood
hbm:item.fluid_duct:32, Fluid Duct: Antiserum
hbm:item.fluid_duct:33, Fluid Duct: Schrabidium Trisulfide
hbm:item.fluid_duct:45, Fluid Duct: Pandemonium(III)tantalite Solution
hbm:item.fluid_duct:60, Fluid Duct: Osmiridic Solution
hbm:item.fluid_duct:38, Fluid Duct: Poisonous Mud
hbm:item.fluid_duct:146, Fluid Duct: Red Mud
hbm:item.fluid_duct:174, Fluid Duct: Fullerene Solution
hbm:item.fluid_duct:140, Fluid Duct: Dissolved Egg
hbm:item.fluid_duct:141, Fluid Duct: Cholesterol Solution
hbm:item.fluid_duct:147, Fluid Duct: Chlorocalcite Solution
hbm:item.fluid_duct:148, Fluid Duct: Mixed Chlorocalcite Solution
hbm:item.fluid_duct:149, Fluid Duct: Cleaned Chlorocalcite Solution
hbm:item.fluid_duct:150, Fluid Duct: Potassiumchloride Solution
hbm:item.fluid_duct:151, Fluid Duct: Calciumchloride Solution
hbm:item.fluid_duct:152, Fluid Duct: Calcium Solution
hbm:item.fluid_duct:204, Fluid Duct: Sodium Aluminate
hbm:item.fluid_duct:205, Fluid Duct: Bauxite Solution
hbm:item.fluid_duct:206, Fluid Duct: Alumina
hbm:item.fluid_duct:207, Fluid Duct: Aqueous Nickel
hbm:item.fluid_duct:208, Fluid Duct: Liquid Concrete
hbm:item.fluid_duct:51, Fluid Duct: Fracking Solution
hbm:item.fluid_duct:203, Fluid Duct: Lye
hbm:item.fluid_duct:129, Fluid Duct: Phosgene
hbm:item.fluid_duct:130, Fluid Duct: Mustard Gas
hbm:item.fluid_duct:142, Fluid Duct: Estradiol Solution
hbm:item.fluid_duct:145, Fluid Duct: Nitroglycerin
hbm:item.fluid_duct:35, Fluid Duct: Antimatter
hbm:item.fluid_duct:36, Fluid Duct: Antischrabidium
hbm:item.fluid_duct:46, Fluid Duct: Liquid Nuclear Waste
hbm:item.fluid_duct:47, Fluid Duct: Gaseous Nuclear Waste
hbm:item.fluid_duct:72, Fluid Duct: Experience Juice
hbm:item.fluid_duct:73, Fluid Duct: Ender Juice
hbm:item.fluid_duct:94, Fluid Duct: Mineral Slurry
hbm:item.fluid_duct:134, Fluid Duct: N-MASS(II) Driver Fuel
hbm:item.fluid_duct:183, Fluid Duct: Stellar Flux
hbm:item.fluid_duct:106, Fluid Duct: Krypton Gas
hbm:item.fluid_duct:42, Fluid Duct: Xenon Gas
hbm:item.fluid_duct:105, Fluid Duct: Argon Gas
hbm:item.fluid_duct:104, Fluid Duct: Neon Gas
hbm:item.fluid_duct:219, Fluid Duct: Stimpak
hbm:item.fluid_duct:220, Fluid Duct: Super Stimpak
hbm:item.fluid_duct:221, Fluid Duct: Med-X
hbm:item.fluid_duct:222, Fluid Duct: Psycho
hbm:item.fluid_duct:235, Fluid Duct: Bloatmusk
hbm:item.fluid_duct:234, Fluid Duct: Musty Bloatmusk
hbm:item.fluid_duct:233, Fluid Duct: Flaming Bloatmusk
hbm:item.fluid_duct:236, Fluid Duct: Musky Pheromone
hbm:item.fluid_duct:239, Fluid Duct: Satan's Blood
hbm:item.fluid_duct:238, Fluid Duct: Curdling Blood
hbm:item.fluid_duct:237, Fluid Duct: Hot Curdling Blood
hbm:item.fluid_duct:240, Fluid Duct: Wormwood
hbm:item.fluid_duct:241, Fluid Duct: Brimstone
hbm:item.fluid_duct:242, Fluid Duct: Verdigris
hbm:item.fluid_duct:243, Fluid Duct: Gall
hbm:item.fluid_duct:244, Fluid Duct: Brimtumen
hbm:item.fluid_duct:245, Fluid Duct: Blood of the Martyr
hbm:item.fluid_duct:246, Fluid Duct: Haemoglobin
hbm:item.fluid_duct:247, Fluid Duct: Ambrosia
hbm:item.fluid_duct:248, Fluid Duct: Morningstar's Fire
hbm:item.fluid_duct:249, Fluid Duct: Heparin
hbm:item.fluid_duct:250, Fluid Duct: Chevreul's Salt
hbm:item.fluid_duct:251, Fluid Duct: Dialysate
hbm:item.fluid_duct:252, Fluid Duct: Dew of the Garden
hbm:item.fluid_duct:253, Fluid Duct: Argent Bloatpus
hbm:item.fluid_duct:254, Fluid Duct: Bloatpus
hbm:item.fluid_duct:255, Fluid Duct: Bloatspirit
hbm:item.fluid_duct:223, Fluid Duct: AWESOME
hbm:item.fluid_duct:224, Fluid Duct: Antidote
hbm:item.fluid_duct:225, Fluid Duct: RadAway
hbm:item.fluid_duct:226, Fluid Duct: Poison
hbm:item.fluid_duct:229, Fluid Duct: Titanium Tetrachloride
hbm:item.fluid_duct:230, Fluid Duct: Heavy Sand Slop
hbm:item.fluid_duct:231, Fluid Duct: Monazite Slop
hbm:item.fluid_duct:108, Fluid Duct: Tea
hbm:item.fluid_duct:109, Fluid Duct: Honey
hbm:item.fluid_duct:107, Fluid Duct: Coffee
hbm:item.fluid_duct:115, Fluid Duct: Milk
hbm:item.fluid_duct:116, Fluid Duct: Strawberry Milk
hbm:item.fluid_duct:117, Fluid Duct: Carbon Tetrachloride
hbm:item.fluid_duct:132, Fluid Duct: Elbow Grease
hbm:item.fluid_duct:160, Fluid Duct: Evaporated Milk
hbm:item.fluid_duct:161, Fluid Duct: Condensed Milk
hbm:item.fluid_duct:162, Fluid Duct: Heavy Whipping Cream
hbm:item.fluid_duct:175, Fluid Duct: Booster Pheromone
hbm:item.fluid_duct:176, Fluid Duct: Modified Booster Pheromone
hbm:item.fluid_duct:256, Fluid Duct: Piss
hbm:item.fluid_duct:257, Fluid Duct: Boiling Piss
hbm:item.fluid_duct:258, Fluid Duct: Decomposed Piss
hbm:item.fluid_duct:259, Fluid Duct: Natural Concrete
hbm:item.fluid_duct:260, Fluid Duct: Buurmium-Rich Liquid Concrete
hbm:item.fluid_duct:261, Fluid Duct: Liquid Concrete with Scrap
hbm:item.fluid_duct:262, Fluid Duct: Buurmic Acid
hbm:item.fluid_duct:263, Fluid Duct: Diluted Buurmic Acid
hbm:item.fluid_duct:264, Fluid Duct: Light Buurmium Solution
hbm:item.fluid_duct:1000, Fluid Duct: Custom Fluid Demo
hbm:item.fuse, Fuse
hbm:item.screwdriver, Screwdriver
hbm:item.screwdriver_desh, Desh Screwdriver
hbm:item.hand_drill, Hand Drill
hbm:item.hand_drill_desh, Desh Hand Drill
hbm:item.chemistry_set, Laboratory Glassware
hbm:item.chemistry_set_boron, Laboratory Glassware (Boron Glass)
hbm:item.blowtorch, Blowtorch
hbm:item.acetylene_torch, Acetylene Welding Torch
hbm:item.boltgun, Pneumatic Rivet Gun
hbm:item.arc_electrode:0, Graphite Electrode
hbm:item.arc_electrode:1, Lanthanium Electrode
hbm:item.arc_electrode:2, Desh Electrode
hbm:item.arc_electrode:3, Saturnite Electrode
hbm:item.arc_electrode_burnt:0, Molten Graphite Electrode
hbm:item.arc_electrode_burnt:1, Molten Lanthanium Electrode
hbm:item.arc_electrode_burnt:2, Molten Desh Electrode
hbm:item.arc_electrode_burnt:3, Molten Saturnite Electrode
hbm:item.part_lithium, Box of Lithium Dust
hbm:item.part_beryllium, Box of Beryllium Dust
hbm:item.part_carbon, Box of Carbon Dust
hbm:item.part_copper, Box of Copper Dust
hbm:item.part_plutonium, Box of Plutonium Dust
hbm:item.laser_crystal_co2, CO2-Desh Laser Crystal
hbm:item.laser_crystal_bismuth, BiSmUTh Laser Crystal
hbm:item.laser_crystal_cmb, CMB-Schrabidate Antimatter Laser Crystal
hbm:item.laser_crystal_iron, Iron-Arsenide BF Laser Crystal
hbm:item.laser_crystal_dnt, Spark Laser Crystal
hbm:item.laser_crystal_digamma, Digamma Laser Crystal
hbm:item.rune_blank, Blank Catalyst Matrix
hbm:item.rune_isa, Cool Catalyst Matrix
hbm:item.rune_dagaz, Balanced Catalyst Matrix
hbm:item.rune_hagalaz, Rough Catalyst Matrix
hbm:item.rune_jera, Multiplicative Catalyst Matrix
hbm:item.rune_thurisaz, Additive Catalyst Matrix
hbm:item.ams_catalyst_blank, Blank Reaction Catalyst
hbm:item.ams_catalyst_aluminium, Aluminium Reaction Catalyst
hbm:item.ams_catalyst_beryllium, Beryllium Reaction Catalyst
hbm:item.ams_catalyst_caesium, Caeseium Reaction Catalyst
hbm:item.ams_catalyst_cerium, Cerium Reaction Catalyst
hbm:item.ams_catalyst_cobalt, Cobalt Reaction Catalyst
hbm:item.ams_catalyst_copper, Copper Reaction Catalyst
hbm:item.ams_catalyst_euphemium, Euphemium Reaction Catalyst
hbm:item.ams_catalyst_dineutronium, Dineutronium Reaction Catalyst
hbm:item.ams_catalyst_iron, Iron Reaction Catalyst
hbm:item.ams_catalyst_lithium, Lithium Reaction Catalyst
hbm:item.ams_catalyst_niobium, Niobium Reaction Catalyst
hbm:item.ams_catalyst_schrabidium, Schrabidium Reaction Catalyst
hbm:item.ams_catalyst_strontium, Strontium Reaction Catalyst
hbm:item.ams_catalyst_thorium, Thorium Reaction Catalyst
hbm:item.ams_catalyst_tungsten, Tungsten Reaction Catalyst
hbm:item.blades_steel, Steel Shredder Blades
hbm:item.blades_titanium, Titanium Shredder Blades
hbm:item.blades_desh, Desh Shredder Blades
hbm:item.thermo_element, Thermoelectric Element
hbm:item.catalytic_converter, Catalytic Converter
hbm:item.ams_lens, Stabilizer Lens
hbm:item.ams_core_sing, Vibrant Singularity (AMS/DFC Core)
hbm:item.ams_core_wormhole, Tiny Wormhole (AMS/DFC Core)
hbm:item.ams_core_eyeofharmony, Eye of Harmony (AMS/DFC Core)
hbm:item.ams_core_thingy, Thingy (AMS/DFC Core)
hbm:item.fusion_shield_tungsten, Tungsten Fusion Reactor Blanket
hbm:item.fusion_shield_desh, Desh Fusion Reactor Blanket
hbm:item.fusion_shield_chlorophyte, Chlorophyte-Metallized Fusion Reactor Blanket
hbm:item.fusion_shield_vaporwave, Vaporwave Fusion Reactor Blanket
hbm:item.rod_empty, Empty Rod
hbm:item.rod:0, Lithium Rod
hbm:item.rod:1, Tritium Rod
hbm:item.rod:2, Cobalt Rod
hbm:item.rod:3, Cobalt-60 Rod
hbm:item.rod:4, Thorium-232 Rod
hbm:item.rod:5, Thorium Fuel Rod
hbm:item.rod:6, Uranium-235 Rod
hbm:item.rod:7, Neptunium-237 Rod
hbm:item.rod:8, Uranium-238 Rod
hbm:item.rod:9, Plutonium-238 Rod
hbm:item.rod:10, Plutonium-239 Rod
hbm:item.rod:11, Reactor-Grade Plutonium Rod
hbm:item.rod:12, Nuclear Waste Rod
hbm:item.rod:13, Lead Rod
hbm:item.rod:14, Uranium Rod
hbm:item.rod:15, Radium-226 Rod
hbm:item.rod:16, Actinium-227 Rod
hbm:item.rod_dual_empty, Empty Dual Rod
hbm:item.rod_dual:0, Lithium Dual Rod
hbm:item.rod_dual:1, Tritium Dual Rod
hbm:item.rod_dual:2, Cobalt Dual Rod
hbm:item.rod_dual:3, Cobalt-60 Dual Rod
hbm:item.rod_dual:4, Thorium-232 Dual Rod
hbm:item.rod_dual:5, Thorium Fuel Dual Rod
hbm:item.rod_dual:6, Uranium-235 Dual Rod
hbm:item.rod_dual:7, Neptunium-237 Dual Rod
hbm:item.rod_dual:8, Uranium-238 Dual Rod
hbm:item.rod_dual:9, Plutonium-238 Dual Rod
hbm:item.rod_dual:10, Plutonium-239 Dual Rod
hbm:item.rod_dual:11, Reactor-Grade Plutonium Dual Rod
hbm:item.rod_dual:12, Nuclear Waste Dual Rod
hbm:item.rod_dual:13, Lead Dual Rod
hbm:item.rod_dual:14, Uranium Dual Rod
hbm:item.rod_dual:15, Radium-226 Dual Rod
hbm:item.rod_dual:16, Actinium-227 Dual Rod
hbm:item.rod_quad_empty, Empty Quad Rod
hbm:item.rod_quad:0, Lithium Quad Rod
hbm:item.rod_quad:1, Tritium Quad Rod
hbm:item.rod_quad:2, Cobalt Quad Rod
hbm:item.rod_quad:3, Cobalt-60 Quad Rod
hbm:item.rod_quad:4, Thorium-232 Quad Rod
hbm:item.rod_quad:5, Thorium Fuel Quad Rod
hbm:item.rod_quad:6, Uranium-235 Quad Rod
hbm:item.rod_quad:7, Neptunium-237 Quad Rod
hbm:item.rod_quad:8, Uranium-238 Quad Rod
hbm:item.rod_quad:9, Plutonium-238 Quad Rod
hbm:item.rod_quad:10, Plutonium-239 Quad Rod
hbm:item.rod_quad:11, Reactor-Grade Plutonium Quad Rod
hbm:item.rod_quad:12, Nuclear Waste Quad Rod
hbm:item.rod_quad:13, Lead Quad Rod
hbm:item.rod_quad:14, Uranium Quad Rod
hbm:item.rod_quad:15, Radium-226 Quad Rod
hbm:item.rod_quad:16, Actinium-227 Quad Rod
hbm:item.rod_zirnox_empty, Empty ZIRNOX Rod
hbm:item.rod_zirnox_tritium, ZIRNOX Tritium Rod
hbm:item.rod_zirnox:0, ZIRNOX Natural Uranium Fuel Rod
hbm:item.rod_zirnox:1, ZIRNOX Uranium Fuel Rod
hbm:item.rod_zirnox:2, ZIRNOX Thorium-232 Rod
hbm:item.rod_zirnox:3, ZIRNOX Thorium Fuel Rod
hbm:item.rod_zirnox:4, ZIRNOX MOX Fuel Rod
hbm:item.rod_zirnox:5, ZIRNOX Plutonium Fuel Rod
hbm:item.rod_zirnox:6, ZIRNOX Uranium-233 Fuel Rod
hbm:item.rod_zirnox:7, ZIRNOX Uranium-235 Fuel Rod
hbm:item.rod_zirnox:8, ZIRNOX LES Fuel Rod
hbm:item.rod_zirnox:9, ZIRNOX Lithium Rod
hbm:item.rod_zirnox:10, ZIRNOX ZFB MOX Fuel Rod
hbm:item.rod_zirnox_natural_uranium_fuel_depleted, Depleted ZIRNOX Natural Uranium Fuel Rod
hbm:item.rod_zirnox_uranium_fuel_depleted,  Depleted ZIRNOX Uranium Fuel Rod
hbm:item.rod_zirnox_thorium_fuel_depleted,  Depleted ZIRNOX Thorium Fuel Rod
hbm:item.rod_zirnox_mox_fuel_depleted, Depleted ZIRNOX MOX Fuel Rod
hbm:item.rod_zirnox_plutonium_fuel_depleted, Depleted ZIRNOX Plutonium Fuel Rod
hbm:item.rod_zirnox_u233_fuel_depleted, Depleted ZIRNOX Uranium-233 Fuel Rod
hbm:item.rod_zirnox_u235_fuel_depleted, Depleted ZIRNOX Uranium-235 Fuel Rod
hbm:item.rod_zirnox_les_fuel_depleted, Depleted ZIRNOX LES Fuel Rod
hbm:item.rod_zirnox_zfb_mox_depleted, Depleted ZIRNOX ZFB MOX Fuel Rod
hbm:item.waste_natural_uranium:0, Depleted Natural Uranium Fuel
hbm:item.waste_natural_uranium:1, Depleted Natural Uranium Fuel
hbm:item.waste_uranium:0, Depleted Uranium Fuel
hbm:item.waste_uranium:1, Depleted Uranium Fuel
hbm:item.waste_thorium:0, Depleted Thorium Fuel
hbm:item.waste_thorium:1, Depleted Thorium Fuel
hbm:item.waste_mox:0, Depleted MOX Fuel
hbm:item.waste_mox:1, Depleted MOX Fuel
hbm:item.waste_plutonium:0, Depleted Plutonium Fuel
hbm:item.waste_plutonium:1, Depleted Plutonium Fuel
hbm:item.waste_u233:0, Depleted Uranium-233 Fuel
hbm:item.waste_u233:1, Depleted Uranium-233 Fuel
hbm:item.waste_u235:0, Depleted Uranium-235 Fuel
hbm:item.waste_u235:1, Depleted Uranium-235 Fuel
hbm:item.waste_schrabidium:0, Depleted Schrabidium Fuel
hbm:item.waste_schrabidium:1, Depleted Schrabidium Fuel
hbm:item.waste_zfb_mox:0, Depleted ZFB MOX Fuel
hbm:item.waste_zfb_mox:1, Depleted ZFB MOX Fuel
hbm:item.waste_plate_u233:0, Depleted HEU-233 Plate Fuel
hbm:item.waste_plate_u233:1, Depleted HEU-233 Plate Fuel
hbm:item.waste_plate_u235:0, Depleted HEU-235 Plate Fuel
hbm:item.waste_plate_u235:1, Depleted HEU-235 Plate Fuel
hbm:item.waste_plate_mox:0, Depleted MOX Plate Fuel
hbm:item.waste_plate_mox:1, Depleted MOX Plate Fuel
hbm:item.waste_plate_pu239:0, Depleted HEP-239 Plate Fuel
hbm:item.waste_plate_pu239:1, Depleted HEP-239 Plate Fuel
hbm:item.waste_plate_ra226be:0, Depleted Ra226Be Plate Fuel
hbm:item.waste_plate_ra226be:1, Depleted Ra226Be Plate Fuel
hbm:item.waste_plate_sa326:0, Depleted HES-326 Plate Fuel
hbm:item.waste_plate_sa326:1, Depleted HES-326 Plate Fuel
hbm:item.waste_plate_pu238be:0, Depleted Pu238Be Plate Fuel
hbm:item.waste_plate_pu238be:1, Depleted Pu238Be Plate Fuel
hbm:item.pile_rod_uranium, Chicago Pile Uranium Rod (LEGACY)
hbm:item.pile_rod_pu239, Chicago Pile Bred Uranium Rod (LEGACY)
hbm:item.pile_rod_plutonium, Chicago Pile Plutonium Rod (LEGACY)
hbm:item.pile_rod_source, Chicago Pile Ra226Be Neutron Source (LEGACY)
hbm:item.pile_rod_boron, Chicago Pile Control Rod (LEGACY)
hbm:item.pile_rod_lithium, Chicago Pile Lithium Cell (LEGACY)
hbm:item.pile_rod_detector, Chicago Pile Control & Detector Rod (LEGACY)
hbm:item.pile_rod:0, Chicago Pile Ra226Be Neutron source
hbm:item.pile_rod:1, Chicago Pile Po210Be Neutron source
hbm:item.pile_rod:2, Chicago Pile Zirconium Rod
hbm:item.pile_rod:3, Chicago Pile Natural Uranium Rod
hbm:item.pile_rod:4, Chicago Pile Plutonium-239 Rod
hbm:item.pile_rod:5, Chicago Pile RGP Rod
hbm:item.pile_rod:6, Chicago Pile Nuclear Waste Rod
hbm:item.plate_fuel_u233, HEU-233 Plate Fuel
hbm:item.plate_fuel_u235, HEU-235 Plate Fuel
hbm:item.plate_fuel_mox, MOX Plate Fuel
hbm:item.plate_fuel_pu239, HEP-239 Plate Fuel
hbm:item.plate_fuel_sa326, HES-326 Plate Fuel
hbm:item.plate_fuel_ra226be, Ra226Be Plate Fuel
hbm:item.plate_fuel_pu238be, Pu238Be Plate Fuel
hbm:item.pwr_fuel:0, MEU PWR Fuel Rod
hbm:item.pwr_fuel:1, HEU-233 PWR Fuel Rod
hbm:item.pwr_fuel:2, HEU-235 PWR Fuel Rod
hbm:item.pwr_fuel:3, MEN PWR Fuel Rod
hbm:item.pwr_fuel:4, HEN-237 PWR Fuel Rod
hbm:item.pwr_fuel:5, MOX PWR Fuel Rod
hbm:item.pwr_fuel:6, MEP PWR Fuel Rod
hbm:item.pwr_fuel:7, HEP-239 PWR Fuel Rod
hbm:item.pwr_fuel:8, HEP-241 PWR Fuel Rod
hbm:item.pwr_fuel:9, MEA PWR Fuel Rod
hbm:item.pwr_fuel:10, HEA-242 PWR Fuel Rod
hbm:item.pwr_fuel:11, HES-326 PWR Fuel Rod
hbm:item.pwr_fuel:12, HES-327 PWR Fuel Rod
hbm:item.pwr_fuel:13, Fuel Grade Americium PWR BFB Rod
hbm:item.pwr_fuel:14, Plutonium-241 PWR BFB Rod
hbm:item.pwr_fuel_hot:0, Hot MEU PWR Fuel Rod
hbm:item.pwr_fuel_hot:1, Hot HEU-233 PWR Fuel Rod
hbm:item.pwr_fuel_hot:2, Hot HEU-235 PWR Fuel Rod
hbm:item.pwr_fuel_hot:3, Hot MEN PWR Fuel Rod
hbm:item.pwr_fuel_hot:4, Hot HEN-237 PWR Fuel Rod
hbm:item.pwr_fuel_hot:5, Hot MOX PWR Fuel Rod
hbm:item.pwr_fuel_hot:6, Hot MEP PWR Fuel Rod
hbm:item.pwr_fuel_hot:7, Hot HEP-239 PWR Fuel Rod
hbm:item.pwr_fuel_hot:8, Hot HEP-241 PWR Fuel Rod
hbm:item.pwr_fuel_hot:9, Hot MEA PWR Fuel Rod
hbm:item.pwr_fuel_hot:10, Hot HEA-242 PWR Fuel Rod
hbm:item.pwr_fuel_hot:11, Hot HES-326 PWR Fuel Rod
hbm:item.pwr_fuel_hot:12, Hot HES-327 PWR Fuel Rod
hbm:item.pwr_fuel_hot:13, Hot Fuel Grade Americium PWR BFB Rod
hbm:item.pwr_fuel_hot:14, Hot Plutonium-241 PWR BFB Rod
hbm:item.pwr_fuel_depleted:0, Depleted MEU PWR Fuel Rod
hbm:item.pwr_fuel_depleted:1, Depleted HEU-233 PWR Fuel Rod
hbm:item.pwr_fuel_depleted:2, Depleted HEU-235 PWR Fuel Rod
hbm:item.pwr_fuel_depleted:3, Depleted MEN PWR Fuel Rod
hbm:item.pwr_fuel_depleted:4, Depleted HEN-237 PWR Fuel Rod
hbm:item.pwr_fuel_depleted:5, Depleted MOX PWR Fuel Rod
hbm:item.pwr_fuel_depleted:6, Depleted MEP PWR Fuel Rod
hbm:item.pwr_fuel_depleted:7, Depleted HEP-239 PWR Fuel Rod
hbm:item.pwr_fuel_depleted:8, Depleted HEP-241 PWR Fuel Rod
hbm:item.pwr_fuel_depleted:9, Depleted MEA PWR Fuel Rod
hbm:item.pwr_fuel_depleted:10, Depleted HEA-242 PWR Fuel Rod
hbm:item.pwr_fuel_depleted:11, Depleted HES-326 PWR Fuel Rod
hbm:item.pwr_fuel_depleted:12, Depleted HES-327 PWR Fuel Rod
hbm:item.pwr_fuel_depleted:13, Depleted Fuel Grade Americium PWR BFB Rod
hbm:item.pwr_fuel_depleted:14, Depleted Plutonium-241 PWR BFB Rod
hbm:item.pwr_printer, PWR Printer
hbm:item.rbmk_lid, RBMK Cover Panel
hbm:item.rbmk_lid_glass, RBMK Glass Cover Panel
hbm:item.rbmk_fuel_empty, Empty RBMK Fuel Rod
hbm:item.rbmk_fuel_ueu, NU RBMK Fuel Rod
hbm:item.rbmk_fuel_meu, MEU RBMK Fuel Rod
hbm:item.rbmk_fuel_heu233, HEU-233 RBMK Fuel Rod
hbm:item.rbmk_fuel_heu235, HEU-235 RBMK Fuel Rod
hbm:item.rbmk_fuel_uzh, UZrH RBMK Fuel Rod
hbm:item.rbmk_fuel_thmeu, ThMEU RBMK Fuel Rod
hbm:item.rbmk_fuel_lep, LEP-239 RBMK Fuel Rod
hbm:item.rbmk_fuel_mep, MEP-239 RBMK Fuel Rod
hbm:item.rbmk_fuel_hep, HEP-239 RBMK Fuel Rod
hbm:item.rbmk_fuel_hep241, HEP-241 RBMK Fuel Rod
hbm:item.rbmk_fuel_lea, LEA RBMK Fuel Rod
hbm:item.rbmk_fuel_mea, MEA RBMK Fuel Rod
hbm:item.rbmk_fuel_hea241, HEA-241 RBMK Fuel Rod
hbm:item.rbmk_fuel_hea242, HEA-242 RBMK Fuel Rod
hbm:item.rbmk_fuel_bk247, BK-247 RBMK Fuel Rod
hbm:item.rbmk_fuel_men, MEN RBMK Fuel Rod
hbm:item.rbmk_fuel_hen, HEN RBMK Fuel Rod
hbm:item.rbmk_fuel_mox, MOX RBMK Fuel Rod
hbm:item.rbmk_fuel_bloatate, Bloatate RBMK Fuel Rod
hbm:item.rbmk_fuel_les, LES RBMK Fuel Rod
hbm:item.rbmk_fuel_mes, MES RBMK Fuel Rod
hbm:item.rbmk_fuel_hes, HES RBMK Fuel Rod
hbm:item.rbmk_fuel_leaus, LEAus RBMK Fuel Rod
hbm:item.rbmk_fuel_heaus, HEAus RBMK Fuel Rod
hbm:item.rbmk_fuel_po210be, Po210Be RBMK Neutron Source
hbm:item.rbmk_fuel_ra226be, Ra226Be RBMK Neutron Source
hbm:item.rbmk_fuel_pu238be, Pu238Be RBMK Neutron Source
hbm:item.rbmk_fuel_balefire_gold, Flashgold RBMK Fuel Rod
hbm:item.rbmk_fuel_flashlead, Flashlead RBMK Fuel Rod
hbm:item.rbmk_fuel_balefire, Balefire RBMK Fuel Rod
hbm:item.rbmk_fuel_zfb_bismuth, Bismuth RBMK ZFB Rod
hbm:item.rbmk_fuel_zfb_pu241, Pu-241 RBMK ZFB Rod
hbm:item.rbmk_fuel_zfb_am_mix, Fuel Grade Americium RBMK ZFB Rod
hbm:item.rbmk_fuel_drx, §cDigamma RBMK Fuel Rod§r
hbm:item.rbmk_fuel_test, item.rbmk_fuel_test.name
hbm:item.rbmk_fuel_lecm, LECm RBMK Fuel Rod
hbm:item.rbmk_fuel_mecm, MECm RBMK Fuel Rod
hbm:item.rbmk_fuel_hecm, HECm RBMK Fuel Rod
hbm:item.rbmk_pellet_ueu:0, NU Fuel Pellet
hbm:item.rbmk_pellet_ueu:1, NU Fuel Pellet
hbm:item.rbmk_pellet_ueu:2, NU Fuel Pellet
hbm:item.rbmk_pellet_ueu:3, NU Fuel Pellet
hbm:item.rbmk_pellet_ueu:4, NU Fuel Pellet
hbm:item.rbmk_pellet_ueu:5, NU Fuel Pellet
hbm:item.rbmk_pellet_ueu:6, NU Fuel Pellet
hbm:item.rbmk_pellet_ueu:7, NU Fuel Pellet
hbm:item.rbmk_pellet_ueu:8, NU Fuel Pellet
hbm:item.rbmk_pellet_ueu:9, NU Fuel Pellet
hbm:item.rbmk_pellet_meu:0, MEU Fuel Pellet
hbm:item.rbmk_pellet_meu:1, MEU Fuel Pellet
hbm:item.rbmk_pellet_meu:2, MEU Fuel Pellet
hbm:item.rbmk_pellet_meu:3, MEU Fuel Pellet
hbm:item.rbmk_pellet_meu:4, MEU Fuel Pellet
hbm:item.rbmk_pellet_meu:5, MEU Fuel Pellet
hbm:item.rbmk_pellet_meu:6, MEU Fuel Pellet
hbm:item.rbmk_pellet_meu:7, MEU Fuel Pellet
hbm:item.rbmk_pellet_meu:8, MEU Fuel Pellet
hbm:item.rbmk_pellet_meu:9, MEU Fuel Pellet
hbm:item.rbmk_pellet_heu233:0, HEU-233 Fuel Pellet
hbm:item.rbmk_pellet_heu233:1, HEU-233 Fuel Pellet
hbm:item.rbmk_pellet_heu233:2, HEU-233 Fuel Pellet
hbm:item.rbmk_pellet_heu233:3, HEU-233 Fuel Pellet
hbm:item.rbmk_pellet_heu233:4, HEU-233 Fuel Pellet
hbm:item.rbmk_pellet_heu233:5, HEU-233 Fuel Pellet
hbm:item.rbmk_pellet_heu233:6, HEU-233 Fuel Pellet
hbm:item.rbmk_pellet_heu233:7, HEU-233 Fuel Pellet
hbm:item.rbmk_pellet_heu233:8, HEU-233 Fuel Pellet
hbm:item.rbmk_pellet_heu233:9, HEU-233 Fuel Pellet
hbm:item.rbmk_pellet_heu235:0, HEU-235 Fuel Pellet
hbm:item.rbmk_pellet_heu235:1, HEU-235 Fuel Pellet
hbm:item.rbmk_pellet_heu235:2, HEU-235 Fuel Pellet
hbm:item.rbmk_pellet_heu235:3, HEU-235 Fuel Pellet
hbm:item.rbmk_pellet_heu235:4, HEU-235 Fuel Pellet
hbm:item.rbmk_pellet_heu235:5, HEU-235 Fuel Pellet
hbm:item.rbmk_pellet_heu235:6, HEU-235 Fuel Pellet
hbm:item.rbmk_pellet_heu235:7, HEU-235 Fuel Pellet
hbm:item.rbmk_pellet_heu235:8, HEU-235 Fuel Pellet
hbm:item.rbmk_pellet_heu235:9, HEU-235 Fuel Pellet
hbm:item.rbmk_pellet_uzh:0, UZrH Fuel Pellet
hbm:item.rbmk_pellet_uzh:1, UZrH Fuel Pellet
hbm:item.rbmk_pellet_uzh:2, UZrH Fuel Pellet
hbm:item.rbmk_pellet_uzh:3, UZrH Fuel Pellet
hbm:item.rbmk_pellet_uzh:4, UZrH Fuel Pellet
hbm:item.rbmk_pellet_uzh:5, UZrH Fuel Pellet
hbm:item.rbmk_pellet_uzh:6, UZrH Fuel Pellet
hbm:item.rbmk_pellet_uzh:7, UZrH Fuel Pellet
hbm:item.rbmk_pellet_uzh:8, UZrH Fuel Pellet
hbm:item.rbmk_pellet_uzh:9, UZrH Fuel Pellet
hbm:item.rbmk_pellet_thmeu:0, ThMEU Fuel Pellet
hbm:item.rbmk_pellet_thmeu:1, ThMEU Fuel Pellet
hbm:item.rbmk_pellet_thmeu:2, ThMEU Fuel Pellet
hbm:item.rbmk_pellet_thmeu:3, ThMEU Fuel Pellet
hbm:item.rbmk_pellet_thmeu:4, ThMEU Fuel Pellet
hbm:item.rbmk_pellet_thmeu:5, ThMEU Fuel Pellet
hbm:item.rbmk_pellet_thmeu:6, ThMEU Fuel Pellet
hbm:item.rbmk_pellet_thmeu:7, ThMEU Fuel Pellet
hbm:item.rbmk_pellet_thmeu:8, ThMEU Fuel Pellet
hbm:item.rbmk_pellet_thmeu:9, ThMEU Fuel Pellet
hbm:item.rbmk_pellet_lep:0, LEP Fuel Pellet
hbm:item.rbmk_pellet_lep:1, LEP Fuel Pellet
hbm:item.rbmk_pellet_lep:2, LEP Fuel Pellet
hbm:item.rbmk_pellet_lep:3, LEP Fuel Pellet
hbm:item.rbmk_pellet_lep:4, LEP Fuel Pellet
hbm:item.rbmk_pellet_lep:5, LEP Fuel Pellet
hbm:item.rbmk_pellet_lep:6, LEP Fuel Pellet
hbm:item.rbmk_pellet_lep:7, LEP Fuel Pellet
hbm:item.rbmk_pellet_lep:8, LEP Fuel Pellet
hbm:item.rbmk_pellet_lep:9, LEP Fuel Pellet
hbm:item.rbmk_pellet_mep:0, MEP Fuel Pellet
hbm:item.rbmk_pellet_mep:1, MEP Fuel Pellet
hbm:item.rbmk_pellet_mep:2, MEP Fuel Pellet
hbm:item.rbmk_pellet_mep:3, MEP Fuel Pellet
hbm:item.rbmk_pellet_mep:4, MEP Fuel Pellet
hbm:item.rbmk_pellet_mep:5, MEP Fuel Pellet
hbm:item.rbmk_pellet_mep:6, MEP Fuel Pellet
hbm:item.rbmk_pellet_mep:7, MEP Fuel Pellet
hbm:item.rbmk_pellet_mep:8, MEP Fuel Pellet
hbm:item.rbmk_pellet_mep:9, MEP Fuel Pellet
hbm:item.rbmk_pellet_hep239:0, HEP-239 Fuel Pellet
hbm:item.rbmk_pellet_hep239:1, HEP-239 Fuel Pellet
hbm:item.rbmk_pellet_hep239:2, HEP-239 Fuel Pellet
hbm:item.rbmk_pellet_hep239:3, HEP-239 Fuel Pellet
hbm:item.rbmk_pellet_hep239:4, HEP-239 Fuel Pellet
hbm:item.rbmk_pellet_hep239:5, HEP-239 Fuel Pellet
hbm:item.rbmk_pellet_hep239:6, HEP-239 Fuel Pellet
hbm:item.rbmk_pellet_hep239:7, HEP-239 Fuel Pellet
hbm:item.rbmk_pellet_hep239:8, HEP-239 Fuel Pellet
hbm:item.rbmk_pellet_hep239:9, HEP-239 Fuel Pellet
hbm:item.rbmk_pellet_hep241:0, HEP-241 Fuel Pellet
hbm:item.rbmk_pellet_hep241:1, HEP-241 Fuel Pellet
hbm:item.rbmk_pellet_hep241:2, HEP-241 Fuel Pellet
hbm:item.rbmk_pellet_hep241:3, HEP-241 Fuel Pellet
hbm:item.rbmk_pellet_hep241:4, HEP-241 Fuel Pellet
hbm:item.rbmk_pellet_hep241:5, HEP-241 Fuel Pellet
hbm:item.rbmk_pellet_hep241:6, HEP-241 Fuel Pellet
hbm:item.rbmk_pellet_hep241:7, HEP-241 Fuel Pellet
hbm:item.rbmk_pellet_hep241:8, HEP-241 Fuel Pellet
hbm:item.rbmk_pellet_hep241:9, HEP-241 Fuel Pellet
hbm:item.rbmk_pellet_lea:0, LEA Fuel Pellet
hbm:item.rbmk_pellet_lea:1, LEA Fuel Pellet
hbm:item.rbmk_pellet_lea:2, LEA Fuel Pellet
hbm:item.rbmk_pellet_lea:3, LEA Fuel Pellet
hbm:item.rbmk_pellet_lea:4, LEA Fuel Pellet
hbm:item.rbmk_pellet_lea:5, LEA Fuel Pellet
hbm:item.rbmk_pellet_lea:6, LEA Fuel Pellet
hbm:item.rbmk_pellet_lea:7, LEA Fuel Pellet
hbm:item.rbmk_pellet_lea:8, LEA Fuel Pellet
hbm:item.rbmk_pellet_lea:9, LEA Fuel Pellet
hbm:item.rbmk_pellet_mea:0, MEA Fuel Pellet
hbm:item.rbmk_pellet_mea:1, MEA Fuel Pellet
hbm:item.rbmk_pellet_mea:2, MEA Fuel Pellet
hbm:item.rbmk_pellet_mea:3, MEA Fuel Pellet
hbm:item.rbmk_pellet_mea:4, MEA Fuel Pellet
hbm:item.rbmk_pellet_mea:5, MEA Fuel Pellet
hbm:item.rbmk_pellet_mea:6, MEA Fuel Pellet
hbm:item.rbmk_pellet_mea:7, MEA Fuel Pellet
hbm:item.rbmk_pellet_mea:8, MEA Fuel Pellet
hbm:item.rbmk_pellet_mea:9, MEA Fuel Pellet
hbm:item.rbmk_pellet_hea241:0, HEA-241 Fuel Pellet
hbm:item.rbmk_pellet_hea241:1, HEA-241 Fuel Pellet
hbm:item.rbmk_pellet_hea241:2, HEA-241 Fuel Pellet
hbm:item.rbmk_pellet_hea241:3, HEA-241 Fuel Pellet
hbm:item.rbmk_pellet_hea241:4, HEA-241 Fuel Pellet
hbm:item.rbmk_pellet_hea241:5, HEA-241 Fuel Pellet
hbm:item.rbmk_pellet_hea241:6, HEA-241 Fuel Pellet
hbm:item.rbmk_pellet_hea241:7, HEA-241 Fuel Pellet
hbm:item.rbmk_pellet_hea241:8, HEA-241 Fuel Pellet
hbm:item.rbmk_pellet_hea241:9, HEA-241 Fuel Pellet
hbm:item.rbmk_pellet_hea242:0, HEA-242 Fuel Pellet
hbm:item.rbmk_pellet_hea242:1, HEA-242 Fuel Pellet
hbm:item.rbmk_pellet_hea242:2, HEA-242 Fuel Pellet
hbm:item.rbmk_pellet_hea242:3, HEA-242 Fuel Pellet
hbm:item.rbmk_pellet_hea242:4, HEA-242 Fuel Pellet
hbm:item.rbmk_pellet_hea242:5, HEA-242 Fuel Pellet
hbm:item.rbmk_pellet_hea242:6, HEA-242 Fuel Pellet
hbm:item.rbmk_pellet_hea242:7, HEA-242 Fuel Pellet
hbm:item.rbmk_pellet_hea242:8, HEA-242 Fuel Pellet
hbm:item.rbmk_pellet_hea242:9, HEA-242 Fuel Pellet
hbm:item.rbmk_pellet_bk247:0, BK-247 Fuel Pellet
hbm:item.rbmk_pellet_bk247:1, BK-247 Fuel Pellet
hbm:item.rbmk_pellet_bk247:2, BK-247 Fuel Pellet
hbm:item.rbmk_pellet_bk247:3, BK-247 Fuel Pellet
hbm:item.rbmk_pellet_bk247:4, BK-247 Fuel Pellet
hbm:item.rbmk_pellet_bk247:5, BK-247 Fuel Pellet
hbm:item.rbmk_pellet_bk247:6, BK-247 Fuel Pellet
hbm:item.rbmk_pellet_bk247:7, BK-247 Fuel Pellet
hbm:item.rbmk_pellet_bk247:8, BK-247 Fuel Pellet
hbm:item.rbmk_pellet_bk247:9, BK-247 Fuel Pellet
hbm:item.rbmk_pellet_men:0, MEN Fuel Pellet
hbm:item.rbmk_pellet_men:1, MEN Fuel Pellet
hbm:item.rbmk_pellet_men:2, MEN Fuel Pellet
hbm:item.rbmk_pellet_men:3, MEN Fuel Pellet
hbm:item.rbmk_pellet_men:4, MEN Fuel Pellet
hbm:item.rbmk_pellet_men:5, MEN Fuel Pellet
hbm:item.rbmk_pellet_men:6, MEN Fuel Pellet
hbm:item.rbmk_pellet_men:7, MEN Fuel Pellet
hbm:item.rbmk_pellet_men:8, MEN Fuel Pellet
hbm:item.rbmk_pellet_men:9, MEN Fuel Pellet
hbm:item.rbmk_pellet_hen:0, HEN Fuel Pellet
hbm:item.rbmk_pellet_hen:1, HEN Fuel Pellet
hbm:item.rbmk_pellet_hen:2, HEN Fuel Pellet
hbm:item.rbmk_pellet_hen:3, HEN Fuel Pellet
hbm:item.rbmk_pellet_hen:4, HEN Fuel Pellet
hbm:item.rbmk_pellet_hen:5, HEN Fuel Pellet
hbm:item.rbmk_pellet_hen:6, HEN Fuel Pellet
hbm:item.rbmk_pellet_hen:7, HEN Fuel Pellet
hbm:item.rbmk_pellet_hen:8, HEN Fuel Pellet
hbm:item.rbmk_pellet_hen:9, HEN Fuel Pellet
hbm:item.rbmk_pellet_mox:0, MOX Fuel Pellet
hbm:item.rbmk_pellet_mox:1, MOX Fuel Pellet
hbm:item.rbmk_pellet_mox:2, MOX Fuel Pellet
hbm:item.rbmk_pellet_mox:3, MOX Fuel Pellet
hbm:item.rbmk_pellet_mox:4, MOX Fuel Pellet
hbm:item.rbmk_pellet_mox:5, MOX Fuel Pellet
hbm:item.rbmk_pellet_mox:6, MOX Fuel Pellet
hbm:item.rbmk_pellet_mox:7, MOX Fuel Pellet
hbm:item.rbmk_pellet_mox:8, MOX Fuel Pellet
hbm:item.rbmk_pellet_mox:9, MOX Fuel Pellet
hbm:item.rbmk_pellet_bloatate:0, Bloatate Pellet
hbm:item.rbmk_pellet_bloatate:1, Bloatate Pellet
hbm:item.rbmk_pellet_bloatate:2, Bloatate Pellet
hbm:item.rbmk_pellet_bloatate:3, Bloatate Pellet
hbm:item.rbmk_pellet_bloatate:4, Bloatate Pellet
hbm:item.rbmk_pellet_bloatate:5, Bloatate Pellet
hbm:item.rbmk_pellet_bloatate:6, Bloatate Pellet
hbm:item.rbmk_pellet_bloatate:7, Bloatate Pellet
hbm:item.rbmk_pellet_bloatate:8, Bloatate Pellet
hbm:item.rbmk_pellet_bloatate:9, Bloatate Pellet
hbm:item.rbmk_pellet_les:0, LES Fuel Pellet
hbm:item.rbmk_pellet_les:1, LES Fuel Pellet
hbm:item.rbmk_pellet_les:2, LES Fuel Pellet
hbm:item.rbmk_pellet_les:3, LES Fuel Pellet
hbm:item.rbmk_pellet_les:4, LES Fuel Pellet
hbm:item.rbmk_pellet_les:5, LES Fuel Pellet
hbm:item.rbmk_pellet_les:6, LES Fuel Pellet
hbm:item.rbmk_pellet_les:7, LES Fuel Pellet
hbm:item.rbmk_pellet_les:8, LES Fuel Pellet
hbm:item.rbmk_pellet_les:9, LES Fuel Pellet
hbm:item.rbmk_pellet_mes:0, MES Fuel Pellet
hbm:item.rbmk_pellet_mes:1, MES Fuel Pellet
hbm:item.rbmk_pellet_mes:2, MES Fuel Pellet
hbm:item.rbmk_pellet_mes:3, MES Fuel Pellet
hbm:item.rbmk_pellet_mes:4, MES Fuel Pellet
hbm:item.rbmk_pellet_mes:5, MES Fuel Pellet
hbm:item.rbmk_pellet_mes:6, MES Fuel Pellet
hbm:item.rbmk_pellet_mes:7, MES Fuel Pellet
hbm:item.rbmk_pellet_mes:8, MES Fuel Pellet
hbm:item.rbmk_pellet_mes:9, MES Fuel Pellet
hbm:item.rbmk_pellet_hes:0, HES Fuel Pellet
hbm:item.rbmk_pellet_hes:1, HES Fuel Pellet
hbm:item.rbmk_pellet_hes:2, HES Fuel Pellet
hbm:item.rbmk_pellet_hes:3, HES Fuel Pellet
hbm:item.rbmk_pellet_hes:4, HES Fuel Pellet
hbm:item.rbmk_pellet_hes:5, HES Fuel Pellet
hbm:item.rbmk_pellet_hes:6, HES Fuel Pellet
hbm:item.rbmk_pellet_hes:7, HES Fuel Pellet
hbm:item.rbmk_pellet_hes:8, HES Fuel Pellet
hbm:item.rbmk_pellet_hes:9, HES Fuel Pellet
hbm:item.rbmk_pellet_leaus:0, LEAus Fuel Pellet
hbm:item.rbmk_pellet_leaus:1, LEAus Fuel Pellet
hbm:item.rbmk_pellet_leaus:2, LEAus Fuel Pellet
hbm:item.rbmk_pellet_leaus:3, LEAus Fuel Pellet
hbm:item.rbmk_pellet_leaus:4, LEAus Fuel Pellet
hbm:item.rbmk_pellet_leaus:5, LEAus Fuel Pellet
hbm:item.rbmk_pellet_leaus:6, LEAus Fuel Pellet
hbm:item.rbmk_pellet_leaus:7, LEAus Fuel Pellet
hbm:item.rbmk_pellet_leaus:8, LEAus Fuel Pellet
hbm:item.rbmk_pellet_leaus:9, LEAus Fuel Pellet
hbm:item.rbmk_pellet_heaus:0, HEAus Fuel Pellet
hbm:item.rbmk_pellet_heaus:1, HEAus Fuel Pellet
hbm:item.rbmk_pellet_heaus:2, HEAus Fuel Pellet
hbm:item.rbmk_pellet_heaus:3, HEAus Fuel Pellet
hbm:item.rbmk_pellet_heaus:4, HEAus Fuel Pellet
hbm:item.rbmk_pellet_heaus:5, HEAus Fuel Pellet
hbm:item.rbmk_pellet_heaus:6, HEAus Fuel Pellet
hbm:item.rbmk_pellet_heaus:7, HEAus Fuel Pellet
hbm:item.rbmk_pellet_heaus:8, HEAus Fuel Pellet
hbm:item.rbmk_pellet_heaus:9, HEAus Fuel Pellet
hbm:item.rbmk_pellet_po210be:0, Po210Be Neutron Source Pellet
hbm:item.rbmk_pellet_po210be:1, Po210Be Neutron Source Pellet
hbm:item.rbmk_pellet_po210be:2, Po210Be Neutron Source Pellet
hbm:item.rbmk_pellet_po210be:3, Po210Be Neutron Source Pellet
hbm:item.rbmk_pellet_po210be:4, Po210Be Neutron Source Pellet
hbm:item.rbmk_pellet_ra226be:0, Ra226Be Neutron Source Pellet
hbm:item.rbmk_pellet_ra226be:1, Ra226Be Neutron Source Pellet
hbm:item.rbmk_pellet_ra226be:2, Ra226Be Neutron Source Pellet
hbm:item.rbmk_pellet_ra226be:3, Ra226Be Neutron Source Pellet
hbm:item.rbmk_pellet_ra226be:4, Ra226Be Neutron Source Pellet
hbm:item.rbmk_pellet_pu238be:0, Pu238Be Neutron Source Pellet
hbm:item.rbmk_pellet_pu238be:1, Pu238Be Neutron Source Pellet
hbm:item.rbmk_pellet_pu238be:2, Pu238Be Neutron Source Pellet
hbm:item.rbmk_pellet_pu238be:3, Pu238Be Neutron Source Pellet
hbm:item.rbmk_pellet_pu238be:4, Pu238Be Neutron Source Pellet
hbm:item.rbmk_pellet_pu238be:5, Pu238Be Neutron Source Pellet
hbm:item.rbmk_pellet_pu238be:6, Pu238Be Neutron Source Pellet
hbm:item.rbmk_pellet_pu238be:7, Pu238Be Neutron Source Pellet
hbm:item.rbmk_pellet_pu238be:8, Pu238Be Neutron Source Pellet
hbm:item.rbmk_pellet_pu238be:9, Pu238Be Neutron Source Pellet
hbm:item.rbmk_pellet_balefire_gold:0, Flashgold Fuel Pellet
hbm:item.rbmk_pellet_balefire_gold:1, Flashgold Fuel Pellet
hbm:item.rbmk_pellet_balefire_gold:2, Flashgold Fuel Pellet
hbm:item.rbmk_pellet_balefire_gold:3, Flashgold Fuel Pellet
hbm:item.rbmk_pellet_balefire_gold:4, Flashgold Fuel Pellet
hbm:item.rbmk_pellet_flashlead:0, Flashlead Fuel Pellet
hbm:item.rbmk_pellet_flashlead:1, Flashlead Fuel Pellet
hbm:item.rbmk_pellet_flashlead:2, Flashlead Fuel Pellet
hbm:item.rbmk_pellet_flashlead:3, Flashlead Fuel Pellet
hbm:item.rbmk_pellet_flashlead:4, Flashlead Fuel Pellet
hbm:item.rbmk_pellet_balefire:0, Balefire Fuel Pellet
hbm:item.rbmk_pellet_balefire:1, Balefire Fuel Pellet
hbm:item.rbmk_pellet_balefire:2, Balefire Fuel Pellet
hbm:item.rbmk_pellet_balefire:3, Balefire Fuel Pellet
hbm:item.rbmk_pellet_balefire:4, Balefire Fuel Pellet
hbm:item.rbmk_pellet_zfb_bismuth:0, Bismuth ZFB Pellet
hbm:item.rbmk_pellet_zfb_bismuth:1, Bismuth ZFB Pellet
hbm:item.rbmk_pellet_zfb_bismuth:2, Bismuth ZFB Pellet
hbm:item.rbmk_pellet_zfb_bismuth:3, Bismuth ZFB Pellet
hbm:item.rbmk_pellet_zfb_bismuth:4, Bismuth ZFB Pellet
hbm:item.rbmk_pellet_zfb_bismuth:5, Bismuth ZFB Pellet
hbm:item.rbmk_pellet_zfb_bismuth:6, Bismuth ZFB Pellet
hbm:item.rbmk_pellet_zfb_bismuth:7, Bismuth ZFB Pellet
hbm:item.rbmk_pellet_zfb_bismuth:8, Bismuth ZFB Pellet
hbm:item.rbmk_pellet_zfb_bismuth:9, Bismuth ZFB Pellet
hbm:item.rbmk_pellet_zfb_pu241:0, Pu-241 ZFB Pellet
hbm:item.rbmk_pellet_zfb_pu241:1, Pu-241 ZFB Pellet
hbm:item.rbmk_pellet_zfb_pu241:2, Pu-241 ZFB Pellet
hbm:item.rbmk_pellet_zfb_pu241:3, Pu-241 ZFB Pellet
hbm:item.rbmk_pellet_zfb_pu241:4, Pu-241 ZFB Pellet
hbm:item.rbmk_pellet_zfb_pu241:5, Pu-241 ZFB Pellet
hbm:item.rbmk_pellet_zfb_pu241:6, Pu-241 ZFB Pellet
hbm:item.rbmk_pellet_zfb_pu241:7, Pu-241 ZFB Pellet
hbm:item.rbmk_pellet_zfb_pu241:8, Pu-241 ZFB Pellet
hbm:item.rbmk_pellet_zfb_pu241:9, Pu-241 ZFB Pellet
hbm:item.rbmk_pellet_zfb_am_mix:0, Fuel Grade Americium ZFB Pellet
hbm:item.rbmk_pellet_zfb_am_mix:1, Fuel Grade Americium ZFB Pellet
hbm:item.rbmk_pellet_zfb_am_mix:2, Fuel Grade Americium ZFB Pellet
hbm:item.rbmk_pellet_zfb_am_mix:3, Fuel Grade Americium ZFB Pellet
hbm:item.rbmk_pellet_zfb_am_mix:4, Fuel Grade Americium ZFB Pellet
hbm:item.rbmk_pellet_zfb_am_mix:5, Fuel Grade Americium ZFB Pellet
hbm:item.rbmk_pellet_zfb_am_mix:6, Fuel Grade Americium ZFB Pellet
hbm:item.rbmk_pellet_zfb_am_mix:7, Fuel Grade Americium ZFB Pellet
hbm:item.rbmk_pellet_zfb_am_mix:8, Fuel Grade Americium ZFB Pellet
hbm:item.rbmk_pellet_zfb_am_mix:9, Fuel Grade Americium ZFB Pellet
hbm:item.rbmk_pellet_drx:0, §cDigamma Fuel Pellet§r
hbm:item.rbmk_pellet_drx:1, §cDigamma Fuel Pellet§r
hbm:item.rbmk_pellet_drx:2, §cDigamma Fuel Pellet§r
hbm:item.rbmk_pellet_drx:3, §cDigamma Fuel Pellet§r
hbm:item.rbmk_pellet_drx:4, §cDigamma Fuel Pellet§r
hbm:item.rbmk_pellet_drx:5, §cDigamma Fuel Pellet§r
hbm:item.rbmk_pellet_drx:6, §cDigamma Fuel Pellet§r
hbm:item.rbmk_pellet_drx:7, §cDigamma Fuel Pellet§r
hbm:item.rbmk_pellet_drx:8, §cDigamma Fuel Pellet§r
hbm:item.rbmk_pellet_drx:9, §cDigamma Fuel Pellet§r
hbm:item.rbmk_pellet_lecm:0, LECm Fuel pellet
hbm:item.rbmk_pellet_lecm:1, LECm Fuel pellet
hbm:item.rbmk_pellet_lecm:2, LECm Fuel pellet
hbm:item.rbmk_pellet_lecm:3, LECm Fuel pellet
hbm:item.rbmk_pellet_lecm:4, LECm Fuel pellet
hbm:item.rbmk_pellet_lecm:5, LECm Fuel pellet
hbm:item.rbmk_pellet_lecm:6, LECm Fuel pellet
hbm:item.rbmk_pellet_lecm:7, LECm Fuel pellet
hbm:item.rbmk_pellet_lecm:8, LECm Fuel pellet
hbm:item.rbmk_pellet_lecm:9, LECm Fuel pellet
hbm:item.rbmk_pellet_mecm:0, MECm Fuel pellet
hbm:item.rbmk_pellet_mecm:1, MECm Fuel pellet
hbm:item.rbmk_pellet_mecm:2, MECm Fuel pellet
hbm:item.rbmk_pellet_mecm:3, MECm Fuel pellet
hbm:item.rbmk_pellet_mecm:4, MECm Fuel pellet
hbm:item.rbmk_pellet_mecm:5, MECm Fuel pellet
hbm:item.rbmk_pellet_mecm:6, MECm Fuel pellet
hbm:item.rbmk_pellet_mecm:7, MECm Fuel pellet
hbm:item.rbmk_pellet_mecm:8, MECm Fuel pellet
hbm:item.rbmk_pellet_mecm:9, MECm Fuel pellet
hbm:item.rbmk_pellet_hecm:0, HECm Fuel pellet
hbm:item.rbmk_pellet_hecm:1, HECm Fuel pellet
hbm:item.rbmk_pellet_hecm:2, HECm Fuel pellet
hbm:item.rbmk_pellet_hecm:3, HECm Fuel pellet
hbm:item.rbmk_pellet_hecm:4, HECm Fuel pellet
hbm:item.rbmk_pellet_hecm:5, HECm Fuel pellet
hbm:item.rbmk_pellet_hecm:6, HECm Fuel pellet
hbm:item.rbmk_pellet_hecm:7, HECm Fuel pellet
hbm:item.rbmk_pellet_hecm:8, HECm Fuel pellet
hbm:item.rbmk_pellet_hecm:9, HECm Fuel pellet
hbm:item.rbmk_fuel_dbm, DBm RBMK Fuel Rod
hbm:item.rbmk_fuel_pbm, Buurmium RBMK Fuel Rod
hbm:item.rbmk_fuel_mbm, Bm-2137 RBMK Fuel Rod
hbm:item.rbmk_pellet_dbm:0, DBm Fuel Pellet
hbm:item.rbmk_pellet_dbm:1, DBm Fuel Pellet
hbm:item.rbmk_pellet_dbm:2, DBm Fuel Pellet
hbm:item.rbmk_pellet_dbm:3, DBm Fuel Pellet
hbm:item.rbmk_pellet_dbm:4, DBm Fuel Pellet
hbm:item.rbmk_pellet_dbm:5, DBm Fuel Pellet
hbm:item.rbmk_pellet_dbm:6, DBm Fuel Pellet
hbm:item.rbmk_pellet_dbm:7, DBm Fuel Pellet
hbm:item.rbmk_pellet_dbm:8, DBm Fuel Pellet
hbm:item.rbmk_pellet_dbm:9, DBm Fuel Pellet
hbm:item.rbmk_pellet_pbm:0, Buurmium Fuel Pellet
hbm:item.rbmk_pellet_pbm:1, Buurmium Fuel Pellet
hbm:item.rbmk_pellet_pbm:2, Buurmium Fuel Pellet
hbm:item.rbmk_pellet_pbm:3, Buurmium Fuel Pellet
hbm:item.rbmk_pellet_pbm:4, Buurmium Fuel Pellet
hbm:item.rbmk_pellet_pbm:5, Buurmium Fuel Pellet
hbm:item.rbmk_pellet_pbm:6, Buurmium Fuel Pellet
hbm:item.rbmk_pellet_pbm:7, Buurmium Fuel Pellet
hbm:item.rbmk_pellet_pbm:8, Buurmium Fuel Pellet
hbm:item.rbmk_pellet_pbm:9, Buurmium Fuel Pellet
hbm:item.rbmk_pellet_mbm:0, Bm-2137 Fuel Pellet
hbm:item.rbmk_pellet_mbm:1, Bm-2137 Fuel Pellet
hbm:item.rbmk_pellet_mbm:2, Bm-2137 Fuel Pellet
hbm:item.rbmk_pellet_mbm:3, Bm-2137 Fuel Pellet
hbm:item.rbmk_pellet_mbm:4, Bm-2137 Fuel Pellet
hbm:item.rbmk_pellet_mbm:5, Bm-2137 Fuel Pellet
hbm:item.rbmk_pellet_mbm:6, Bm-2137 Fuel Pellet
hbm:item.rbmk_pellet_mbm:7, Bm-2137 Fuel Pellet
hbm:item.rbmk_pellet_mbm:8, Bm-2137 Fuel Pellet
hbm:item.rbmk_pellet_mbm:9, Bm-2137 Fuel Pellet
hbm:item.watz_pellet:0, Schrabidium Watz Pellet
hbm:item.watz_pellet:1, HES Watz Pellet
hbm:item.watz_pellet:2, MES Watz Pellet
hbm:item.watz_pellet:3, LES Watz Pellet
hbm:item.watz_pellet:4, HEN Watz Pellet
hbm:item.watz_pellet:5, MEU Watz Pellet
hbm:item.watz_pellet:6, MEP Watz Pellet
hbm:item.watz_pellet:7, Lead Absorber Pellet
hbm:item.watz_pellet:8, Boron Absorber Pellet
hbm:item.watz_pellet:9, Depleted Uranium Absorber Pellet
hbm:item.watz_pellet:10, Enriched Naquadah Watz Pellet
hbm:item.watz_pellet:11, Naquadria Watz Pellet
hbm:item.watz_pellet:12, Plutonium-241 Watz Pellet
hbm:item.watz_pellet:13, Americium Watz Pellet (Reactor Grade)
hbm:item.watz_pellet:14, Americium Watz Pellet (Fuel)
hbm:item.watz_pellet:15, Curium Watz Pellet (Reactor-Grade)
hbm:item.watz_pellet:16, Curium Watz Pellet (Fuel)
hbm:item.watz_pellet:17, Berkelium-247 Watz Pellet
hbm:item.watz_pellet:18, Californium-251 Watz Pellet
hbm:item.watz_pellet:19, Californium-252 Watz Pellet
hbm:item.watz_pellet:20, Einsteinium-253 Watz Pellet
hbm:item.watz_pellet_depleted:0, Schrabidium Watz Pellet (Depleted)
hbm:item.watz_pellet_depleted:1, HES Watz Pellet (Depleted)
hbm:item.watz_pellet_depleted:2, MES Watz Pellet (Depleted)
hbm:item.watz_pellet_depleted:3, LES Watz Pellet (Depleted)
hbm:item.watz_pellet_depleted:4, HEN Watz Pellet (Depleted)
hbm:item.watz_pellet_depleted:5, MEU Watz Pellet (Depleted)
hbm:item.watz_pellet_depleted:6, MEP Watz Pellet (Depleted)
hbm:item.watz_pellet_depleted:7, Lead Absorber Pellet (Depleted)
hbm:item.watz_pellet_depleted:8, Boron Absorber Pellet (Depleted)
hbm:item.watz_pellet_depleted:9, Depleted Uranium Absorber Pellet (Depleted)
hbm:item.watz_pellet_depleted:10, Enriched Naquadah Watz Pellet (Depleted)
hbm:item.watz_pellet_depleted:11, Naquadria Watz Pellet (Depleted)
hbm:item.watz_pellet_depleted:12, Plutonium-241 Watz Pellet (Depleted)
hbm:item.watz_pellet_depleted:13, Americium Watz Pellet (Reactor-Grade) (Depleted)
hbm:item.watz_pellet_depleted:14, Americium Watz Pellet (Fuel) (Depleted)
hbm:item.watz_pellet_depleted:15, Curium Watz Pellet (Reactor-Grade) (Depleted)
hbm:item.watz_pellet_depleted:16, Curium Watz Pellet (Fuel) (Depleted)
hbm:item.watz_pellet_depleted:17, Berkelium-247 Watz Pellet (Depleted)
hbm:item.watz_pellet_depleted:18, Californium-251 Watz Pellet (Depleted)
hbm:item.watz_pellet_depleted:19, Californium-252 Watz Pellet (Depleted)
hbm:item.watz_pellet_depleted:20, Einsteinium-253 Watz Pellet (Depleted)
hbm:item.icf_pellet_empty, Empty ICF Fuel Pellet
hbm:item.icf_pellet, ICF Fuel Pellet
hbm:item.icf_pellet_depleted, Depleted ICF Fuel Pellet
hbm:item.debris_graphite, Hot Graphite Chunk
hbm:item.debris_metal, Broken Metal Bar
hbm:item.debris_fuel, RBMK Fuel Chunk
hbm:item.debris_concrete, Broken Concrete
hbm:item.debris_exchanger, Heat Exchanger Piece
hbm:item.debris_shrapnel, Walkway Shrapnel
hbm:item.debris_element, Broken ZIRNOX Fuel Element
hbm:item.undefined, Undefined
hbm:item.scrap_plastic:0, Plastic Scraps
hbm:item.scrap_plastic:1, Plastic Scraps
hbm:item.scrap_plastic:2, Plastic Scraps
hbm:item.scrap_plastic:3, Plastic Scraps
hbm:item.scrap_plastic:4, Plastic Scraps
hbm:item.scrap_plastic:5, Plastic Scraps
hbm:item.scrap_plastic:6, Plastic Scraps
hbm:item.scrap_plastic:7, Plastic Scraps
hbm:item.scrap_plastic:8, Plastic Scraps
hbm:item.scrap_plastic:9, Plastic Scraps
hbm:item.scrap_plastic:10, Plastic Scraps
hbm:item.scrap_plastic:11, Plastic Scraps
hbm:item.scrap_plastic:12, Plastic Scraps
hbm:item.scrap_plastic:13, Plastic Scraps
hbm:item.scrap_plastic:14, Plastic Scraps
hbm:item.scrap_plastic:15, Plastic Scraps
hbm:item.scrap_plastic:16, Plastic Scraps
hbm:item.scrap_plastic:17, Plastic Scraps
hbm:item.scrap_plastic:18, Plastic Scraps
hbm:item.scrap_plastic:19, Plastic Scraps
hbm:item.scrap_plastic:20, Plastic Scraps
hbm:item.scrap_plastic:21, Plastic Scraps
hbm:item.scrap_plastic:22, Plastic Scraps
hbm:item.scrap, Scrap
hbm:item.scrap_oil, Oily Scraps
hbm:item.scrap_nuclear, Radioactive Scraps
hbm:item.trinitite, Trinitite
hbm:item.nuclear_waste_long:0, Long-Lived Nuclear Waste
hbm:item.nuclear_waste_long:1, Long-Lived Nuclear Waste
hbm:item.nuclear_waste_long:2, Long-Lived Nuclear Waste
hbm:item.nuclear_waste_long:3, Long-Lived Nuclear Waste
hbm:item.nuclear_waste_long:4, Long-Lived Nuclear Waste
hbm:item.nuclear_waste_long_tiny:0, Tiny Pile of Long-Lived Nuclear Waste
hbm:item.nuclear_waste_long_tiny:1, Tiny Pile of Long-Lived Nuclear Waste
hbm:item.nuclear_waste_long_tiny:2, Tiny Pile of Long-Lived Nuclear Waste
hbm:item.nuclear_waste_long_tiny:3, Tiny Pile of Long-Lived Nuclear Waste
hbm:item.nuclear_waste_long_tiny:4, Tiny Pile of Long-Lived Nuclear Waste
hbm:item.nuclear_waste_short:0, Short-Lived Nuclear Waste
hbm:item.nuclear_waste_short:1, Short-Lived Nuclear Waste
hbm:item.nuclear_waste_short:2, Short-Lived Nuclear Waste
hbm:item.nuclear_waste_short:3, Short-Lived Nuclear Waste
hbm:item.nuclear_waste_short:4, Short-Lived Nuclear Waste
hbm:item.nuclear_waste_short:5, Short-Lived Nuclear Waste
hbm:item.nuclear_waste_short:6, Short-Lived Nuclear Waste
hbm:item.nuclear_waste_short:7, Short-Lived Nuclear Waste
hbm:item.nuclear_waste_short:8, Short-Lived Nuclear Waste
hbm:item.nuclear_waste_short:9, Short-Lived Nuclear Waste
hbm:item.nuclear_waste_short:10, Short-Lived Nuclear Waste
hbm:item.nuclear_waste_short:11, Short-Lived Nuclear Waste
hbm:item.nuclear_waste_short_tiny:0, Tiny Pile of Short-Lived Nuclear Waste
hbm:item.nuclear_waste_short_tiny:1, Tiny Pile of Short-Lived Nuclear Waste
hbm:item.nuclear_waste_short_tiny:2, Tiny Pile of Short-Lived Nuclear Waste
hbm:item.nuclear_waste_short_tiny:3, Tiny Pile of Short-Lived Nuclear Waste
hbm:item.nuclear_waste_short_tiny:4, Tiny Pile of Short-Lived Nuclear Waste
hbm:item.nuclear_waste_short_tiny:5, Tiny Pile of Short-Lived Nuclear Waste
hbm:item.nuclear_waste_short_tiny:6, Tiny Pile of Short-Lived Nuclear Waste
hbm:item.nuclear_waste_short_tiny:7, Tiny Pile of Short-Lived Nuclear Waste
hbm:item.nuclear_waste_short_tiny:8, Tiny Pile of Short-Lived Nuclear Waste
hbm:item.nuclear_waste_short_tiny:9, Tiny Pile of Short-Lived Nuclear Waste
hbm:item.nuclear_waste_short_tiny:10, Tiny Pile of Short-Lived Nuclear Waste
hbm:item.nuclear_waste_short_tiny:11, Tiny Pile of Short-Lived Nuclear Waste
hbm:item.nuclear_waste_long_depleted:0, Decayed Long-Lived Nuclear Waste
hbm:item.nuclear_waste_long_depleted:1, Decayed Long-Lived Nuclear Waste
hbm:item.nuclear_waste_long_depleted:2, Decayed Long-Lived Nuclear Waste
hbm:item.nuclear_waste_long_depleted:3, Decayed Long-Lived Nuclear Waste
hbm:item.nuclear_waste_long_depleted:4, Decayed Long-Lived Nuclear Waste
hbm:item.nuclear_waste_long_depleted_tiny:0, Tiny Pile of Decayed Long-Lived Nuclear Waste
hbm:item.nuclear_waste_long_depleted_tiny:1, Tiny Pile of Decayed Long-Lived Nuclear Waste
hbm:item.nuclear_waste_long_depleted_tiny:2, Tiny Pile of Decayed Long-Lived Nuclear Waste
hbm:item.nuclear_waste_long_depleted_tiny:3, Tiny Pile of Decayed Long-Lived Nuclear Waste
hbm:item.nuclear_waste_long_depleted_tiny:4, Tiny Pile of Decayed Long-Lived Nuclear Waste
hbm:item.nuclear_waste_short_depleted:0, Decayed Short-Lived Nuclear Waste
hbm:item.nuclear_waste_short_depleted:1, Decayed Short-Lived Nuclear Waste
hbm:item.nuclear_waste_short_depleted:2, Decayed Short-Lived Nuclear Waste
hbm:item.nuclear_waste_short_depleted:3, Decayed Short-Lived Nuclear Waste
hbm:item.nuclear_waste_short_depleted:4, Decayed Short-Lived Nuclear Waste
hbm:item.nuclear_waste_short_depleted:5, Decayed Short-Lived Nuclear Waste
hbm:item.nuclear_waste_short_depleted:6, Decayed Short-Lived Nuclear Waste
hbm:item.nuclear_waste_short_depleted:7, Decayed Short-Lived Nuclear Waste
hbm:item.nuclear_waste_short_depleted:8, Decayed Short-Lived Nuclear Waste
hbm:item.nuclear_waste_short_depleted:9, Decayed Short-Lived Nuclear Waste
hbm:item.nuclear_waste_short_depleted:10, Decayed Short-Lived Nuclear Waste
hbm:item.nuclear_waste_short_depleted:11, Decayed Short-Lived Nuclear Waste
hbm:item.nuclear_waste_short_depleted_tiny:0, Tiny Pile of Decayed Short-Lived Nuclear Waste
hbm:item.nuclear_waste_short_depleted_tiny:1, Tiny Pile of Decayed Short-Lived Nuclear Waste
hbm:item.nuclear_waste_short_depleted_tiny:2, Tiny Pile of Decayed Short-Lived Nuclear Waste
hbm:item.nuclear_waste_short_depleted_tiny:3, Tiny Pile of Decayed Short-Lived Nuclear Waste
hbm:item.nuclear_waste_short_depleted_tiny:4, Tiny Pile of Decayed Short-Lived Nuclear Waste
hbm:item.nuclear_waste_short_depleted_tiny:5, Tiny Pile of Decayed Short-Lived Nuclear Waste
hbm:item.nuclear_waste_short_depleted_tiny:6, Tiny Pile of Decayed Short-Lived Nuclear Waste
hbm:item.nuclear_waste_short_depleted_tiny:7, Tiny Pile of Decayed Short-Lived Nuclear Waste
hbm:item.nuclear_waste_short_depleted_tiny:8, Tiny Pile of Decayed Short-Lived Nuclear Waste
hbm:item.nuclear_waste_short_depleted_tiny:9, Tiny Pile of Decayed Short-Lived Nuclear Waste
hbm:item.nuclear_waste_short_depleted_tiny:10, Tiny Pile of Decayed Short-Lived Nuclear Waste
hbm:item.nuclear_waste_short_depleted_tiny:11, Tiny Pile of Decayed Short-Lived Nuclear Waste
hbm:item.nuclear_waste, Nuclear Waste
hbm:item.nuclear_waste_tiny, Tiny Pile of Nuclear Waste
hbm:item.nuclear_waste_vitrified, Vitrified Nuclear Waste
hbm:item.nuclear_waste_vitrified_tiny, Tiny Pile of Vitrified Nuclear Waste
hbm:item.chopper, Hunter Chopper
hbm:item.spawn_worm, Balls-O-Tron Prime
hbm:item.spawn_ufo, Martian Invasion Ship
hbm:item.spawn_duck, Golden Egg
hbm:item.spawn_angel, Spawn Radioactive Angel
hbm:item.rangefinder, Rangefinder
hbm:item.designator, Short Range Target Designator
hbm:item.designator_range, Long Range Target Designator
hbm:item.designator_manual, Manual Target Designator
hbm:item.designator_arty_range, Long Range Artillery Remote
hbm:item.turret_chip, Turret AI-Chip
hbm:item.linker, Telelinker
hbm:item.reactor_sensor, Reactor Remote Sensor
hbm:item.oil_detector, Oil Reservoir Detector
hbm:item.ore_density_scanner, Bedrock Ore Density Scanner
hbm:item.survey_scanner, Survey Scanner
hbm:item.mirror_tool, Mirror Adjustment Tool
hbm:item.rbmk_tool, RBMK Console Linking Device
hbm:item.drone_linker, Transport Drone Linker
hbm:item.radar_linker, Radar Linker
hbm:item.coltan_tool, Coltass
hbm:item.power_net_tool, Cable Network Analysis Tool
hbm:item.analysis_tool, Analysis Tool
hbm:item.coupling_tool, item.coupling_tool.name
hbm:item.settings_tool, Settings Tool
hbm:item.rtty_pager, Redstone-over-Radio Pager
hbm:item.dosimeter, Dosimeter
hbm:item.geiger_counter, Handheld Geiger Counter
hbm:item.digamma_diagnostic, Digamma Diagnostic
hbm:item.pollution_detector, Pollution Detector
hbm:item.containment_box, Containment Box
hbm:item.plastic_bag, Plastic Bag
hbm:item.atmosphere_scanner, Atmosphere Scanner
hbm:item.ammo_bag, Ammo Bag
hbm:item.ammo_bag_infinite, Infinite Ammo Bag
hbm:item.casing_bag, Bullet Casing Bag
hbm:item.key, Key
hbm:item.key_red, Red Key
hbm:item.key_red_cracked, Cracked Key
hbm:item.key_kit, Key Imitation Kit
hbm:item.key_fake, Counterfeit Key
hbm:item.mech_key, Large Silver Key
hbm:item.magnetic_strip, Magnetic Strip
hbm:item.magnetic_crafter, Magnetic Crafter
hbm:item.magnetic_restocker, Magnetic Stocker
hbm:item.pin, Bobby Pin
hbm:item.padlock_rusty, Rusty Padlock
hbm:item.padlock, Padlock
hbm:item.padlock_reinforced, Reinforced Padlock
hbm:item.padlock_unbreakable, Unbreakable Padlock
hbm:item.launch_code_piece, Silo Launch Code Piece
hbm:item.launch_code, Silo Launch Code
hbm:item.launch_key, Silo Launch Key
hbm:item.missile_test, item.missile_test.name
hbm:item.missile_taint, Taint-Tipped Missile
hbm:item.missile_micro, Micro-Nuclear Missile
hbm:item.missile_bhole, Black Hole Missile
hbm:item.missile_schrabidium, Schrabidium Missile
hbm:item.missile_emp, EMP Missile
hbm:item.missile_generic, High Explosive Missile
hbm:item.missile_decoy, Decoy Missile
hbm:item.missile_incendiary, Incendiary Missile
hbm:item.missile_cluster, Cluster Missile
hbm:item.missile_buster, Bunker Buster
hbm:item.missile_stealth, Stealth Missile
hbm:item.missile_anti_ballistic, Anti-Ballistic Missile
hbm:item.missile_strong, Strong HE Missile
hbm:item.missile_incendiary_strong, Strong Incendiary Missile
hbm:item.missile_cluster_strong, Strong Cluster Missile
hbm:item.missile_buster_strong, Enhanced Bunker Buster
hbm:item.missile_emp_strong, Strong EMP Missile
hbm:item.missile_burst, Spare Missile
hbm:item.missile_inferno, Inferno Missile G.R.N. Mk.II
hbm:item.missile_rain, Bomblet Rain
hbm:item.missile_drill, The Concrete Cracker
hbm:item.missile_shuttle, Reliant Robin Space Shuttle
hbm:item.missile_nuclear, Nuclear Missile
hbm:item.missile_nuclear_cluster, Thermonuclear Missile
hbm:item.missile_volcano, Tectonic Missile
hbm:item.missile_doomsday, Doomsday Missile
hbm:item.missile_doomsday_rusted, Damaged Doomsday Missile
hbm:item.missile_soyuz:0, Soyuz-FG
hbm:item.missile_soyuz:1, Soyuz-FG
hbm:item.missile_soyuz:2, Soyuz-FG
hbm:item.missile_soyuz_lander, Orbital Module
hbm:item.missile_custom, Custom Missile
hbm:item.rocket_custom, Orbital Rocket
hbm:item.mp_thruster_10_kerosene, Size 10 Liquid Fuel Thruster
hbm:item.mp_thruster_10_solid, Size 10 Solid Fuel Thruster
hbm:item.mp_thruster_10_hydrazine, Size 10 Hydrazine Thruster
hbm:item.mp_thruster_10_xenon, Size 10 Ion Thruster
hbm:item.mp_thruster_15_kerosene, Size 15 Liquid Fuel Thruster
hbm:item.mp_thruster_15_kerosene_dual, Size 15 Liquid Fuel Twin Thrusters
hbm:item.mp_thruster_15_kerosene_triple, Size 15 Liquid Fuel Triple Thrusters
hbm:item.mp_thruster_15_solid, Size 15 Solid Fuel Thruster
hbm:item.mp_thruster_15_solid_hexdecuple, Size 15 Solid Fuel Hexdecuple Thrusters
hbm:item.mp_thruster_15_hydrogen, Size 15 Hydrogen Thruster
hbm:item.mp_thruster_15_hydrogen_dual, Size 15 Hydrogen Twin Thrusters
hbm:item.mp_thruster_15_balefire_short, Size 15 BF Thruster with Nuclear Preheater (Shortened)
hbm:item.mp_thruster_15_balefire, Size 15 BF Thruster with Nuclear Preheater
hbm:item.mp_thruster_15_balefire_large, Size 15 BF Thruster with Nuclear Preheater (Heavy Duty Nozzle)
hbm:item.mp_thruster_15_balefire_large_rad, Size 15 BF Thruster with Nuclear Preheater (Heavy Duty Nozzle)
hbm:item.mp_thruster_20_kerosene, Size 20 Kerosene Thruster
hbm:item.mp_thruster_20_kerosene_dual, Size 20 Kerosene Twin Thrusters
hbm:item.mp_thruster_20_kerosene_triple, Size 20 Kerosene Triple Thrusters
hbm:item.mp_thruster_20_methalox, Size 20 Methalox Thruster
hbm:item.mp_thruster_20_methalox_dual, Size 20 Methalox Twin Thrusters
hbm:item.mp_thruster_20_methalox_triple, Size 20 Methalox Triple Thrusters
hbm:item.mp_thruster_20_hydrogen, Size 20 Hydrolox Thruster
hbm:item.mp_thruster_20_hydrogen_dual, Size 20 Hydrolox Twin Thrusters
hbm:item.mp_thruster_20_hydrogen_triple, Size 20 Hydrolox Triple Thrusters
hbm:item.mp_thruster_20_solid, Size 20 Solid Fuel Thruster
hbm:item.mp_thruster_20_solid_multi, Size 20 Solid Fuel 30-Fold Thrusters
hbm:item.mp_thruster_20_solid_multier, Size 20 Solid Fuel 47-Fold Thrusters
hbm:item.mp_thruster_20_hydrazine, Size 20 Hydrazine Thruster
hbm:item.mp_stability_10_flat, Size 10 Flat Fins
hbm:item.mp_stability_10_cruise, Size 10 Cruise Fins
hbm:item.mp_stability_10_space, Size 10 Space Fins
hbm:item.mp_stability_15_flat, Size 15 Flat Fins
hbm:item.mp_stability_15_thin, Size 15 Thin Fins
hbm:item.mp_stability_15_soyuz, Size 15 Pointy Fins
hbm:item.mp_s_20, item.mp_s_20.name
hbm:item.mp_fuselage_10_kerosene, Size 10 Kerosene Fuselage
hbm:item.mp_fuselage_10_kerosene_camo, Size 10 Kerosene Fuselage
hbm:item.mp_fuselage_10_kerosene_desert, Size 10 Kerosene Fuselage
hbm:item.mp_fuselage_10_kerosene_sky, Size 10 Kerosene Fuselage
hbm:item.mp_fuselage_10_kerosene_flames, Size 10 Kerosene Fuselage
hbm:item.mp_fuselage_10_kerosene_insulation, Size 10 Kerosene Fuselage
hbm:item.mp_fuselage_10_kerosene_sleek, Size 10 Kerosene Fuselage
hbm:item.mp_fuselage_10_kerosene_metal, Size 10 Kerosene Fuselage
hbm:item.mp_fuselage_10_kerosene_taint, Size 10 Kerosene Fuselage
hbm:item.mp_fuselage_10_solid, Size 10 Solid Fuel Fuselage
hbm:item.mp_fuselage_10_hydrazine, Size 10 Hydrazine Fuselage
hbm:item.mp_fuselage_10_solid_flames, Size 10 Solid Fuel Fuselage
hbm:item.mp_fuselage_10_solid_insulation, Size 10 Solid Fuel Fuselage
hbm:item.mp_fuselage_10_solid_sleek, Size 10 Solid Fuel Fuselage
hbm:item.mp_fuselage_10_solid_soviet_glory, Size 10 Solid Fuel Fuselage
hbm:item.mp_fuselage_10_solid_cathedral, Size 10 Solid Fuel Fuselage
hbm:item.mp_fuselage_10_solid_moonlit, Size 10 Solid Fuel Fuselage
hbm:item.mp_fuselage_10_solid_battery, Size 10 Solid Fuel Fuselage
hbm:item.mp_fuselage_10_solid_duracell, Size 10 Solid Fuel Fuselage
hbm:item.mp_fuselage_10_xenon, Size 10 Xenon Fuselage
hbm:item.mp_fuselage_10_xenon_bhole, Size 10 Xenon Fuselage
hbm:item.mp_fuselage_10_long_kerosene, Size 10 Long Kerosene Fuselage
hbm:item.mp_fuselage_10_long_kerosene_camo, Size 10 Long Kerosene Fuselage
hbm:item.mp_fuselage_10_long_kerosene_desert, Size 10 Long Kerosene Fuselage
hbm:item.mp_fuselage_10_long_kerosene_sky, Size 10 Long Kerosene Fuselage
hbm:item.mp_fuselage_10_long_kerosene_flames, Size 10 Long Kerosene Fuselage
hbm:item.mp_fuselage_10_long_kerosene_insulation, Size 10 Long Kerosene Fuselage
hbm:item.mp_fuselage_10_long_kerosene_sleek, Size 10 Long Kerosene Fuselage
hbm:item.mp_fuselage_10_long_kerosene_metal, Size 10 Long Kerosene Fuselage
hbm:item.mp_fuselage_10_long_kerosene_dash, Size 10 Long Kerosene Fuselage
hbm:item.mp_fuselage_10_long_kerosene_taint, Size 10 Long Kerosene Fuselage
hbm:item.mp_fuselage_10_long_kerosene_vap, Size 10 Long Kerosene Fuselage
hbm:item.mp_fuselage_10_long_solid, Size 10 Long Solid Fuel Fuselage
hbm:item.mp_fuselage_10_long_solid_flames, Size 10 Long Solid Fuel Fuselage
hbm:item.mp_fuselage_10_long_solid_insulation, Size 10 Long Solid Fuel Fuselage
hbm:item.mp_fuselage_10_long_solid_sleek, Size 10 Long Solid Fuel Fuselage
hbm:item.mp_fuselage_10_long_solid_soviet_glory, Size 10 Long Solid Fuselage
hbm:item.mp_fuselage_10_long_solid_bullet, Size 10 Long Solid Fuselage
hbm:item.mp_fuselage_10_long_solid_silvermoonlight, Size 10 Long Solid Fuselage
hbm:item.mp_fuselage_10_15_kerosene, Size 10/15 Kerosene Fuselage
hbm:item.mp_fuselage_10_15_solid, Size 10/15 Solid Fuel Fuselage
hbm:item.mp_fuselage_10_15_hydrogen, Size 10/15 Hydrogen Fuselage
hbm:item.mp_fuselage_10_15_balefire, Size 10/15 BF Fuselage
hbm:item.mp_fuselage_15_kerosene, Size 15 Kerosene Fuselage
hbm:item.mp_fuselage_15_kerosene_camo, Size 15 Kerosene Fuselage
hbm:item.mp_fuselage_15_kerosene_desert, Size 15 Kerosene Fuselage
hbm:item.mp_fuselage_15_kerosene_sky, Size 15 Kerosene Fuselage
hbm:item.mp_fuselage_15_kerosene_insulation, Size 15 Kerosene Fuselage
hbm:item.mp_fuselage_15_kerosene_metal, Size 15 Kerosene Fuselage
hbm:item.mp_fuselage_15_kerosene_decorated, Size 15 Kerosene Fuselage
hbm:item.mp_fuselage_15_kerosene_steampunk, Size 15 Kerosene Fuselage
hbm:item.mp_fuselage_15_kerosene_polite, Size 15 Kerosene Fuselage
hbm:item.mp_fuselage_15_kerosene_blackjack, Size 15 Kerosene Fuselage
hbm:item.mp_fuselage_15_kerosene_lambda, Size 15 Kerosene Fuselage
hbm:item.mp_fuselage_15_kerosene_minuteman, Size 15 Kerosene Fuselage
hbm:item.mp_fuselage_15_kerosene_pip, Size 15 Kerosene Fuselage
hbm:item.mp_fuselage_15_kerosene_taint, Size 15 Kerosene Fuselage
hbm:item.mp_fuselage_15_kerosene_yuck, Size 15 Kerosene Fuselage
hbm:item.mp_fuselage_15_solid, Size 15 Solid Fuel Fuselage
hbm:item.mp_fuselage_15_solid_insulation, Size 15 Solid Fuel Fuselage
hbm:item.mp_fuselage_15_solid_desh, Size 15 Solid Fuel Fuselage
hbm:item.mp_fuselage_15_solid_soviet_glory, Size 15 Solid Fuel Fuselage
hbm:item.mp_fuselage_15_solid_soviet_stank, Size 15 Solid Fuel Fuselage
hbm:item.mp_fuselage_15_solid_faust, Size 15 Solid Fuel Fuselage
hbm:item.mp_fuselage_15_solid_silvermoonlight, Size 15 Solid Fuel Fuselage
hbm:item.mp_fuselage_15_solid_snowy, Size 15 Solid Fuel Fuselage
hbm:item.mp_fuselage_15_solid_panorama, Size 15 Solid Fuel Fuselage
hbm:item.mp_fuselage_15_solid_roses, Size 15 Solid Fuel Fuselage
hbm:item.mp_fuselage_15_solid_mimi, Size 15 Solid Fuel Mimi-chan's Body
hbm:item.mp_fuselage_15_hydrogen, Size 15 Hydrogen Fuselage
hbm:item.mp_fuselage_15_hydrogen_cathedral, Size 15 Hydrogen Fuselage
hbm:item.mp_fuselage_15_balefire, Size 15 BF Fuselage
hbm:item.mp_fuselage_15_20_kerosene, Size 15/20 Kerosene Fuselage
hbm:item.mp_fuselage_15_20_kerosene_magnusson, Size 15/20 Kerosene Fuselage
hbm:item.mp_fuselage_15_20_solid, Size 15/20 Solid Fuel Fuselage
hbm:item.mp_warhead_10_he, Size 10 HE Warhead
hbm:item.mp_warhead_10_incendiary, Size 10 Incendiary Warhead
hbm:item.mp_warhead_10_buster, Size 10 Bunker Buster Warhead
hbm:item.mp_warhead_10_nuclear, Size 10 Micro Nuclear Warhead
hbm:item.mp_warhead_10_nuclear_large, Size 10 Nuclear Warhead
hbm:item.mp_warhead_10_taint, Size 10 Tainted Warhead
hbm:item.mp_warhead_10_cloud, Size 10 Pink Cloud Warhead
hbm:item.mp_warhead_15_he, Size 15 HE Warhead
hbm:item.mp_warhead_15_incendiary, Size 15 Incendiary Warhead
hbm:item.mp_warhead_15_nuclear, Size 15 Nuclear Warhead
hbm:item.mp_warhead_15_nuclear_shark, Size 15 Nuclear Warhead
hbm:item.mp_warhead_15_nuclear_mimi, Size 15 Mimi-chan's Head
hbm:item.mp_warhead_15_boxcar, Size 15 Boxcar?
hbm:item.mp_warhead_15_n2, Size 15 N² Mine
hbm:item.mp_warhead_15_balefire, Size 15 BF Warhead
hbm:item.mp_warhead_15_turbine, Size 15 Jet Engine
hbm:item.mp_c_1, Tier 1 Missile Targeting Circuit
hbm:item.mp_c_2, Tier 2 Missile Targeting Circuit
hbm:item.mp_c_3, Tier 3 Missile Targeting Circuit
hbm:item.mp_c_4, Tier 4 Missile Targeting Circuit
hbm:item.mp_c_5, Tier 5 Missile Targeting Circuit
hbm:item.rp_f_20_12, Size 20 12m Liquid Fuel Fuselage
hbm:item.rp_f_20_6, Size 20 6m Liquid Fuel Fuselage
hbm:item.rp_f_20_3, Size 20 3m Liquid Fuel Fuselage
hbm:item.rp_f_20_1, Size 20 1m Liquid Fuel Fuselage
hbm:item.mp_fuselage_20_hydrazine, Size 20 Hydrazine Fuselage
hbm:item.rp_l_20, Landing Legs
hbm:item.rp_c_20, Landing Capsule
hbm:item.rp_sc_20, Orbital Station
hbm:item.rp_pod_20, Drop Pod
hbm:item.sat_chip, Satellite ID-Chip
hbm:item.sat_mapper, Surface Mapping Satellite
hbm:item.sat_scanner, Satellite with Depth-Resource Scanning Module
hbm:item.sat_radar, Radar Survey Satellite
hbm:item.sat_laser, Orbital Death Ray
hbm:item.sat_foeq, Relay Satellite
hbm:item.sat_resonator, Xenium Resonator Satellite
hbm:item.sat_miner, Asteroid Mining Ship
hbm:item.sat_lunar_miner, Lunar Mining Ship
hbm:item.sat_gerald, Gerald The Construction Android
hbm:item.sat_precision_laser, Orbital Precision Laser
hbm:item.sat_detector, Wideband Radio Emission Detector Satellite
hbm:item.sat_ray_scan, Narrowband Emission Scanning Satellite
hbm:item.sat_dyson_relay, Satellite Dyson Relay
hbm:item.sat_war, item.sat_war.name
hbm:item.sat_coord, Satellite Designator
hbm:item.sat_designator, Satellite Laser Designator
hbm:item.sat_relay, Satellite Radar Relay
hbm:item.gun_b92, §9B92 Energy Pistol§r
hbm:item.crucible, Crucible
hbm:item.gun_debug, item.gun_debug.name
hbm:item.ammo_debug, item.ammo_debug.name
hbm:item.gun_pepperbox, Pepperbox
hbm:item.gun_light_revolver, Break-Action Revolver
hbm:item.gun_light_revolver_atlas, Atlas
hbm:item.gun_light_revolver_dani, Day And Night
hbm:item.gun_henry, Lever Action Rifle
hbm:item.gun_henry_lincoln, Lincoln's Repeater
hbm:item.gun_greasegun, Grease Gun
hbm:item.gun_maresleg, Lever Action Shotgun
hbm:item.gun_maresleg_akimbo, Lever Action Shotguns
hbm:item.gun_maresleg_broken, Broken
hbm:item.gun_flaregun, Flare Gun
hbm:item.gun_heavy_revolver, Heavy Revolver
hbm:item.gun_heavy_revolver_lilmac, Little Macintosh
hbm:item.gun_heavy_revolver_protege, Protège
hbm:item.gun_carbine, Carbine
hbm:item.gun_am180, .22 Submachine Gun
hbm:item.gun_liberator, Liberator
hbm:item.gun_congolake, Congo Lake
hbm:item.gun_flamer, Flamethrower
hbm:item.gun_flamer_topaz, Mister Topaz
hbm:item.gun_flamer_daybreaker, Daybreaker
hbm:item.gun_uzi, Uzi
hbm:item.gun_uzi_akimbo, Uzis
hbm:item.gun_spas12, SPAS-12
hbm:item.gun_panzerschreck, Panzerschreck
hbm:item.gun_star_f, Target Pistol
hbm:item.gun_star_f_akimbo, Target Pistols
hbm:item.gun_g3, Assault Rifle
hbm:item.gun_g3_zebra, Zebra Rifle
hbm:item.gun_mk108, Grenade Machinegun
hbm:item.gun_chemthrower, Chemthrower
hbm:item.gun_amat, Anti-Materiel Rifle
hbm:item.gun_amat_subtlety, Subtlety
hbm:item.gun_amat_penance, Penance
hbm:item.gun_m2, Ma Deuce
hbm:item.gun_autoshotgun, Auto Shotgun
hbm:item.gun_autoshotgun_shredder, Shredder
hbm:item.gun_autoshotgun_sexy, Sexy
hbm:item.gun_autoshotgun_heretic, The Heretic
hbm:item.gun_quadro, Quad Rocket Launcher
hbm:item.gun_lag, Comically Long Pistol
hbm:item.gun_minigun, Minigun
hbm:item.gun_minigun_dual, Dual Miniguns
hbm:item.gun_minigun_lacunae, Lacunae
hbm:item.gun_missile_launcher, Missile Launcher
hbm:item.gun_tesla_cannon, Tesla Cannon
hbm:item.gun_laser_pistol, Laser Pistol
hbm:item.gun_laser_pistol_pew_pew, Pew Pew
hbm:item.gun_laser_pistol_morning_glory, Morning Glory
hbm:item.gun_stg77, StG 77
hbm:item.gun_tau, Tau Cannon
hbm:item.gun_fatman, Fat Man
hbm:item.gun_lasrifle, Laser Rifle
hbm:item.gun_stinger, FIM-92 Stinger
hbm:item.gun_coilgun, Coilgun
hbm:item.gun_hangman, Hangman
hbm:item.gun_mas36, South Star
hbm:item.gun_bolter, Bolter
hbm:item.gun_folly, Folly
hbm:item.gun_aberrator, Aberrator
hbm:item.gun_aberrator_eott, Eyes Of The Tempest
hbm:item.gun_double_barrel, An Old Classic
hbm:item.gun_double_barrel_sacred_dragon, Sacred Dragon
hbm:item.gun_n_i_4_n_i, N I 4 N I
hbm:item.gun_fireext, Fire Extinguisher
hbm:item.gun_charge_thrower, Charge Thrower
hbm:item.gun_drill, Powered Drill
hbm:item.gun_pa_melee, Power Armor - Melee Controller
hbm:item.gun_pa_ranged, Power Armor - Ranged Controller
hbm:item.ammo_standard:0, Ball and Powder
hbm:item.ammo_standard:1, Flint and Powder
hbm:item.ammo_standard:2, Iron Ball and Powder
hbm:item.ammo_standard:3, Shot and Powder
hbm:item.ammo_standard:4, .357 Magnum Round (Black Powder)
hbm:item.ammo_standard:5, .357 Magnum Round (Soft Point)
hbm:item.ammo_standard:6, .357 Magnum Round (Full Metal Jacket)
hbm:item.ammo_standard:7, .357 Magnum Round (Jacketed Hollow Point)
hbm:item.ammo_standard:8, .357 Magnum Round (Armor Piercing)
hbm:item.ammo_standard:9, .357 Magnum Round (FMJ Express)
hbm:item.ammo_standard:10, .44 Magnum Round (Black Powder)
hbm:item.ammo_standard:11, .44 Magnum Round (Soft Point)
hbm:item.ammo_standard:12, .44 Magnum Round (Full Metal Jacket)
hbm:item.ammo_standard:13, .44 Magnum Round (Jacketed Hollow Point)
hbm:item.ammo_standard:14, .44 Magnum Round (Armor Piercing)
hbm:item.ammo_standard:15, .44 Magnum Round (FMJ Express)
hbm:item.ammo_standard:16, .22 LR Round (Soft Point)
hbm:item.ammo_standard:17, .22 LR Round (Full Metal Jacket)
hbm:item.ammo_standard:18, .22 LR Round (Jacketed Hollow Point)
hbm:item.ammo_standard:19, .22 LR Round (Armor Piercing)
hbm:item.ammo_standard:20, 9mm Round (Soft Point)
hbm:item.ammo_standard:21, 9mm Round (Full Metal Jacket)
hbm:item.ammo_standard:22, 9mm Round (Jacketed Hollow Point)
hbm:item.ammo_standard:23, 9mm Round (Armor Piercing)
hbm:item.ammo_standard:85, .45 Round (Soft Point)
hbm:item.ammo_standard:86, .45 Round (Full Metal Jacket)
hbm:item.ammo_standard:87, .45 Round (Jacketed Hollow Point)
hbm:item.ammo_standard:88, .45 Round (Armor Piercing)
hbm:item.ammo_standard:89, .45 Round (Depleted Uranium)
hbm:item.ammo_standard:24, 5.56mm Round (Soft Point)
hbm:item.ammo_standard:25, 5.56mm Round (Full Metal Jacket)
hbm:item.ammo_standard:26, 5.56mm Round (Jacketed Hollow Point)
hbm:item.ammo_standard:27, 5.56mm Round (Armor Piercing)
hbm:item.ammo_standard:28, 7.62mm Round (Soft Point)
hbm:item.ammo_standard:29, 7.62mm Round (Full Metal Jacket)
hbm:item.ammo_standard:30, 7.62mm Round (Jacketed Hollow Point)
hbm:item.ammo_standard:31, 7.62mm Round (Armor Piercing)
hbm:item.ammo_standard:32, 7.62mm Round (Depleted Uranium)
hbm:item.ammo_standard:82, 7.62mm Round (High-Explosive)
hbm:item.ammo_standard:33, .50 BMG Round (Soft Point)
hbm:item.ammo_standard:34, .50 BMG Round (Full Metal Jacket)
hbm:item.ammo_standard:35, .50 BMG Round (Jacketed Hollow Point)
hbm:item.ammo_standard:36, .50 BMG Round (Armor Piercing)
hbm:item.ammo_standard:37, .50 BMG Round (Depleted Uranium)
hbm:item.ammo_standard:94, .50 BMG Round (Starmetal)
hbm:item.ammo_standard:83, .50 BMG Round (High-Explosive)
hbm:item.ammo_standard:38, .75 Bolt
hbm:item.ammo_standard:39, .75 Bolt (Incendiary)
hbm:item.ammo_standard:40, .75 Bolt (Explosive)
hbm:item.ammo_standard:41, 12 Gauge Black Powder Buckshot
hbm:item.ammo_standard:42, 12 Gauge Black Powder Magnum Shell
hbm:item.ammo_standard:43, 12 Gauge Black Powder Slug
hbm:item.ammo_standard:44, 12 Gauge Buckshot
hbm:item.ammo_standard:45, 12 Gauge Slug
hbm:item.ammo_standard:46, 12 Gauge Flechette Shell
hbm:item.ammo_standard:47, 12 Gauge Magnum Shell
hbm:item.ammo_standard:48, 12 Gauge Explosive Shell
hbm:item.ammo_standard:49, 12 Gauge Phosphorus Shell
hbm:item.ammo_standard:78, 10 Gauge Buckshot
hbm:item.ammo_standard:79, 10 Gauge Shrapnel Buckshot
hbm:item.ammo_standard:80, 10 Gauge Uranium Buckshot
hbm:item.ammo_standard:81, 10 Gauge Slug
hbm:item.ammo_standard:84, 10 Gauge Explosive Buckshot
hbm:item.ammo_standard:50, 26mm Signal Flare
hbm:item.ammo_standard:51, 26mm Signal Flare (Supply Airdrop)
hbm:item.ammo_standard:52, 26mm Signal Flare (Weapon Airdrop)
hbm:item.ammo_standard:53, 40mm Grenade, High-Explosive
hbm:item.ammo_standard:54, 40mm Grenade, Shaped Charge
hbm:item.ammo_standard:55, 40mm Grenade, Demolition
hbm:item.ammo_standard:56, 40mm Grenade, Incendiary
hbm:item.ammo_standard:57, 40mm Grenade, White Phosphorus
hbm:item.ammo_standard:58, Rocket, High-Explosive
hbm:item.ammo_standard:59, Rocket, Shaped Charge
hbm:item.ammo_standard:60, Rocket, Demolition
hbm:item.ammo_standard:61, Rocket, Incendiary
hbm:item.ammo_standard:62, Rocket, White Phosphorus
hbm:item.ammo_standard:63, Flamer Fuel, Diesel
hbm:item.ammo_standard:64, Flamer Fuel, Gas
hbm:item.ammo_standard:65, Flamer Fuel, Napalm
hbm:item.ammo_standard:66, Flamer Fuel, Balefire
hbm:item.ammo_standard:67, Capacitor (Standard)
hbm:item.ammo_standard:68, Capacitor (Overcharge)
hbm:item.ammo_standard:69, Capacitor (Low Wavelength)
hbm:item.ammo_standard:70, Depleted Uranium-235 Box
hbm:item.ammo_standard:71, Coilgun Tungsten Ball
hbm:item.ammo_standard:72, Coilgun Ferrouranium Ball
hbm:item.ammo_standard:73, Mini Nuke
hbm:item.ammo_standard:74, Mini Nuke, Demolition
hbm:item.ammo_standard:75, Mini Nuke, High Yield
hbm:item.ammo_standard:76, Mini Nuke, Tiny Tots
hbm:item.ammo_standard:77, Rocket Hive
hbm:item.ammo_standard:93, Mini Nuke, Balefire Egg
hbm:item.ammo_standard:90, Grappling Hook
hbm:item.ammo_standard:91, Demolition Charge
hbm:item.ammo_standard:92, Heavy Demolition Charge
hbm:item.ammo_standard:95, Flamer Fuel, Morningstar's Fire
hbm:item.ammo_standard:96, .357 Magnum Round (Desh)
hbm:item.ammo_standard:97, .44 Magnum Round (Desh)
hbm:item.ammo_standard:98, .22 LR Round (Desh)
hbm:item.ammo_standard:99, 9mm Round (Desh)
hbm:item.ammo_standard:100, .45 ACP Round (Desh)
hbm:item.ammo_standard:101, 5.56mm Round (Desh)
hbm:item.ammo_standard:102, 7.62mm Round (Desh)
hbm:item.ammo_standard:103, .50 BMG Round (Desh)
hbm:item.ammo_standard:104, 7.5mm Round (Desh)
hbm:item.ammo_standard:105, 12 Gauge Shell (Desh)
hbm:item.ammo_standard:106, .357 Magnum Round (Laced)
hbm:item.ammo_standard:107, .44 Magnum Round (Laced)
hbm:item.ammo_standard:108, .22 LR Round (Laced)
hbm:item.ammo_standard:109, 9mm Round (Laced)
hbm:item.ammo_standard:110, .45 ACP Round (Laced)
hbm:item.ammo_standard:111, 5.56mm Round (Laced)
hbm:item.ammo_standard:112, 7.62mm Round (Laced)
hbm:item.ammo_standard:113, .50 BMG Round (Laced)
hbm:item.ammo_standard:114, 7.5mm Round (Laced)
hbm:item.ammo_standard:115, 12 Gauge Shell (Laced)
hbm:item.ammo_standard:116, .357 Magnum Round (Magnetic)
hbm:item.ammo_standard:117, .44 Magnum Round (Magnetic)
hbm:item.ammo_standard:118, .22 LR Round (Magnetic)
hbm:item.ammo_standard:119, 9mm Round (Magnetic)
hbm:item.ammo_standard:120, .45 ACP Round (Magnetic)
hbm:item.ammo_standard:121, 5.56mm Round (Magnetic)
hbm:item.ammo_standard:122, 7.62mm Round (Magnetic)
hbm:item.ammo_standard:123, .50 BMG Round (Magnetic)
hbm:item.ammo_standard:124, 7.5mm Round (Magnetic)
hbm:item.ammo_standard:125, 12 Gauge Shell (Magnetic)
hbm:item.ammo_secret:0, Silver Bullet
hbm:item.ammo_secret:1, Silver Bullet, Nuclear
hbm:item.ammo_secret:2, .44 Magnum Head-Exploder
hbm:item.ammo_secret:3, 12 Gauge Railway Spike Shot
hbm:item.ammo_secret:4, .50 BMG Demolisher
hbm:item.ammo_secret:5, .35-800 V9
hbm:item.ammo_secret:6, .50 BMG Bypass Round
hbm:item.ammo_secret:7, .35-800 V9 (Black Lightning)
hbm:item.weapon_mod_test:0, FIRE RATE UPGRADE
hbm:item.weapon_mod_test:1, DAMAGE UPGRADE
hbm:item.weapon_mod_test:2, MULTI SHOT UPGRADE
hbm:item.weapon_mod_test:3, DAMAGE OVERRIDE (2.5)
hbm:item.weapon_mod_test:4, DAMAGE OVERRIDE (5)
hbm:item.weapon_mod_test:5, DAMAGE OVERRIDE (7.5)
hbm:item.weapon_mod_test:6, DAMAGE OVERRIDE (10)
hbm:item.weapon_mod_test:7, DAMAGE OVERRIDE (12.5)
hbm:item.weapon_mod_test:8, DAMAGE OVERRIDE (15)
hbm:item.weapon_mod_test:9, DAMAGE OVERRIDE (20)
hbm:item.weapon_mod_generic:0, Optimized Iron Receiver
hbm:item.weapon_mod_generic:1, High-Durability Iron Parts
hbm:item.weapon_mod_generic:2, Optimized Steel Receiver
hbm:item.weapon_mod_generic:3, High-Durability Steel Parts
hbm:item.weapon_mod_generic:4, Optimized HSS Receiver
hbm:item.weapon_mod_generic:5, High-Durability HSS Parts
hbm:item.weapon_mod_generic:6, Optimized Desh Receiver
hbm:item.weapon_mod_generic:7, High-Durability Desh Parts
hbm:item.weapon_mod_generic:8, Optimized Weapon Steel Receiver
hbm:item.weapon_mod_generic:9, High-Durability Weapon Steel Parts
hbm:item.weapon_mod_generic:10, Optimized Ferrouranium Receiver
hbm:item.weapon_mod_generic:11, High-Durability Ferrouranium Parts
hbm:item.weapon_mod_generic:12, Optimized Resistant Alloy Receiver
hbm:item.weapon_mod_generic:13, High-Durability Resistant Alloy Parts
hbm:item.weapon_mod_generic:14, Optimized Saturnite Receiver
hbm:item.weapon_mod_generic:15, High-Durability Saturnite Parts
hbm:item.weapon_mod_generic:16, Optimized Bronze Receiver
hbm:item.weapon_mod_generic:17, High-Durability Bronze Parts
hbm:item.weapon_mod_special:0, Silencer
hbm:item.weapon_mod_special:1, Scope
hbm:item.weapon_mod_special:2, Hacksaw
hbm:item.weapon_mod_special:3, Grease Gun Modernization Kit
hbm:item.weapon_mod_special:4, Gear Train
hbm:item.weapon_mod_special:5, Auxiliary Electric Engine
hbm:item.weapon_mod_special:6, Choke
hbm:item.weapon_mod_special:7, Speedloader
hbm:item.weapon_mod_special:8, Polymer Furniture (Green)
hbm:item.weapon_mod_special:9, Polymer Furniture (Black)
hbm:item.weapon_mod_special:10, Bayonet
hbm:item.weapon_mod_special:11, Double-Stacked Magazine
hbm:item.weapon_mod_special:12, Saturnite Skin
hbm:item.weapon_mod_special:13, Laser Rifle Beam Splitter
hbm:item.weapon_mod_special:14, Laser Rifle Extended Capacitor
hbm:item.weapon_mod_special:15, Laser Rifle Automatic Receiver
hbm:item.weapon_mod_special:16, Two Nickels
hbm:item.weapon_mod_special:17, Two Gold Doubloons
hbm:item.weapon_mod_special:18, Powered Drill - High-Speed Steel Drillbit
hbm:item.weapon_mod_special:19, Powered Drill - Weapon Steel Drillbit
hbm:item.weapon_mod_special:20, Powered Drill - Technetium Steel Drillbit
hbm:item.weapon_mod_special:21, Powered Drill - Saturnite Drillbit
hbm:item.weapon_mod_special:22, Powered Drill - Diesel Engine
hbm:item.weapon_mod_special:23, Powered Drill - Aircraft Engine
hbm:item.weapon_mod_special:24, Powered Drill - Electric Engine
hbm:item.weapon_mod_special:25, Powered Drill - Turbo Engine
hbm:item.weapon_mod_special:26, Powered Drill - Electromagnet
hbm:item.weapon_mod_special:27, Powered Drill - Sifter
hbm:item.weapon_mod_special:28, Powered Drill - Extension Canisters
hbm:item.weapon_mod_caliber:0, 9mm Conversion Kit
hbm:item.weapon_mod_caliber:1, .45 Conversion Kit
hbm:item.weapon_mod_caliber:2, .22 LR Conversion Kit
hbm:item.weapon_mod_caliber:3, .357 Magnum Conversion Kit
hbm:item.weapon_mod_caliber:4, .44 Magnum Conversion Kit
hbm:item.weapon_mod_caliber:5, 5.56mm Conversion Kit
hbm:item.weapon_mod_caliber:6, 7.62mm Conversion Kit
hbm:item.weapon_mod_caliber:7, .50 BMG Conversion Kit
hbm:item.gun_b92_ammo, §9B92 Energy Cell§r
hbm:item.ammo_fireext:0, Fire Extinguisher Water Tank
hbm:item.ammo_fireext:1, Fire Extinguisher Foam Tank
hbm:item.ammo_fireext:2, Fire Extinguisher Sand Tank
hbm:item.ammo_shell:0, 240mm Shell
hbm:item.ammo_shell:1, 240mm HE Shell
hbm:item.ammo_shell:2, 240mm APFSDS-T
hbm:item.ammo_shell:3, 240mm APFSDS-DU
hbm:item.ammo_shell:4, 240mm W9 Nuclear Shell
hbm:item.ammo_dgk, Goalkeeper Twin CIWS 200 Round Belt
hbm:item.ammo_arty:0, 16" Artillery Shell
hbm:item.ammo_arty:1, 16" Artillery Shell (The Factorio Special)
hbm:item.ammo_arty:2, 16" High Explosive Artillery Shell
hbm:item.ammo_arty:5, 16" Phosphorus Shell
hbm:item.ammo_arty:7, 16" Multi Phosphorus Shell
hbm:item.ammo_arty:3, 16" Micro Nuclear Artillery Shell
hbm:item.ammo_arty:6, 16" Multi Micro Nuclear Artillery Shell
hbm:item.ammo_arty:4, 16" Nuclear Artillery Shell
hbm:item.ammo_arty:8, 16" Express Delivery Artillery Shell
hbm:item.ammo_arty:9, 16" Chlorine Gas Artillery Shell
hbm:item.ammo_arty:10, 16" Phosgene Artillery Shell
hbm:item.ammo_arty:11, 16" Mustard Gas Artillery Shell
hbm:item.ammo_himars:0, 227mm Guided Artillery Rocket Pod
hbm:item.ammo_himars:2, 227mm Guided Artillery Rocket Pod (HE)
hbm:item.ammo_himars:3, 227mm Guided Artillery Rocket Pod (WP)
hbm:item.ammo_himars:4, 227mm Guided Artillery Rocket Pod (Thermobaric)
hbm:item.ammo_himars:7, 227mm Guided Artillery Rocket Pod (Lava)
hbm:item.ammo_himars:6, 227mm Guided Artillery Rocket Pod (Mini Nuke)
hbm:item.ammo_himars:1, 610mm Guided Artillery Rocket Pod
hbm:item.ammo_himars:5, 610mm Guided Artillery Rocket Pod (Thermobaric)
hbm:item.ammo_container:0, Ammo Container
hbm:item.ammo_container:1, Ammo Container
hbm:item.stick_dynamite, Stick of Dynamite
hbm:item.stick_dynamite_fishing, Stick of Fishing Dynamite
hbm:item.stick_tnt, Stick of TNT
hbm:item.stick_semtex, Stick of Semtex
hbm:item.stick_c4, Stick of C-4
hbm:item.grenade_shell:0, Compact Grenade Shell
hbm:item.grenade_shell:1, Stick Grenade Shell
hbm:item.grenade_shell:2, High-Tech Grenade Shell
hbm:item.grenade_shell:3, Nuclear Grenade Shell
hbm:item.grenade_filling:0, Gunpowder Grenade Charge
hbm:item.grenade_filling:1, High-Explosive Grenade Charge
hbm:item.grenade_filling:2, Demolition Grenade Charge
hbm:item.grenade_filling:3, Incendiary Grenade Charge
hbm:item.grenade_filling:4, White Phosphorus Grenade Charge
hbm:item.grenade_filling:5, Cluster Grenade Charge
hbm:item.grenade_filling:6, EMP Grenade Charge
hbm:item.grenade_filling:7, Plasma Grenade Charge
hbm:item.grenade_filling:8, Laser Grenade Charge
hbm:item.grenade_filling:9, Heavy Cluster Grenade Charge
hbm:item.grenade_filling:10, Nuclear Grenade Charge
hbm:item.grenade_filling:11, Nuclear Demolition Grenade Charge
hbm:item.grenade_filling:12, Schrabidium Grenade Charge
hbm:item.grenade_fuze:0, Timed Grenade Fuze, 3s
hbm:item.grenade_fuze:1, Timed Grenade Fuze, 7s
hbm:item.grenade_fuze:2, Timed Grenade Fuze, 15s
hbm:item.grenade_fuze:3, Impact Grenade Fuze
hbm:item.grenade_fuze:4, Airburst Grenade Fuze
hbm:item.grenade_extra:0, Grenade Extra - Glue
hbm:item.grenade_extra:1, Grenade Extra - Proximity Fuze
hbm:item.grenade_extra:2, Grenade Extra - Fragmentation Sleeve
hbm:item.grenade_extra:3, Grenade Extra - Triplex
hbm:item.grenade_universal, Grenade
hbm:item.disperser_canister_empty,  Disperser Canister
hbm:item.disperser_canister:214, Disperser Canister: Compressed Air
hbm:item.disperser_canister:217, Disperser Canister: Hot Air Blast
hbm:item.disperser_canister:1, Disperser Canister: Water
hbm:item.disperser_canister:62, Disperser Canister: Heavy Water
hbm:item.disperser_canister:2, Disperser Canister: Steam
hbm:item.disperser_canister:3, Disperser Canister: Dense Steam
hbm:item.disperser_canister:4, Disperser Canister: Super Dense Steam
hbm:item.disperser_canister:5, Disperser Canister: Ultra Dense Steam
hbm:item.disperser_canister:57, Disperser Canister: Carbon Dioxide
hbm:item.disperser_canister:6, Disperser Canister: Coolant
hbm:item.disperser_canister:78, Disperser Canister: Hot Coolant
hbm:item.disperser_canister:200, Disperser Canister: Perfluoromethyl
hbm:item.disperser_canister:201, Disperser Canister: Cold Perfluoromethyl
hbm:item.disperser_canister:202, Disperser Canister: Hot Perfluoromethyl
hbm:item.disperser_canister:79, Disperser Canister: Mug Root Beer
hbm:item.disperser_canister:80, Disperser Canister: Hot Mug Root Beer
hbm:item.disperser_canister:89, Disperser Canister: Blood Fuel
hbm:item.disperser_canister:40, Disperser Canister: Liquid Hydrogen
hbm:item.disperser_canister:8, Disperser Canister: Deuterium
hbm:item.disperser_canister:9, Disperser Canister: Tritium
hbm:item.disperser_canister:59, Disperser Canister: Helium-3
hbm:item.disperser_canister:167, Disperser Canister: Helium-4
hbm:item.disperser_canister:41, Disperser Canister: Liquid Oxygen
hbm:item.disperser_canister:98, Disperser Canister: Chlorine Gas
hbm:item.disperser_canister:126, Disperser Canister: Fluorine
hbm:item.disperser_canister:44, Disperser Canister: Mercury
hbm:item.disperser_canister:84, Disperser Canister: Liquid Nitrogen
hbm:item.disperser_canister:21, Disperser Canister: Light Oil
hbm:item.disperser_canister:182, Disperser Canister: Desulfurized Light Oil
hbm:item.disperser_canister:67, Disperser Canister: Cracked Light Oil
hbm:item.disperser_canister:101, Disperser Canister: Vacuum Light Oil
hbm:item.disperser_canister:18, Disperser Canister: Engine Lubricant
hbm:item.disperser_canister:218, Disperser Canister: Flue Gas
hbm:item.disperser_canister:23, Disperser Canister: Natural Gas
hbm:item.disperser_canister:139, Disperser Canister: Coker Gas
hbm:item.disperser_canister:24, Disperser Canister: Petroleum Gas
hbm:item.disperser_canister:102, Disperser Canister: Sour Gas
hbm:item.disperser_canister:25, Disperser Canister: LPG
hbm:item.disperser_canister:95, Disperser Canister: Syngas
hbm:item.disperser_canister:96, Disperser Canister: Oxyhydrogen
hbm:item.disperser_canister:70, Disperser Canister: Unsaturated Hydrocarbons
hbm:item.disperser_canister:114, Disperser Canister: Reformate Gas
hbm:item.disperser_canister:20, Disperser Canister: Diesel
hbm:item.disperser_canister:111, Disperser Canister: High-Cetane Diesel
hbm:item.disperser_canister:68, Disperser Canister: Cracked Diesel
hbm:item.disperser_canister:112, Disperser Canister: High-Cetane Cracked Diesel
hbm:item.disperser_canister:22, Disperser Canister: Kerosene
hbm:item.disperser_canister:113, Disperser Canister: Jet Fuel
hbm:item.disperser_canister:17, Disperser Canister: Petroil
hbm:item.disperser_canister:74, Disperser Canister: Leaded Petroil
hbm:item.disperser_canister:48, Disperser Canister: Gasoline
hbm:item.disperser_canister:75, Disperser Canister: Leaded Gasoline
hbm:item.disperser_canister:49, Disperser Canister: Coal Gasoline
hbm:item.disperser_canister:76, Disperser Canister: Leaded Coal Gasoline
hbm:item.disperser_canister:26, Disperser Canister: Biogas
hbm:item.disperser_canister:27, Disperser Canister: Biofuel
hbm:item.disperser_canister:61, Disperser Canister: Ethanol
hbm:item.disperser_canister:133, Disperser Canister: N-MASS(III) Tetrahexaethanol
hbm:item.disperser_canister:143, Disperser Canister: Fish Oil
hbm:item.disperser_canister:144, Disperser Canister: Sunflower Seed Oil
hbm:item.disperser_canister:28, Disperser Canister: NITAN© 100 Octane Super Fuel
hbm:item.disperser_canister:88, Disperser Canister: Hydrazine
hbm:item.disperser_canister:213, Disperser Canister: Deuterated Hydrocarbon
hbm:item.disperser_canister:164, Disperser Canister: Dicyanoacetylene
hbm:item.disperser_canister:199, Disperser Canister: Halide Gas
hbm:item.disperser_canister:209, Disperser Canister: Vinyl Chloride
hbm:item.disperser_canister:210, Disperser Canister: Tektonic Crude
hbm:item.disperser_canister:211, Disperser Canister: Chlorinated Benzenes
hbm:item.disperser_canister:212, Disperser Canister: Light Halocarbons
hbm:item.disperser_canister:37, Disperser Canister: Hydrogen Peroxide
hbm:item.disperser_canister:77, Disperser Canister: Sulfuric Acid
hbm:item.disperser_canister:215, Disperser Canister: Lithium Hydroxide Aerosol
hbm:item.disperser_canister:216, Disperser Canister: Lithium Bicarbonate Aerosol
hbm:item.disperser_canister:121, Disperser Canister: Chloromethane
hbm:item.disperser_canister:122, Disperser Canister: Methanol
hbm:item.disperser_canister:125, Disperser Canister: Polyethylene
hbm:item.disperser_canister:124, Disperser Canister: Chloroethane
hbm:item.disperser_canister:90, Disperser Canister: Oxygen-Rich Air
hbm:item.disperser_canister:232, Disperser Canister: Nether Air
hbm:item.disperser_canister:184, Disperser Canister: Duna Air
hbm:item.disperser_canister:119, Disperser Canister: Eve Air
hbm:item.disperser_canister:156, Disperser Canister: Jool Air
hbm:item.disperser_canister:157, Disperser Canister: Sarnus Air
hbm:item.disperser_canister:158, Disperser Canister: Urlum Air
hbm:item.disperser_canister:159, Disperser Canister: Neidon Air
hbm:item.disperser_canister:127, Disperser Canister: Tekto Air
hbm:item.disperser_canister:128, Disperser Canister: Dross Air
hbm:item.disperser_canister:86, Disperser Canister: Nitric Acid
hbm:item.disperser_canister:93, Disperser Canister: Hydrochloric Acid
hbm:item.disperser_canister:87, Disperser Canister: Ammonia
hbm:item.disperser_canister:92, Disperser Canister: Solvent
hbm:item.disperser_canister:97, Disperser Canister: High-Performance Solvent
hbm:item.disperser_canister:136, Disperser Canister: Pertechnetic Acid
hbm:item.disperser_canister:120, Disperser Canister: Potassium Permanganate Solution
hbm:item.disperser_canister:34, Disperser Canister: Schrabidic Acid
hbm:item.disperser_canister:29, Disperser Canister: Uranium Hexafluoride
hbm:item.disperser_canister:30, Disperser Canister: Plutonium Hexafluoride
hbm:item.disperser_canister:31, Disperser Canister: Human Blood
hbm:item.disperser_canister:32, Disperser Canister: Antiserum
hbm:item.disperser_canister:33, Disperser Canister: Schrabidium Trisulfide
hbm:item.disperser_canister:174, Disperser Canister: Fullerene Solution
hbm:item.disperser_canister:140, Disperser Canister: Dissolved Egg
hbm:item.disperser_canister:141, Disperser Canister: Cholesterol Solution
hbm:item.disperser_canister:204, Disperser Canister: Sodium Aluminate
hbm:item.disperser_canister:206, Disperser Canister: Alumina
hbm:item.disperser_canister:207, Disperser Canister: Aqueous Nickel
hbm:item.disperser_canister:208, Disperser Canister: Liquid Concrete
hbm:item.disperser_canister:203, Disperser Canister: Lye
hbm:item.disperser_canister:129, Disperser Canister: Phosgene
hbm:item.disperser_canister:130, Disperser Canister: Mustard Gas
hbm:item.disperser_canister:142, Disperser Canister: Estradiol Solution
hbm:item.disperser_canister:145, Disperser Canister: Nitroglycerin
hbm:item.disperser_canister:73, Disperser Canister: Ender Juice
hbm:item.disperser_canister:94, Disperser Canister: Mineral Slurry
hbm:item.disperser_canister:134, Disperser Canister: N-MASS(II) Driver Fuel
hbm:item.disperser_canister:106, Disperser Canister: Krypton Gas
hbm:item.disperser_canister:42, Disperser Canister: Xenon Gas
hbm:item.disperser_canister:105, Disperser Canister: Argon Gas
hbm:item.disperser_canister:104, Disperser Canister: Neon Gas
hbm:item.disperser_canister:219, Disperser Canister: Stimpak
hbm:item.disperser_canister:220, Disperser Canister: Super Stimpak
hbm:item.disperser_canister:221, Disperser Canister: Med-X
hbm:item.disperser_canister:222, Disperser Canister: Psycho
hbm:item.disperser_canister:235, Disperser Canister: Bloatmusk
hbm:item.disperser_canister:234, Disperser Canister: Musty Bloatmusk
hbm:item.disperser_canister:233, Disperser Canister: Flaming Bloatmusk
hbm:item.disperser_canister:236, Disperser Canister: Musky Pheromone
hbm:item.disperser_canister:239, Disperser Canister: Satan's Blood
hbm:item.disperser_canister:238, Disperser Canister: Curdling Blood
hbm:item.disperser_canister:237, Disperser Canister: Hot Curdling Blood
hbm:item.disperser_canister:240, Disperser Canister: Wormwood
hbm:item.disperser_canister:241, Disperser Canister: Brimstone
hbm:item.disperser_canister:242, Disperser Canister: Verdigris
hbm:item.disperser_canister:243, Disperser Canister: Gall
hbm:item.disperser_canister:244, Disperser Canister: Brimtumen
hbm:item.disperser_canister:245, Disperser Canister: Blood of the Martyr
hbm:item.disperser_canister:246, Disperser Canister: Haemoglobin
hbm:item.disperser_canister:247, Disperser Canister: Ambrosia
hbm:item.disperser_canister:248, Disperser Canister: Morningstar's Fire
hbm:item.disperser_canister:249, Disperser Canister: Heparin
hbm:item.disperser_canister:250, Disperser Canister: Chevreul's Salt
hbm:item.disperser_canister:251, Disperser Canister: Dialysate
hbm:item.disperser_canister:252, Disperser Canister: Dew of the Garden
hbm:item.disperser_canister:253, Disperser Canister: Argent Bloatpus
hbm:item.disperser_canister:254, Disperser Canister: Bloatpus
hbm:item.disperser_canister:255, Disperser Canister: Bloatspirit
hbm:item.disperser_canister:223, Disperser Canister: AWESOME
hbm:item.disperser_canister:224, Disperser Canister: Antidote
hbm:item.disperser_canister:225, Disperser Canister: RadAway
hbm:item.disperser_canister:226, Disperser Canister: Poison
hbm:item.disperser_canister:229, Disperser Canister: Titanium Tetrachloride
hbm:item.disperser_canister:108, Disperser Canister: Tea
hbm:item.disperser_canister:109, Disperser Canister: Honey
hbm:item.disperser_canister:107, Disperser Canister: Coffee
hbm:item.disperser_canister:115, Disperser Canister: Milk
hbm:item.disperser_canister:116, Disperser Canister: Strawberry Milk
hbm:item.disperser_canister:117, Disperser Canister: Carbon Tetrachloride
hbm:item.disperser_canister:132, Disperser Canister: Elbow Grease
hbm:item.disperser_canister:160, Disperser Canister: Evaporated Milk
hbm:item.disperser_canister:161, Disperser Canister: Condensed Milk
hbm:item.disperser_canister:162, Disperser Canister: Heavy Whipping Cream
hbm:item.disperser_canister:175, Disperser Canister: Booster Pheromone
hbm:item.disperser_canister:176, Disperser Canister: Modified Booster Pheromone
hbm:item.disperser_canister:256, Disperser Canister: Piss
hbm:item.disperser_canister:259, Disperser Canister: Natural Concrete
hbm:item.disperser_canister:260, Disperser Canister: Buurmium-Rich Liquid Concrete
hbm:item.disperser_canister:261, Disperser Canister: Liquid Concrete with Scrap
hbm:item.disperser_canister:262, Disperser Canister: Buurmic Acid
hbm:item.disperser_canister:263, Disperser Canister: Diluted Buurmic Acid
hbm:item.disperser_canister:1000, Disperser Canister: Custom Fluid Demo
hbm:item.glyphid_gland_empty,  Glyphid's Fluid Gland
hbm:item.glyphid_gland:77, Sulfuric Acid Gland
hbm:item.glyphid_gland:235, Bloatmusk Gland
hbm:item.glyphid_gland:234, Musty Bloatmusk Gland
hbm:item.glyphid_gland:233, Flaming Bloatmusk Gland
hbm:item.glyphid_gland:236, Musky Pheromone Gland
hbm:item.glyphid_gland:175, Booster Pheromone Gland
hbm:item.ullapool_caber, Ullapool Caber
hbm:item.weaponized_starblaster_cell, §cRigged Star Blaster Energy Cell§r
hbm:item.cape_radiation, Cape (Radiation)
hbm:item.cape_gasmask, Cape (Gas Mask)
hbm:item.cape_schrabidium, Cape (Schrabidic)
hbm:item.cape_hidden, Hidden Cape
hbm:item.dwarven_pickaxe, Dwarven Pickaxe
hbm:item.schrabidium_sword, Schrabidium Sword
hbm:item.schrabidium_hammer, Schrabidium Hammer
hbm:item.shimmer_sledge, Shimmer Sledge
hbm:item.shimmer_axe, Shimmer Axe
hbm:item.wood_gavel, Wooden Gavel
hbm:item.lead_gavel, Leaden Gavel
hbm:item.diamond_gavel, Diamond Gavel
hbm:item.mese_gavel, Mese Gavel
hbm:item.schrabidium_pickaxe, Schrabidium Pickaxe
hbm:item.schrabidium_axe, Schrabidium Axe
hbm:item.schrabidium_shovel, Schrabidium Shovel
hbm:item.schrabidium_hoe, Schrabidium Hoe
hbm:item.steel_sword, Steel Sword
hbm:item.steel_pickaxe, Steel Pickaxe
hbm:item.steel_axe, Steel Axe
hbm:item.steel_shovel, Steel Shovel
hbm:item.steel_spade, Steel Spade
hbm:item.steel_hoe, Steel Hoe
hbm:item.titanium_sword, Titanium Sword
hbm:item.titanium_pickaxe, Titanium Pickaxe
hbm:item.titanium_axe, Titanium Axe
hbm:item.titanium_shovel, Titanium Shovel
hbm:item.titanium_hoe, Titanium Hoe
hbm:item.cobalt_sword, Cobalt Sword
hbm:item.cobalt_pickaxe, Cobalt Pickaxe
hbm:item.cobalt_axe, Cobalt Axe
hbm:item.cobalt_shovel, Cobalt Shovel
hbm:item.cobalt_hoe, Cobalt Hoe
hbm:item.cobalt_decorated_sword, Decorated Cobalt Sword
hbm:item.cobalt_decorated_pickaxe, Decorated Cobalt Pickaxe
hbm:item.cobalt_decorated_axe, Decorated Cobalt Axe
hbm:item.cobalt_decorated_shovel, Decorated Cobalt Shovel
hbm:item.cobalt_decorated_hoe, Decorated Cobalt Hoe
hbm:item.starmetal_sword, Starmetal Sword
hbm:item.starmetal_pickaxe, Starmetal Pickaxe
hbm:item.starmetal_axe, Starmetal Axe
hbm:item.starmetal_shovel, Starmetal Shovel
hbm:item.starmetal_hoe, Starmetal Hoe
hbm:item.alloy_sword, Advanced Alloy Sword (LEGACY)
hbm:item.alloy_pickaxe, Advanced Alloy Pickaxe (LEGACY)
hbm:item.alloy_axe, Advanced Alloy Axe (LEGACY)
hbm:item.alloy_shovel, Advanced Alloy Shovel (LEGACY)
hbm:item.alloy_hoe, Advanced Alloy Hoe (LEGACY)
hbm:item.cmb_sword, CMB Steel Sword
hbm:item.cmb_pickaxe, CMB Steel Pickaxe
hbm:item.cmb_axe, CMB Steel Axe
hbm:item.cmb_shovel, CMB Steel Shovel
hbm:item.cmb_hoe, CMB Steel Hoe
hbm:item.desh_sword, Desh Sword
hbm:item.desh_pickaxe, Desh Pickaxe
hbm:item.desh_axe, Desh Axe
hbm:item.desh_shovel, Desh Shovel
hbm:item.desh_hoe, Desh Hoe
hbm:item.elec_sword, Stunstick
hbm:item.elec_pickaxe, Impact Drill
hbm:item.elec_axe, Electric Chainsaw
hbm:item.elec_shovel, Spiral Drill
hbm:item.dnt_sword, dinuatureum sword
hbm:item.smashing_hammer, Smashing Hammer
hbm:item.centri_stick, Centrifuge on a Stick
hbm:item.bismuth_pickaxe, Bismuth Pickaxe
hbm:item.bismuth_axe, Bismuth Axe
hbm:item.volcanic_pickaxe, Molten Pickaxe
hbm:item.volcanic_axe, Molten Axe
hbm:item.chlorophyte_pickaxe, Chlorophyte Pickaxe
hbm:item.chlorophyte_axe, Chlorophyte Axe
hbm:item.mese_pickaxe, Mese Pickaxe
hbm:item.mese_axe, Mese Axe
hbm:item.matchstick, Matchstick
hbm:item.balefire_and_steel, Balefire and Steel
hbm:item.crowbar, Mk.V Crate Opening Device "Crowbar"
hbm:item.wrench, Pipe Wrench
hbm:item.wrench_archineer, Archineer's Wrench
hbm:item.wrench_flipped, Blade on a Wrench
hbm:item.memespoon, §eMarket Gardener
hbm:item.weapon_pipe_lead, The Manual Override
hbm:item.reer_graar, The Reer Graar
hbm:item.stopsign, Stop Sign Battle Axe
hbm:item.sopsign, Sop Sign Battle Axe
hbm:item.chernobylsign, Chernobyl Warning Sign Battle Axe
hbm:item.meteorite_sword, Meteorite Sword
hbm:item.meteorite_pickaxe, Meteorite Pickaxe
hbm:item.meteorite_axe, Meteorite Axe
hbm:item.meteorite_shovel, Meteorite Shovel
hbm:item.meteorite_hoe, Meteorite Hoe
hbm:item.meteorite_sword.seared, Seared Meteorite Sword
hbm:item.meteorite_pickaxe.seared, Seared Meteorite Pickaxe
hbm:item.meteorite_axe.seared, Seared Meteorite Axe
hbm:item.meteorite_shovel.seared, Seared Meteorite Shovel
hbm:item.meteorite_hoe.seared, Seared Meteorite Hoe
hbm:item.meteorite_sword.reforged, Reforged Meteorite Sword
hbm:item.meteorite_pickaxe.reforged, Reforged Meteorite Pickaxe
hbm:item.meteorite_axe.reforged, Reforged Meteorite Axe
hbm:item.meteorite_shovel.reforged, Reforged Meteorite Shovel
hbm:item.meteorite_hoe.reforged, Reforged Meteorite Hoe
hbm:item.meteorite_sword.hardened, Hardened Meteorite Sword
hbm:item.meteorite_pickaxe.hardened, Hardened Meteorite Pickaxe
hbm:item.meteorite_axe.hardened, Hardened Meteorite Axe
hbm:item.meteorite_shovel.hardened, Hardened Meteorite Shovel
hbm:item.meteorite_hoe.hardened, Hardened Meteorite Hoe
hbm:item.meteorite_sword.alloyed, Alloyed Meteorite Sword
hbm:item.meteorite_pickaxe.alloyed, Alloyed Meteorite Pickaxe
hbm:item.meteorite_axe.alloyed, Alloyed Meteorite Axe
hbm:item.meteorite_shovel.alloyed, Alloyed Meteorite Shovel
hbm:item.meteorite_hoe.alloyed, Alloyed Meteorite Hoe
hbm:item.meteorite_sword.machined, Machined Meteorite Sword
hbm:item.meteorite_pickaxe.machined, Machined Meteorite Pickaxe
hbm:item.meteorite_axe.machined, Machined Meteorite Axe
hbm:item.meteorite_shovel.machined, Machined Meteorite Shovel
hbm:item.meteorite_hoe.machined, Machined Meteorite Hoe
hbm:item.meteorite_sword.treated, Treated Meteorite Sword
hbm:item.meteorite_pickaxe.treated, Treated Meteorite Pickaxe
hbm:item.meteorite_axe.treated, Treated Meteorite Axe
hbm:item.meteorite_shovel.treated, Treated Meteorite Shovel
hbm:item.meteorite_hoe.treated, Treated Meteorite Hoe
hbm:item.meteorite_sword.etched, Etched Meteorite Sword
hbm:item.meteorite_pickaxe.etched, Etched Meteorite Pickaxe
hbm:item.meteorite_axe.etched, Etched Meteorite Axe
hbm:item.meteorite_shovel.etched, Etched Meteorite Shovel
hbm:item.meteorite_hoe.etched, Etched Meteorite Hoe
hbm:item.syringe_taint, Watery Taint Injection
hbm:item.vector_lab_kit, Vector Lab Kit
hbm:item.syringe, Syringe
hbm:item.combat_syringe, Combat Syringe
hbm:item.medical_syringe, Medical Syringe
hbm:item.med_bag, First Aid Kit
hbm:item.iv_empty, IV Bag
hbm:item.iv_blood, Blood Bag
hbm:item.iv_xp_empty, Empty Experience Bag
hbm:item.iv_xp, Experience Bag
hbm:item.radx, Rad-X
hbm:item.siox, SiOX Cancer Medication
hbm:item.pill_herbal, Herbal Paste
hbm:item.pill_iodine, Iodine Pill
hbm:item.xanax, NAXA Anti-Digamma Medication
hbm:item.fmn, Flunitrazepam Tablet
hbm:item.five_htp, Enteramine Pills
hbm:item.plan_c, Plan C
hbm:item.pill_red, Red Pill
hbm:item.stealth_boy, Stealth Device
hbm:item.gas_mask_filter, Gas Mask Filter
hbm:item.gas_mask_filter_mono, Catalytic Mask Filter
hbm:item.gas_mask_filter_combo, Gas Mask Combo Filter
hbm:item.gas_mask_filter_rag, Makeshift Gas Mask Filter
hbm:item.gas_mask_filter_piss, Advanced Makeshift Gas Mask Filter
hbm:item.jetpack_tank, Jetpack Reserve Fuel Tank
hbm:item.lox_tank, Oxygen Tank
hbm:item.gun_kit_1, Gun Oil
hbm:item.gun_kit_2, Gun Repair Kit
hbm:item.animan, Problematic Meal
hbm:item.bomb_waffle, Waffle of Mass Destruction
hbm:item.schnitzel_vegan, Vegan Schnitzel
hbm:item.cotton_candy, Radioactive Cotton Candy
hbm:item.apple_lead:0, Lead Apple
hbm:item.apple_lead:1, Lead Apple
hbm:item.apple_lead:2, Lead Apple
hbm:item.apple_schrabidium:0, Schrabidium Apple
hbm:item.apple_schrabidium:1, Schrabidium Apple
hbm:item.apple_schrabidium:2, Schrabidium Apple
hbm:item.tem_flakes:0, Tem Flakes
hbm:item.tem_flakes:1, Tem Flakes
hbm:item.tem_flakes:2, Tem Flakes
hbm:item.glowing_stew, Glowing Mushroom Stew
hbm:item.balefire_scrambled, Scrambled Balefire Egg
hbm:item.balefire_and_ham, Ham and Balefire Eggs
hbm:item.lemon, "Lemon"
hbm:item.definitelyfood, MRE
hbm:item.loops, Lööps
hbm:item.loop_stew, IT Breakfast
hbm:item.spongebob_macaroni, Spongebob Macaroni
hbm:item.fooditem, food item
hbm:item.twinkie, Twinkie
hbm:item.static_sandwich, Sandwich Garnished with TV Static
hbm:item.pudding, Pudding
hbm:item.pancake, Pancake made from Scrap Metal, Nails and Gem Dust
hbm:item.butter, Butter
hbm:item.s_cream, Strawberry Ice Cream
hbm:item.min_cream, Minmus Mint Ice Cream
hbm:item.nugget, Chicken Nugget
hbm:item.peas, Peas
hbm:item.marshmallow:0, Marshmallow on a Stick
hbm:item.marshmallow:1, Marshmallow on a Stick
hbm:item.cheese, Cheese
hbm:item.cheese_quesadilla, Cheese Quesadilla
hbm:item.glyphid_meat, Glyphid Meat
hbm:item.glyphid_meat_grilled, Grilled Glyphid Meat
hbm:item.glyphid_meat_nether, Netherglyphid Meat
hbm:item.glyphid_meat_nether_grilled, Grilled Netherglyphid Meat
hbm:item.egg_glyphid, Glyphid Egg
hbm:item.egg_glyphid_nether, Netherglyphid Egg
hbm:item.med_ipecac, Ipecac Syrup
hbm:item.med_ptsd, PTSD Medication
hbm:item.canteen_vodka, Stylish Flask
hbm:item.mucho_mango, AriZona Mucho Mango
hbm:item.chocolate, Ithis-Brand Radium Chocolate
hbm:item.flour, Flour
hbm:item.can_empty, Empty Can
hbm:item.can_smart, 'Smart' Energy Drink
hbm:item.can_creature, 'Creature' Energy Drink
hbm:item.can_redbomb, 'Red Bomb' Energy Drink
hbm:item.can_mrsugar, 'Dr. Sugar' Soft Drink
hbm:item.can_overcharge, Overcharge Delirium XT
hbm:item.can_luna, Black Mesa Luna - Dark Cola
hbm:item.can_bepis, Bepis
hbm:item.can_breen, Dr>Breens Private Reserve
hbm:item.can_mug, MUG Root Beer
hbm:item.coffee, Coffee
hbm:item.coffee_radium, Radium Coffee
hbm:item.bottle_empty, Empty Bomb-Shaped Bottle
hbm:item.bottle_nuka, Bottle of Nuka Cola
hbm:item.bottle_cherry, Bottle of Nuka Cherry
hbm:item.bottle_quantum, Bottle of Nuka Cola Quantum
hbm:item.bottle_sparkle, Bottle of S~Cola
hbm:item.bottle_rad, Bottle of S~Cola RAD
hbm:item.bottle2_empty, Empty Bottle
hbm:item.bottle2_korl, Korl
hbm:item.bottle2_fritz, Fritz Cola
hbm:item.bottle_opener, Hbm's Own Self-Made Bottle Opener
hbm:item.flask_infusion:0, Shield Infusion
hbm:item.flask_infusion:1, NITAN© Ambrosia
hbm:item.canned_conserve:0, Canned Beef
hbm:item.canned_conserve:1, Canned Tuna
hbm:item.canned_conserve:2, Canned Mystery Meat
hbm:item.canned_conserve:3, Паштет
hbm:item.canned_conserve:4, Canned Melted Cheese
hbm:item.canned_conserve:5, Condensed Horse Slime
hbm:item.canned_conserve:6, Canned Evaporated Milk
hbm:item.canned_conserve:7, Canned Ass
hbm:item.canned_conserve:8, Canned Pepperoni Pizza
hbm:item.canned_conserve:9, Astronaut Food Tube
hbm:item.canned_conserve:10, Canned Tomato Soup
hbm:item.canned_conserve:11, Canned Asbestos
hbm:item.canned_conserve:12, Canned Black Hole
hbm:item.canned_conserve:13, Canned Hotdogs
hbm:item.canned_conserve:14, Leftover Conserve
hbm:item.canned_conserve:15, Canned Yogurt
hbm:item.canned_conserve:16, Canned "Mushroom Stew"
hbm:item.canned_conserve:17, Canned Chinese Food
hbm:item.canned_conserve:18, Canned Engine Oil
hbm:item.canned_conserve:19, Canned Fist
hbm:item.canned_conserve:20, Canned Spam
hbm:item.canned_conserve:21, Canned Fried Chicken
hbm:item.canned_conserve:22, Canned Napalm
hbm:item.canned_conserve:23, Canned Diesel
hbm:item.canned_conserve:24, Canned Kerosene
hbm:item.canned_conserve:25, Canned Recursion
hbm:item.canned_conserve:26, Canned Pine Bark Jerky
hbm:item.cap_nuka, Nuka Cola Bottle Cap
hbm:item.cap_quantum, Nuka Cola Quantum Bottle Cap
hbm:item.cap_sparkle, S~Cola Bottle Cap
hbm:item.cap_rad, S~Cola RAD Bottle Cap
hbm:item.cap_korl, Korl Bottle Cap
hbm:item.cap_fritz, Fritz Cola Bottle Cap
hbm:item.ring_pull, Ring Pull
hbm:item.can_key, Winding Key
hbm:item.coin_creeper, Nuclear Creeper Coin
hbm:item.coin_radiation, Radiation Coin
hbm:item.coin_maskman, Maskman Coin
hbm:item.coin_worm, Balls-O-Tron Coin
hbm:item.coin_ufo, UFO Coin
hbm:item.coin_airliner, Airliner Coin
hbm:item.claude, Claude
hbm:item.failed_steel, Failed Steel
hbm:item.coin_token, Vending Machine Token
hbm:item.medal_liquidator, Liquidator Medal
hbm:item.v1, V1
hbm:item.protection_charm, Charm of Protection
hbm:item.meteor_charm, Meteor Charm
hbm:item.neutrino_lens, Neutrino Lens
hbm:item.gas_tester, Gas Sensor
hbm:item.defuser_gold, Golden Wire Cutter
hbm:item.ballistic_gauntlet, Ballistic Gauntlet
hbm:item.night_vision, Night Vision Goggles
hbm:item.card_aos, Ace of Spades
hbm:item.card_qos, Queen of Spades
hbm:item.australium_iii, Mark III Life Extender
hbm:item.armor_battery, Power Armor Battery Pack
hbm:item.armor_battery_mk2, Power Armor Battery Pack Mk2
hbm:item.armor_battery_mk3, Power Armor Battery Pack Mk3
hbm:item.flippers, Flippers
hbm:item.heavy_boots, Occasionally Heavy Boots
hbm:item.chocolate_milk, Chocolate Milk
hbm:item.cbt_device, CBT Device
hbm:item.cigarette, FFI-Brand Cigarette
hbm:item.crackpipe, Health Pipe
hbm:item.bdcl, BDCL
hbm:item.glass_smilk, Strawberry Milk Glass
hbm:item.glass_empty, Empty Glass
hbm:item.strawberry, Strawberry
hbm:item.mint_leaves, Mint Leaves
hbm:item.teaseeds, Tea Seeds
hbm:item.tea_leaf, Tea Leaf
hbm:item.powder_coffee, Ground Coffee
hbm:item.bean_raw, Raw Coffee Bean
hbm:item.bean_roast, Roasted Coffee Bean
hbm:item.cmug_empty, Empty Mug
hbm:item.teacup_empty, Empty Teacup
hbm:item.teacup, Cup of Tea
hbm:item.bottle_honey, Bottle of Honey
hbm:item.paraffin_seeds, Chlorinated Seeds
hbm:item.heartfruit, Heartfruit
hbm:item.heartfruit_seeds, Heartfruit Seeds
hbm:item.attachment_mask, Gas Mask Attachable
hbm:item.attachment_mask_mono, Half Mask Attachable
hbm:item.back_tesla, Back-Mounted Tesla Coil
hbm:item.servo_set, Servo Set
hbm:item.servo_set_desh, Desh Servo Set
hbm:item.pads_rubber, Rubber Pads
hbm:item.pads_slime, Slime Pads
hbm:item.pads_static, Static Pads
hbm:item.cladding_paint, Lead Paint
hbm:item.cladding_rubber, Rubber Cladding
hbm:item.cladding_lead, Lead Cladding
hbm:item.cladding_desh, Desh Cladding
hbm:item.cladding_ghiorsium, Ghiorsium Cladding
hbm:item.cladding_iron, Iron Cladding
hbm:item.cladding_obsidian, Obsidian Skin
hbm:item.insert_kevlar, Kevlar Insert
hbm:item.insert_sapi, SAPI Insert
hbm:item.insert_esapi, ESAPI Insert
hbm:item.insert_xsapi, XSAPI Insert
hbm:item.insert_steel, Heavy Steel Insert
hbm:item.insert_du, DU Insert
hbm:item.insert_polonium, Polonium Insert
hbm:item.insert_ghiorsium, Ghiorsium Insert
hbm:item.insert_cmb, CMB Insert
hbm:item.insert_era, Explosive Reactive Armor Insert
hbm:item.insert_yharonite, Yharonite Insert
hbm:item.insert_doxium, Astolfium-Doped Doxium Insert
hbm:item.armor_polish, ShiningArmor™ Armor Polish
hbm:item.bandaid, Velvet Band-Aid
hbm:item.serum, Serum
hbm:item.auto_drip, Auto Drip
hbm:item.industrial_pipette, Industrial Pipette
hbm:item.blood_monitor, item.blood_monitor.name
hbm:item.quartz_plutonium, Plutonic Quartz
hbm:item.morning_glory, Morning Glory
hbm:item.lodestone, Lodestone
hbm:item.horseshoe_magnet, Horseshoe Magnet
hbm:item.industrial_magnet, Industrial Magnet
hbm:item.bathwater, Toxic Soapy Water
hbm:item.bathwater_mk2, Toxic Soapy Water (Horse Scented)
hbm:item.spider_milk, Bottle of Spider Milk
hbm:item.ink, 林 Ink
hbm:item.heart_piece, Heart Piece
hbm:item.heart_container, Heart Container
hbm:item.heart_booster, Heart Booster
hbm:item.heart_fab, Heart of Darkness
hbm:item.black_diamond, Black Diamond
hbm:item.wd40, VT-40
hbm:item.scrumpy, Bottle of Scrumpy
hbm:item.wild_p, Wild Pegasus Dry Whiskey
hbm:item.shackles, Shackles
hbm:item.injector_5htp, 5-HTP Autoinjector
hbm:item.injector_knife, 8 Inch Blade Autoinjector
hbm:item.boat_rubber, Rubber Boat
hbm:item.cart, item.cart.name
hbm:item.train:0, Electric Flat Bed Tram
hbm:item.train:1, item.train.cargo_tram_trailer.name
hbm:item.drone:0, Transport Drone
hbm:item.drone:1, Chunkloading Transport Drone
hbm:item.drone:2, Express Transport Drone
hbm:item.drone:3, Chunkloading Express Transport Drone
hbm:item.drone:4, Logistics Drone
hbm:item.early_explosive_lenses, Array of First-Generation High-Explosive Lenses
hbm:item.explosive_lenses, Array of High-Explosive Lenses
hbm:item.gadget_wireing, Wiring
hbm:item.gadget_core, Large Plutonium Core
hbm:item.boy_shielding, Neutron Shielding
hbm:item.boy_target, Subcritical U235 Target
hbm:item.boy_bullet, U235 Projectile
hbm:item.boy_propellant, Propellant
hbm:item.boy_igniter, Bomb Igniter
hbm:item.man_igniter, Bomb Firing Unit
hbm:item.man_core, Plutonium Core
hbm:item.mike_core, Uranium Coated Deuterium Tank
hbm:item.mike_deut, Deuterium Tank
hbm:item.mike_cooling_unit, Deuterium Cooling Unit
hbm:item.tsar_core, Tsar Bomba Core
hbm:item.fleija_igniter, Pulse Igniter
hbm:item.fleija_propellant, Schrabidium Propellant
hbm:item.fleija_core, F.L.E.I.J.A. Uranium 235 Charge
hbm:item.solinium_igniter, SOL Pulse Igniter
hbm:item.solinium_propellant, SOL Compression Charge
hbm:item.solinium_core, Semi-Stable Solinium Core
hbm:item.n2_charge, Large Explosive Charge
hbm:item.egg_balefire_shard, Balefire Shard
hbm:item.egg_balefire, Balefire Egg
hbm:item.goggles, Protection Goggles
hbm:item.ashglasses, Ash Goggles
hbm:item.gas_mask, Gas Mask
hbm:item.gas_mask_m65, M65-Z Gas Mask
hbm:item.gas_mask_mono, Half Mask
hbm:item.gas_mask_olde, Leather Gas Mask
hbm:item.mask_rag, Crude Protective Mask
hbm:item.mask_piss, Trench Mask
hbm:item.nossy_hat, Fabulous Hat
hbm:item.beta, Beta Features
hbm:item.no9, Mining Helmet
hbm:item.steel_helmet, Steel Helmet
hbm:item.steel_plate, Steel Chestplate
hbm:item.steel_legs, Steel Leggings
hbm:item.steel_boots, Steel Boots
hbm:item.titanium_helmet, Titanium Helmet
hbm:item.titanium_plate, Titanium Chestplate
hbm:item.titanium_legs, Titanium Leggings
hbm:item.titanium_boots, Titanium Boots
hbm:item.alloy_helmet, Advanced Alloy Helmet (LEGACY)
hbm:item.alloy_plate, Advanced Alloy Chestplate (LEGACY)
hbm:item.alloy_legs, Advanced Alloy Leggings (LEGACY)
hbm:item.alloy_boots, Advanced Alloy Boots (LEGACY)
hbm:item.custom_tnt, Custom Nuke Explosive Charge
hbm:item.custom_nuke, Custom Nuke Nuclear Rod
hbm:item.custom_hydro, Custom Nuke Hydrogen Rod
hbm:item.custom_amat, Custom Nuke Antimatter Rod
hbm:item.custom_dirty, Custom Nuke Dirty Rod
hbm:item.custom_schrab, Custom Nuke Schrabidium Rod
hbm:item.custom_fall, Custom Nuke Drop Upgrade
hbm:item.steamsuit_helmet, Steam Suit Respirator Helmet
hbm:item.steamsuit_plate, Steam Suit Chestplate
hbm:item.steamsuit_legs, Steam Suit Leggings
hbm:item.steamsuit_boots, Steam Suit Boots
hbm:item.dieselsuit_helmet, Diesel-Powered Head-Mounted Environmental Sensor
hbm:item.dieselsuit_plate, Diesel-Powered Cybernetics
hbm:item.dieselsuit_legs, Diesel-Powered Leg Servos
hbm:item.dieselsuit_boots, Diesel-Powered High Heels
hbm:item.t51_helmet, T-51b Power Armor Helmet
hbm:item.t51_plate, T-51b Power Armor Chestplate
hbm:item.t51_legs, T-51b Power Armor Leggings
hbm:item.t51_boots, T-51b Power Armor Boots
hbm:item.ajr_helmet, Steel Ranger Helmet
hbm:item.ajr_plate, Steel Ranger Chestplate
hbm:item.ajr_legs, Steel Ranger Leggings
hbm:item.ajr_boots, Steel Ranger Boots
hbm:item.ajro_helmet, AJR Power Armor Helmet
hbm:item.ajro_plate, AJR Power Armor Chestplate
hbm:item.ajro_legs, AJR Power Armor Leggings
hbm:item.ajro_boots, AJR Power Armor Boots
hbm:item.rpa_helmet, Remnants Power Armor Helmet
hbm:item.rpa_plate, Remnants Power Armor Chestplate
hbm:item.rpa_legs, Remnants Power Armor Leggings
hbm:item.rpa_boots, Remnants Power Armor Boots
hbm:item.ncrpa_helmet, NCR Ranger Power Armor Helmet
hbm:item.ncrpa_plate, NCR Ranger Power Armor Chestplate
hbm:item.ncrpa_legs, NCR Ranger Power Armor Leggings
hbm:item.ncrpa_boots, NCR Ranger Power Armor Boots
hbm:item.bj_helmet, Eyepatch with Thermal Sensor
hbm:item.bj_plate, Lunar Cybernetic Plating
hbm:item.bj_plate_jetpack, Lunar Cybernetic Plating (Winged)
hbm:item.bj_legs, Lunar Cybernetic Leg Replacements
hbm:item.bj_boots, Lunar Studded Boots
hbm:item.envsuit_helmet, M1TTY Environment Suit Helmet
hbm:item.envsuit_plate, M1TTY Environment Suit Chestplate
hbm:item.envsuit_legs, M1TTY Environment Suit Leggings
hbm:item.envsuit_boots, M1TTY Environment Suit Boots
hbm:item.hev_helmet, HEV Mark IV Helmet
hbm:item.hev_plate, HEV Mark IV Chestplate
hbm:item.hev_legs, HEV Mark IV Leggings
hbm:item.hev_boots, HEV Mark IV Boots
hbm:item.fau_helmet, Fau Helmet
hbm:item.fau_plate, Fau Chestplate
hbm:item.fau_legs, Fau Leggins
hbm:item.fau_boots, Fau Boots
hbm:item.dns_helmet, DNT Nano Suit Helmet
hbm:item.dns_plate, DNT Nano Suit Chestplate
hbm:item.dns_legs, DNT Nano Suit Leggings
hbm:item.dns_boots, DNT Nano Suit Boots
hbm:item.taurun_helmet, Taurun Helmet
hbm:item.taurun_plate, Taurun Chestplate
hbm:item.taurun_legs, Taurun Leggings
hbm:item.taurun_boots, Taurun Boots
hbm:item.trenchmaster_helmet, Trenchmaster's Helmet
hbm:item.trenchmaster_plate, Trenchmaster's Chestplate
hbm:item.trenchmaster_legs, Trenchmaster's Leggings
hbm:item.trenchmaster_boots, Trenchmaster's Boots
hbm:item.chainsaw, Chainsaw
hbm:item.igniter, Igniter
hbm:item.detonator, Detonator
hbm:item.detonator_multi, Multi Detonator
hbm:item.detonator_laser, Laser Detonator
hbm:item.detonator_deadman, Dead Man's Detonator
hbm:item.detonator_de, Dead Man's Explosive
hbm:item.bomb_caller:0, Airstrike Designator
hbm:item.bomb_caller:1, Airstrike Designator
hbm:item.bomb_caller:2, Airstrike Designator
hbm:item.bomb_caller:3, Airstrike Designator
hbm:item.bomb_caller:4, Airstrike Designator
hbm:item.bomb_caller:8, Airstrike Designator
hbm:item.meteor_remote, Meteorite Remote
hbm:item.anchor_remote, Recall Device
hbm:item.defuser, High-Tech Bomb Defusing Device
hbm:item.reacher, Tungsten Reacher
hbm:item.bismuth_tool, Magnetic Extractor
hbm:item.meltdown_tool, Dyatlov Instant Meltdown Applicator
hbm:item.hazmat_helmet, Hazmat Helmet
hbm:item.hazmat_plate, Hazmat Chestplate
hbm:item.hazmat_legs, Hazmat Leggings
hbm:item.hazmat_boots, Hazmat Boots
hbm:item.hazmat_helmet_red, Advanced Hazmat Helmet
hbm:item.hazmat_plate_red, Advanced Hazmat Chestplate
hbm:item.hazmat_legs_red, Advanced Hazmat Leggings
hbm:item.hazmat_boots_red, Advanced Hazmat Boots
hbm:item.hazmat_helmet_grey, High-Performance Hazmat Helmet
hbm:item.hazmat_plate_grey, High-Performance Hazmat Chestplate
hbm:item.hazmat_legs_grey, High-Performance Hazmat Leggings
hbm:item.hazmat_boots_grey, High-Performance Hazmat Boots
hbm:item.hazmat_paa_helmet, PaA Battle Hazmat Suit Helmet
hbm:item.hazmat_paa_plate, PaA Battle Hazmat Suit Chestplate
hbm:item.hazmat_paa_legs, PaA Battle Hazmat Suit Leggings
hbm:item.hazmat_paa_boots, PaA Battle Hazmat Suit Boots
hbm:item.liquidator_helmet, Liquidator Suit Helmet
hbm:item.liquidator_plate, Liquidator Suit Chestplate
hbm:item.liquidator_legs, Liquidator Suit Leggins
hbm:item.liquidator_boots, Liquidator Suit Boots
hbm:item.cmb_helmet, CMB Steel Helmet
hbm:item.cmb_plate, CMB Steel Chestplate
hbm:item.cmb_legs, CMB Steel Leggings
hbm:item.cmb_boots, CMB Steel Boots
hbm:item.paa_plate, PaA Chest Protection Plate
hbm:item.paa_legs, PaA Leg Reinforcements
hbm:item.paa_boots, PaA "good ol' shoes"
hbm:item.asbestos_helmet, Fire Proximity Helmet
hbm:item.asbestos_plate, Fire Proximity Chestplate
hbm:item.asbestos_legs, Fire Proximity Leggings
hbm:item.asbestos_boots, Fire Proximity Boots
hbm:item.security_helmet, Security Helmet
hbm:item.security_plate, Security Chestplate
hbm:item.security_legs, Security Leggings
hbm:item.security_boots, Security Boots
hbm:item.cobalt_helmet, Cobalt Helmet
hbm:item.cobalt_plate, Cobalt Chestplate
hbm:item.cobalt_legs, Cobalt Leggings
hbm:item.cobalt_boots, Cobalt Boots
hbm:item.starmetal_helmet, Starmetal Helmet
hbm:item.starmetal_plate, Starmetal Chestplate
hbm:item.starmetal_legs, Starmetal Leggings
hbm:item.starmetal_boots, Starmetal Boots
hbm:item.zirconium_legs, Zirconium Pants
hbm:item.dnt_helmet, dinotroniumu helmet
hbm:item.dnt_plate, dineutrom chestplate
hbm:item.dnt_legs, dineuterium legs
hbm:item.dnt_boots, dienautronium boots
hbm:item.schrabidium_helmet, Schrabidium Helmet
hbm:item.schrabidium_plate, Schrabidium Chestplate
hbm:item.schrabidium_legs, Schrabidium Leggings
hbm:item.schrabidium_boots, Schrabidium Boots
hbm:item.bismuth_helmet, Bismuth Headdress
hbm:item.bismuth_plate, Bismuth Shoulderpads, Necklace & Loincloth
hbm:item.bismuth_legs, Bismuth Kneeguards
hbm:item.bismuth_boots, Bismuth Sandals
hbm:item.euphemium_helmet, Euphemium Helmet
hbm:item.euphemium_plate, Euphemium Chestplate
hbm:item.euphemium_legs, Euphemium Leggings
hbm:item.euphemium_boots, Euphemium Boots
hbm:item.euphemium_rod, Euphemium Rod
hbm:item.robes_helmet, Casual Hoodie
hbm:item.robes_plate, Casual Sweater
hbm:item.robes_legs, Casual Pants
hbm:item.robes_boots, Field Boots
hbm:item.apple_euphemium, Euphemium Apple
hbm:item.watch, Broken Pocket Watch
hbm:item.mask_of_infamy, Mask of Infamy
hbm:item.jackt, Damn Stylish Ballistic Jacket
hbm:item.jackt2, Damn Stylish Ballistic Jacket 2: Tokyo Drift
hbm:item.jetpack_fly, Jetpack
hbm:item.jetpack_break, Builder's Jetpack
hbm:item.jetpack_vector, Vectored Jetpack
hbm:item.jetpack_boost, Boostpack
hbm:item.wings_limp, Limp Wings
hbm:item.wings_murk, Murky Wings
hbm:item.oxy_plss, PLSS
hbm:item.crystal_horn, Crystal Horn
hbm:item.crystal_charred, Charred Crystal
hbm:item.rebar_placer, Rebar Placer
hbm:item.wand_k, Construction Wand
hbm:item.wand_s, Structure Wand
hbm:item.wand_d, Debug Wand
hbm:item.wand_time, Time Wand
hbm:item.structure_single, item.structure_single.name
hbm:item.structure_solid, item.structure_solid.name
hbm:item.structure_pattern, item.structure_pattern.name
hbm:item.structure_randomized, item.structure_randomized.name
hbm:item.structure_randomly, item.structure_randomly.name
hbm:item.structure_custommachine, Custom Machine Structure Output Wand
hbm:item.rod_of_discord, Rod of Discord
hbm:item.polaroid, The Polaroid
hbm:item.glitch, Glitch
hbm:item.book_secret, 3-596-50802-9
hbm:item.book_of_, The Book of Boxcars
hbm:item.page_of_:0, Page 1
hbm:item.page_of_:1, Page 2
hbm:item.page_of_:2, Page 3
hbm:item.page_of_:3, Page 4
hbm:item.page_of_:4, Page 5
hbm:item.page_of_:5, Page 6
hbm:item.page_of_:6, Page 7
hbm:item.page_of_:7, Page 8
hbm:item.book_lemegeton, Lemegeton
hbm:item.burnt_bark, Burnt Bark
hbm:item.nuke_starter_kit, Atomic Science Starter Kit
hbm:item.nuke_advanced_kit, Atomic Science Advanced Kit
hbm:item.nuke_commercially_kit, Atomic Science Kit for Commercial Uses
hbm:item.nuke_electric_kit, Electronic Engineer's Kit
hbm:item.gadget_kit, The Gadget Kit
hbm:item.boy_kit, Little Boy Kit
hbm:item.man_kit, Fat Man Kit
hbm:item.mike_kit, Ivy Mike Kit
hbm:item.tsar_kit, Tsar Bomba Kit
hbm:item.prototype_kit, Prototype Kit
hbm:item.fleija_kit, F.L.E.I.J.A. Kit
hbm:item.solinium_kit, Solinium Kit
hbm:item.multi_kit, Multi Purpose Bomb Kit
hbm:item.custom_kit, Custom Nuke Kit
hbm:item.missile_kit, Missile Kit
hbm:item.hazmat_kit, Hazmat Kit
hbm:item.hazmat_red_kit, Advanced Hazmat Kit
hbm:item.hazmat_grey_kit, High-Performance Hazmat Kit
hbm:item.kit_custom, item.kit_custom.name
hbm:item.euphemium_kit, Euphemium Kit
hbm:item.toolbox, Toolbox
hbm:item.loot_10, Size 10 Missile Loot Crate
hbm:item.loot_15, Size 15 Missile Loot Crate
hbm:item.loot_misc, General Missile Loot Crate
hbm:item.bucket_mud, Bucket of Poisonous Mud
hbm:item.bucket_acid, Bucket of Acid
hbm:item.bucket_toxic, Bucket of Stereotypical Green Ooze
hbm:item.bucket_schrabidic_acid, Bucket of Schrabidic Acid
hbm:item.bucket_sulfuric_acid, Bucket of Sulfuric Acid
hbm:item.bucket_mercury, Bucket of Mercury
hbm:item.bucket_bromine, Bucket of Alkyl Bromide
hbm:item.bucket_ccl, Carbon Tetrachloride Bucket
hbm:item.door_metal, Metal Door
hbm:item.door_office, Office Door
hbm:item.door_bunker, Bunker Door
hbm:item.door_red, Red Door
hbm:item.fence_gate, Chainlink Fence Gate
hbm:item.record_lc, item.record_lc.name
hbm:item.record_ss, item.record_ss.name
hbm:item.record_vc, item.record_vc.name
hbm:item.record_gs, item.record_gs.name
hbm:item.record_gp, item.record_gp.name
hbm:item.record_el, item.record_el.name
hbm:item.record_glass, item.record_glass.name
hbm:item.book_guide:1, Guide Book
hbm:item.book_guide:3, Guide Book
hbm:item.book_lore, item.book_lore.name
hbm:item.holotape_image:0, Holotape
hbm:item.holotape_image:1, Holotape
hbm:item.holotape_image:2, Holotape
hbm:item.holotape_image:3, Holotape
hbm:item.holotape_image:4, Holotape
hbm:item.holotape_image:5, Holotape
hbm:item.holotape_image:6, Holotape
hbm:item.holotape_image:7, Holotape
hbm:item.holotape_image:8, Holotape
hbm:item.holotape_image:9, Holotape
hbm:item.holotape_image:10, Holotape
hbm:item.holotape_image:11, Holotape
hbm:item.holotape_image:12, Holotape
hbm:item.holotape_image:13, Holotape
hbm:item.holotape_image:14, Holotape
hbm:item.holotape_image:15, Holotape
hbm:item.holotape_image:16, Holotape
hbm:item.holotape_image:17, Holotape
hbm:item.holotape_damaged, Damaged Holotape
hbm:item.clay_tablet, Clay Tablet
hbm:item.chlorine1, item.chlorine1.name
hbm:item.chlorine2, item.chlorine2.name
hbm:item.chlorine3, item.chlorine3.name
hbm:item.chlorine4, item.chlorine4.name
hbm:item.chlorine5, item.chlorine5.name
hbm:item.chlorine6, item.chlorine6.name
hbm:item.chlorine7, item.chlorine7.name
hbm:item.chlorine8, item.chlorine8.name
hbm:item.pc1, item.pc1.name
hbm:item.pc2, item.pc2.name
hbm:item.pc3, item.pc3.name
hbm:item.pc4, item.pc4.name
hbm:item.pc5, item.pc5.name
hbm:item.pc6, item.pc6.name
hbm:item.pc7, item.pc7.name
hbm:item.pc8, item.pc8.name
hbm:item.cloud1, item.cloud1.name
hbm:item.cloud2, item.cloud2.name
hbm:item.cloud3, item.cloud3.name
hbm:item.cloud4, item.cloud4.name
hbm:item.cloud5, item.cloud5.name
hbm:item.cloud6, item.cloud6.name
hbm:item.cloud7, item.cloud7.name
hbm:item.cloud8, item.cloud8.name
hbm:item.orange1, item.orange1.name
hbm:item.orange2, item.orange2.name
hbm:item.orange3, item.orange3.name
hbm:item.orange4, item.orange4.name
hbm:item.orange5, item.orange5.name
hbm:item.orange6, item.orange6.name
hbm:item.orange7, item.orange7.name
hbm:item.orange8, item.orange8.name
hbm:item.achievement_icon:0, item.achievement_icon.gofish.name
hbm:item.achievement_icon:1, item.achievement_icon.acid.name
hbm:item.achievement_icon:2, item.achievement_icon.balls.name
hbm:item.achievement_icon:3, item.achievement_icon.digammasee.name
hbm:item.achievement_icon:4, item.achievement_icon.digammafeel.name
hbm:item.achievement_icon:5, item.achievement_icon.digammaknow.name
hbm:item.achievement_icon:6, item.achievement_icon.digammakauaimoho.name
hbm:item.achievement_icon:7, item.achievement_icon.digammaupontop.name
hbm:item.achievement_icon:8, item.achievement_icon.digammaforourright.name
hbm:item.achievement_icon:9, item.achievement_icon.questionmark.name
hbm:item.mysteryshovel, Brittle Spade
hbm:item.memory, item.null.name
hbm:item.conveyor_wand:0, Conveyor Belt
hbm:item.conveyor_wand:1, Express Conveyor Belt
hbm:item.conveyor_wand:2, Double-Lane Conveyor Belt
hbm:item.conveyor_wand:3, Triple-Lane Conveyor Belt
hbm:item.swarm_member, Dyson Swarm Member
hbm:item.template_folder, Machine Template Folder
hbm:item.nothing, Nothing
hbm:item.broken_item, Broken Item
IronChest:ironGoldUpgrade, Iron to Gold Chest Upgrade
IronChest:goldDiamondUpgrade, Gold to Diamond Chest Upgrade
IronChest:copperSteelUpgrade, Copper to Steel Chest Upgrade
IronChest:steelGoldUpgrade, Steel to Gold Chest Upgrade
IronChest:copperIronUpgrade, Copper to Iron Chest Upgrade
IronChest:diamondCrystalUpgrade, Diamond to Crystal Chest Upgrade
IronChest:woodIronUpgrade, Wood to Iron Chest Upgrade
IronChest:woodCopperUpgrade, Wood to Copper Chest Upgrade
IronChest:diamondObsidianUpgrade, Diamond to Obsidian Chest Upgrade
IronChest:obsidianNetheriteUpgrade, Obsidian to Netherite Chest Upgrade
IronChest:ironSteelUpgrade, Iron to Steel Chest Upgrade
modernmarkings:item.chalk, Chalk
ntmchisel:deshChisel, Desh Chisel
OpenBlocks:hangglider, Hang Glider
OpenBlocks:generic:0, Glider Wing
OpenBlocks:generic:1, Beam
OpenBlocks:generic:2, Crane Engine
OpenBlocks:generic:3, Crane Magnet
OpenBlocks:generic:5, Line
OpenBlocks:generic:6, Map Controller Module
OpenBlocks:generic:7, Map Memory Module
OpenBlocks:generic:9, Assistant's base
OpenBlocks:generic:10, Unprepared Stencil
OpenBlocks:generic:11, Sketching Pencil
OpenBlocks:luggage, Luggage
OpenBlocks:sonicglasses, Sonic Glasses
OpenBlocks:pencilGlasses:0, Pencil Glasses
OpenBlocks:crayonGlasses:0, Crayon Glasses
OpenBlocks:crayonGlasses:0, Crayon Glasses
OpenBlocks:crayonGlasses:0, Crayon Glasses
OpenBlocks:crayonGlasses:0, Crayon Glasses
OpenBlocks:crayonGlasses:0, Crayon Glasses
OpenBlocks:crayonGlasses:0, Crayon Glasses
OpenBlocks:crayonGlasses:0, Crayon Glasses
OpenBlocks:crayonGlasses:0, Crayon Glasses
OpenBlocks:crayonGlasses:0, Crayon Glasses
OpenBlocks:crayonGlasses:0, Crayon Glasses
OpenBlocks:crayonGlasses:0, Crayon Glasses
OpenBlocks:crayonGlasses:0, Crayon Glasses
OpenBlocks:crayonGlasses:0, Crayon Glasses
OpenBlocks:crayonGlasses:0, Crayon Glasses
OpenBlocks:crayonGlasses:0, Crayon Glasses
OpenBlocks:crayonGlasses:0, Crayon Glasses
OpenBlocks:technicolorGlasses:0, Amazing Technicolor Glasses
OpenBlocks:seriousGlasses:0, Badass Glasses
OpenBlocks:craneControl, Crane Control
OpenBlocks:craneBackpack, Crane Backpack
OpenBlocks:slimalyzer, Slimalyzer
OpenBlocks:filledbucket:0, XP Bucket
OpenBlocks:sleepingBag, Sleeping Bag
OpenBlocks:paintBrush, Paint Brush
OpenBlocks:stencil:0, Stencil
OpenBlocks:stencil:1, Stencil
OpenBlocks:stencil:2, Stencil
OpenBlocks:stencil:3, Stencil
OpenBlocks:stencil:4, Stencil
OpenBlocks:stencil:5, Stencil
OpenBlocks:stencil:6, Stencil
OpenBlocks:stencil:7, Stencil
OpenBlocks:stencil:8, Stencil
OpenBlocks:stencil:9, Stencil
OpenBlocks:stencil:10, Stencil
OpenBlocks:stencil:11, Stencil
OpenBlocks:stencil:12, Stencil
OpenBlocks:stencil:13, Stencil
OpenBlocks:stencil:14, Stencil
OpenBlocks:squeegee:0, Squeegee
OpenBlocks:emptyMap, Empty Map
OpenBlocks:cartographer:0, Cartographer
OpenBlocks:tastyClay, Tasty Clay
OpenBlocks:goldenEye, Golden eye
OpenBlocks:genericUnstackable:0, Pointer
OpenBlocks:cursor, Cursor
OpenBlocks:infoBook, World Domination with OpenBlocks
OpenBlocks:devnull, /dev/null
OpenBlocks:spongeonastick, Sponge
OpenBlocks:pedometer, Pedometer
OpenBlocks:epicEraser, Epic Eraser
OpenBlocks:wrench, Big Metal Bar
openprinter:openprinter.paperShreds, Paper Shreds
openprinter:openprinter.printerPaperRoll, Printer Paper Roll
openprinter:openprinter.printerInkColor, Color Ink
openprinter:openprinter.printerInkBlack, Black Ink
openprinter:openprinter.printedPage, Printed Page
openprinter:openprinter.folder, Folder
opensecurity:opensecurity.magCard, Magnetic Strip Card
opensecurity:opensecurity.rfidCard, RFID Card
opensecurity:opensecurity.rfidReaderCard, RFID Reader Card
opensecurity:opensecurity.secureNetworkCard, Secure Network Card
opensecurity:opensecurity.securityDoor, Security Door
opensecurity:opensecurity.securityDoorPrivate, Private Security Door
opensecurity:opensecurity.damageUpgrade, Damage Upgrade
opensecurity:opensecurity.cooldownUpgrade, Cooldown Upgrade
opensecurity:opensecurity.energyUpgrade, Energy Upgrade
opensecurity:opensecurity.movementUpgrade, Movement Upgrade
RandomThings:biomeCapsule, Biome Capsule
RandomThings:biomePainter:0, Biome Painter
RandomThings:whitestone:0, White Stone [Uncharged]
RandomThings:whitestone:1, White Stone [Charged]
RandomThings:magneticForce, Magnetic Force
RandomThings:voidStone, Void Stone
RandomThings:dropFilter:0, Drop Filter
RandomThings:dropFilter:1, Voiding Drop Filter
RandomThings:enderLetter:0, Ender Letter
RandomThings:spectreKey, Spectre Key
RandomThings:opSpectreKey, Op Spectre Key
RandomThings:spectreHelmet, Spectre Helmet
RandomThings:spectreChestplate, Spectre Chestplate
RandomThings:spectreLeggings, Spectre Leggings
RandomThings:spectreBoots, Spectre Boots
RandomThings:spectreSword, Spectre Sword
RandomThings:spiritBinder, Spirit Binder
RandomThings:imbue:0, Flask of Poison
RandomThings:imbue:1, Flask of Experience
RandomThings:imbue:2, Flask of Fire
RandomThings:imbue:3, Flask of Withering
RandomThings:imbue:4, Flask of Weakness
RandomThings:imbue:5, Flask of Spectre
RandomThings:bloodStone, Bloodstone
RandomThings:creativeSword, Creative Sword
RandomThings:creativeGrower, Creative Grower
RandomThings:creativeChestGenerator, Creative Chest Generator
RandomThings:soundRecorder, Sound Recorder
RandomThings:ginto:0, Empty Ginto
RandomThings:ginto:1, Filled Ginto
RandomThings:ingredient:0, Player Core
RandomThings:ingredient:1, Obsidian Stick
RandomThings:ingredient:2, Ender Fragment
RandomThings:ingredient:3, Ectoplasm
RandomThings:ingredient:4, Spectre Iron
RandomThings:ingredient:5, Transformation Core
RandomThings:ingredient:6, Ender Diamond
RandomThings:ingredient:7, Energized Water
RandomThings:filter:0, Block Filter
RandomThings:filter:1, Item Filter
RandomThings:filter:2, Entity Filter
RandomThings:filter:3, Position Filter
waystones:warpScroll, Return Scroll
waystones:warpStone, Warp Stone
Ztones:minicoal, Mini Coal
Ztones:minicharcoal, Mini Charcoal
Ztones:hunger, MSG Pill
Ztones:diamondZane, Diamond Zane
Ztones:splatAxe, Splat Axe
Ztones:terrainEater, Terrain Eater
Ztones:totemTool, Totem Tool
Ztones:ofanix, Ofanix